/*******************************************************************************
 * Size: 29 px
 * Bpp: 4
 * Opts: undefined
 ******************************************************************************/

#ifdef LV_LVGL_H_INCLUDE_SIMPLE
#include "lvgl.h"
#else
#include "lvgl.h"
#endif

#ifndef LV_FONT_ALIMAMA_29
#define LV_FONT_ALIMAMA_29 1
#endif

#if LV_FONT_ALIMAMA_29

/*-----------------
 *    BITMAPS
 *----------------*/

/*Store the image of the glyphs*/
static LV_ATTRIBUTE_LARGE_CONST const uint8_t glyph_bitmap[] = {
    /* U+0020 " " */

    /* U+0021 "!" */
    0x1e, 0xfe, 0xb0, 0x1f, 0xff, 0xf0, 0xf, 0xff,
    0xf0, 0xe, 0xff, 0xd0, 0xc, 0xff, 0xc0, 0xa,
    0xff, 0xb0, 0x9, 0xff, 0xb0, 0x8, 0xff, 0xb0,
    0x7, 0xff, 0xb0, 0x6, 0xff, 0xb0, 0x6, 0xff,
    0xb0, 0x6, 0xff, 0xb0, 0x4, 0xff, 0x80, 0x0,
    0x47, 0x0, 0x0, 0x0, 0x0, 0x0, 0x1, 0x0,
    0x5, 0xff, 0x80, 0xc, 0xff, 0xf1, 0xb, 0xff,
    0xf0, 0x3, 0xdf, 0x80,

    /* U+0022 "\"" */
    0x2, 0xff, 0xd6, 0xff, 0x90, 0x5f, 0xf9, 0xaf,
    0xf4, 0x8, 0xff, 0x2d, 0xfd, 0x0, 0xbf, 0xb0,
    0xff, 0x70, 0xf, 0xf5, 0x4f, 0xf1, 0x5, 0xfb,
    0x9, 0xf7, 0x0, 0x1, 0x0, 0x0, 0x0, 0x0,

    /* U+0023 "#" */
    0x0, 0x0, 0x0, 0x7, 0x73, 0x0, 0x37, 0x72,
    0x0, 0x0, 0x0, 0x0, 0x3, 0xff, 0xc0, 0xa,
    0xff, 0x60, 0x0, 0x0, 0x0, 0x0, 0x6f, 0xf9,
    0x0, 0xcf, 0xf3, 0x0, 0x0, 0x0, 0x0, 0x9,
    0xff, 0x50, 0xf, 0xff, 0x0, 0x0, 0x0, 0x0,
    0x0, 0xcf, 0xf1, 0x2, 0xff, 0xb0, 0x0, 0x0,
    0x9, 0xff, 0xff, 0xff, 0xff, 0xff, 0xff, 0xff,
    0xe0, 0x0, 0x9f, 0xff, 0xff, 0xff, 0xff, 0xff,
    0xff, 0xff, 0x0, 0x2, 0x9a, 0xdf, 0xfc, 0xaa,
    0xff, 0xfa, 0xaa, 0x90, 0x0, 0x0, 0xb, 0xff,
    0x20, 0x1f, 0xfc, 0x0, 0x0, 0x0, 0x0, 0x0,
    0xff, 0xe0, 0x6, 0xff, 0x80, 0x0, 0x0, 0x0,
    0x0, 0x3f, 0xfa, 0x0, 0xaf, 0xf4, 0x0, 0x0,
    0x0, 0x0, 0x8, 0xff, 0x60, 0xe, 0xff, 0x0,
    0x0, 0x0, 0x3f, 0xff, 0xff, 0xff, 0xff, 0xff,
    0xff, 0xff, 0x50, 0x3, 0xff, 0xff, 0xff, 0xff,
    0xff, 0xff, 0xff, 0xf7, 0x0, 0x8, 0xac, 0xff,
    0xdb, 0xbe, 0xff, 0xcb, 0xba, 0x30, 0x0, 0x0,
    0x9f, 0xf7, 0x0, 0xff, 0xf1, 0x0, 0x0, 0x0,
    0x0, 0xd, 0xff, 0x40, 0x4f, 0xfe, 0x0, 0x0,
    0x0, 0x0, 0x2, 0xff, 0xf1, 0x9, 0xff, 0xb0,
    0x0, 0x0, 0x0, 0x0, 0x3f, 0xfb, 0x0, 0xaf,
    0xf6, 0x0, 0x0, 0x0, 0x0,

    /* U+0024 "$" */
    0x0, 0x0, 0x3, 0xff, 0x60, 0x0, 0x0, 0x0,
    0x0, 0x0, 0x7f, 0xf7, 0x0, 0x0, 0x0, 0x0,
    0x0, 0x3a, 0xff, 0xb4, 0x0, 0x0, 0x0, 0x2,
    0xcf, 0xff, 0xff, 0xfe, 0x50, 0x0, 0x1, 0xef,
    0xff, 0xff, 0xff, 0xff, 0x40, 0x0, 0xaf, 0xff,
    0xdf, 0xfd, 0xff, 0xfe, 0x0, 0xf, 0xff, 0x46,
    0xff, 0x72, 0xff, 0xf7, 0x1, 0xff, 0xd0, 0x6f,
    0xf7, 0xa, 0xff, 0xa0, 0xf, 0xfe, 0x6, 0xff,
    0x70, 0x2a, 0xa3, 0x0, 0xdf, 0xf7, 0x7f, 0xf7,
    0x0, 0x0, 0x0, 0x8, 0xff, 0xff, 0xff, 0x90,
    0x0, 0x0, 0x0, 0xc, 0xff, 0xff, 0xff, 0xfc,
    0x60, 0x0, 0x0, 0x8, 0xff, 0xff, 0xff, 0xff,
    0x90, 0x0, 0x0, 0x0, 0x8f, 0xfe, 0xff, 0xff,
    0x40, 0x0, 0x0, 0x6, 0xff, 0x71, 0xaf, 0xfb,
    0x0, 0x30, 0x0, 0x6f, 0xf7, 0x2, 0xff, 0xf0,
    0x1f, 0xc0, 0x6, 0xff, 0x70, 0x3f, 0xff, 0x3,
    0xff, 0xd6, 0x8f, 0xf8, 0x5e, 0xff, 0xd0, 0x2f,
    0xff, 0xff, 0xff, 0xff, 0xff, 0xf7, 0x0, 0x8f,
    0xff, 0xff, 0xff, 0xff, 0xfb, 0x0, 0x0, 0x3a,
    0xef, 0xff, 0xfe, 0xb6, 0x0, 0x0, 0x0, 0x0,
    0x7f, 0xf7, 0x0, 0x0, 0x0, 0x0, 0x0, 0x6,
    0xff, 0x70, 0x0, 0x0, 0x0, 0x0, 0x0, 0x17,
    0x72, 0x0, 0x0, 0x0,

    /* U+0025 "%" */
    0x0, 0x6c, 0xff, 0xd7, 0x0, 0x0, 0x2, 0xef,
    0xf3, 0x0, 0x0, 0xaf, 0xfe, 0xef, 0xfb, 0x0,
    0x0, 0xbf, 0xfd, 0x0, 0x0, 0x4f, 0xf8, 0x0,
    0x7f, 0xf6, 0x0, 0x4f, 0xff, 0x30, 0x0, 0x9,
    0xff, 0x0, 0x0, 0xdf, 0xa0, 0xd, 0xff, 0xa0,
    0x0, 0x0, 0xaf, 0xd0, 0x0, 0xb, 0xfc, 0x6,
    0xff, 0xe1, 0x0, 0x0, 0x8, 0xff, 0x0, 0x0,
    0xef, 0xb1, 0xef, 0xf6, 0x0, 0x0, 0x0, 0x3f,
    0xfb, 0x21, 0x9f, 0xf6, 0x9f, 0xfc, 0x0, 0x0,
    0x0, 0x0, 0x9f, 0xff, 0xff, 0xfb, 0x3f, 0xff,
    0x30, 0x0, 0x0, 0x0, 0x0, 0x5b, 0xee, 0xb6,
    0xc, 0xff, 0xa0, 0x0, 0x0, 0x0, 0x0, 0x0,
    0x0, 0x0, 0x6, 0xff, 0xf1, 0x4b, 0xef, 0xd8,
    0x0, 0x0, 0x0, 0x0, 0x1, 0xef, 0xf7, 0x7f,
    0xff, 0xff, 0xfd, 0x0, 0x0, 0x0, 0x0, 0xaf,
    0xfd, 0x2f, 0xfc, 0x10, 0x6f, 0xf8, 0x0, 0x0,
    0x0, 0x4f, 0xff, 0x47, 0xff, 0x20, 0x0, 0xbf,
    0xd0, 0x0, 0x0, 0xd, 0xff, 0xb0, 0x8f, 0xf0,
    0x0, 0x8, 0xff, 0x0, 0x0, 0x7, 0xff, 0xf2,
    0x6, 0xff, 0x20, 0x0, 0xbf, 0xe0, 0x0, 0x2,
    0xff, 0xf9, 0x0, 0x1f, 0xfc, 0x10, 0x5f, 0xf9,
    0x0, 0x0, 0xbf, 0xfe, 0x10, 0x0, 0x7f, 0xff,
    0xff, 0xfd, 0x10, 0x0, 0x2f, 0xfe, 0x50, 0x0,
    0x0, 0x5c, 0xff, 0xd8, 0x10,

    /* U+0026 "&" */
    0x0, 0x0, 0x1, 0x78, 0x61, 0x0, 0x0, 0x0,
    0x0, 0x0, 0x6f, 0xff, 0xff, 0x40, 0x0, 0x0,
    0x0, 0x4, 0xff, 0xff, 0xff, 0xf2, 0x0, 0x0,
    0x0, 0xc, 0xff, 0x50, 0xaf, 0xf9, 0x0, 0x0,
    0x0, 0xf, 0xfd, 0x0, 0x3f, 0xfc, 0x0, 0x0,
    0x0, 0xf, 0xff, 0x10, 0x4f, 0xfa, 0x0, 0x0,
    0x0, 0x9, 0xff, 0xa2, 0xdf, 0xf4, 0x0, 0x0,
    0x0, 0x1, 0xef, 0xff, 0xff, 0x70, 0x0, 0x0,
    0x0, 0x0, 0x8f, 0xff, 0xe4, 0x0, 0x0, 0x0,
    0x0, 0x8, 0xff, 0xff, 0xd0, 0x0, 0x96, 0x10,
    0x0, 0x8f, 0xfd, 0xcf, 0xfa, 0x5, 0xff, 0xb0,
    0x4, 0xff, 0xd1, 0x2e, 0xff, 0x7b, 0xff, 0x60,
    0xc, 0xff, 0x20, 0x4, 0xff, 0xff, 0xff, 0x0,
    0x1f, 0xfc, 0x0, 0x0, 0x8f, 0xff, 0xf9, 0x0,
    0x3f, 0xfc, 0x0, 0x0, 0xd, 0xff, 0xf2, 0x0,
    0x1f, 0xff, 0x30, 0x2, 0xaf, 0xff, 0xfa, 0x0,
    0xb, 0xff, 0xfd, 0xdf, 0xff, 0xff, 0xff, 0x70,
    0x1, 0xdf, 0xff, 0xff, 0xff, 0x77, 0xff, 0xf4,
    0x0, 0x7, 0xdf, 0xfc, 0x81, 0x0, 0xbf, 0xfa,

    /* U+0027 "'" */
    0x2, 0xff, 0xd0, 0x5f, 0xf8, 0x8, 0xff, 0x20,
    0xcf, 0xb0, 0xf, 0xf4, 0x5, 0xf9, 0x0,

    /* U+0028 "(" */
    0x0, 0x0, 0x0, 0x21, 0x0, 0x0, 0x2, 0xdf,
    0xf1, 0x0, 0x0, 0xbf, 0xf9, 0x0, 0x0, 0x5f,
    0xfe, 0x10, 0x0, 0xd, 0xff, 0x70, 0x0, 0x4,
    0xff, 0xe0, 0x0, 0x0, 0xbf, 0xf8, 0x0, 0x0,
    0x1f, 0xff, 0x20, 0x0, 0x5, 0xff, 0xd0, 0x0,
    0x0, 0xaf, 0xfa, 0x0, 0x0, 0xd, 0xff, 0x70,
    0x0, 0x0, 0xff, 0xf4, 0x0, 0x0, 0x2f, 0xff,
    0x30, 0x0, 0x3, 0xff, 0xf2, 0x0, 0x0, 0x4f,
    0xff, 0x10, 0x0, 0x3, 0xff, 0xf1, 0x0, 0x0,
    0x3f, 0xff, 0x20, 0x0, 0x1, 0xff, 0xf3, 0x0,
    0x0, 0xf, 0xff, 0x40, 0x0, 0x0, 0xdf, 0xf7,
    0x0, 0x0, 0x9, 0xff, 0xa0, 0x0, 0x0, 0x5f,
    0xfe, 0x0, 0x0, 0x0, 0xff, 0xf3, 0x0, 0x0,
    0xa, 0xff, 0x90, 0x0, 0x0, 0x3f, 0xff, 0x10,
    0x0, 0x0, 0xcf, 0xf8, 0x0, 0x0, 0x3, 0xff,
    0xf2, 0x0, 0x0, 0xa, 0xff, 0xb0, 0x0, 0x0,
    0x1b, 0xff, 0x10,

    /* U+0029 ")" */
    0x1, 0x10, 0x0, 0x0, 0x2, 0xff, 0xd1, 0x0,
    0x0, 0xa, 0xff, 0xa0, 0x0, 0x0, 0x1f, 0xff,
    0x30, 0x0, 0x0, 0x8f, 0xfc, 0x0, 0x0, 0x1,
    0xff, 0xf3, 0x0, 0x0, 0x9, 0xff, 0x90, 0x0,
    0x0, 0x3f, 0xfe, 0x0, 0x0, 0x0, 0xef, 0xf4,
    0x0, 0x0, 0xb, 0xff, 0x80, 0x0, 0x0, 0x8f,
    0xfb, 0x0, 0x0, 0x5, 0xff, 0xe0, 0x0, 0x0,
    0x4f, 0xff, 0x0, 0x0, 0x3, 0xff, 0xf1, 0x0,
    0x0, 0x2f, 0xff, 0x20, 0x0, 0x2, 0xff, 0xf2,
    0x0, 0x0, 0x3f, 0xff, 0x10, 0x0, 0x4, 0xff,
    0xf0, 0x0, 0x0, 0x5f, 0xfe, 0x0, 0x0, 0x8,
    0xff, 0xb0, 0x0, 0x0, 0xbf, 0xf7, 0x0, 0x0,
    0xf, 0xff, 0x30, 0x0, 0x4, 0xff, 0xe0, 0x0,
    0x0, 0xaf, 0xf8, 0x0, 0x0, 0x1f, 0xff, 0x20,
    0x0, 0x9, 0xff, 0xa0, 0x0, 0x2, 0xff, 0xf2,
    0x0, 0x0, 0xcf, 0xf8, 0x0, 0x0, 0x2f, 0xfb,
    0x0, 0x0, 0x0,

    /* U+002A "*" */
    0x0, 0x2, 0xff, 0xa0, 0x0, 0x0, 0x23, 0x1f,
    0xfc, 0x4, 0x0, 0xd, 0xf4, 0xef, 0x97, 0xf9,
    0x8, 0xff, 0xff, 0xfe, 0xff, 0xf1, 0x4c, 0xff,
    0xff, 0xff, 0xfa, 0x0, 0x18, 0xff, 0xff, 0xf5,
    0x0, 0x6f, 0xff, 0xff, 0xff, 0xfe, 0x33, 0xff,
    0xde, 0xfc, 0xff, 0xe1, 0xa, 0xa0, 0xff, 0xb3,
    0xe5, 0x0, 0x0, 0x2f, 0xfe, 0x0, 0x0, 0x0,
    0x0, 0x57, 0x50, 0x0, 0x0,

    /* U+002B "+" */
    0x0, 0x0, 0x0, 0x11, 0x0, 0x0, 0x0, 0x0,
    0x0, 0x8, 0xff, 0x20, 0x0, 0x0, 0x0, 0x0,
    0x9, 0xff, 0x50, 0x0, 0x0, 0x0, 0x0, 0x9,
    0xff, 0x50, 0x0, 0x0, 0x0, 0x0, 0x9, 0xff,
    0x50, 0x0, 0x0, 0x0, 0x0, 0x9, 0xff, 0x50,
    0x0, 0x0, 0x9f, 0xff, 0xff, 0xff, 0xff, 0xff,
    0xf5, 0xaf, 0xff, 0xff, 0xff, 0xff, 0xff, 0xf6,
    0x5d, 0xee, 0xef, 0xff, 0xee, 0xee, 0xd3, 0x0,
    0x0, 0x9, 0xff, 0x50, 0x0, 0x0, 0x0, 0x0,
    0x9, 0xff, 0x50, 0x0, 0x0, 0x0, 0x0, 0x9,
    0xff, 0x50, 0x0, 0x0, 0x0, 0x0, 0x9, 0xff,
    0x50, 0x0, 0x0, 0x0, 0x0, 0x7, 0xff, 0x30,
    0x0, 0x0,

    /* U+002C "," */
    0x7, 0xec, 0x20, 0xff, 0xfa, 0x2f, 0xff, 0xb0,
    0xaf, 0xf9, 0x0, 0xcf, 0x40, 0x3f, 0xc0, 0x5e,
    0xa1, 0x0,

    /* U+002D "-" */
    0xaf, 0xff, 0xff, 0xff, 0xff, 0xd0, 0xbf, 0xff,
    0xff, 0xff, 0xff, 0xf0, 0x6f, 0xff, 0xff, 0xff,
    0xff, 0xe0,

    /* U+002E "." */
    0x0, 0x10, 0x0, 0xbf, 0xe3, 0x2f, 0xff, 0xa1,
    0xff, 0xfa, 0x8, 0xfe, 0x30,

    /* U+002F "/" */
    0x0, 0x0, 0x0, 0x1, 0x77, 0x10, 0x0, 0x0,
    0x0, 0xbf, 0xf4, 0x0, 0x0, 0x0, 0xf, 0xff,
    0x10, 0x0, 0x0, 0x4, 0xff, 0xc0, 0x0, 0x0,
    0x0, 0x9f, 0xf8, 0x0, 0x0, 0x0, 0xd, 0xff,
    0x30, 0x0, 0x0, 0x2, 0xff, 0xf0, 0x0, 0x0,
    0x0, 0x6f, 0xfa, 0x0, 0x0, 0x0, 0xb, 0xff,
    0x60, 0x0, 0x0, 0x0, 0xff, 0xf1, 0x0, 0x0,
    0x0, 0x4f, 0xfd, 0x0, 0x0, 0x0, 0x9, 0xff,
    0x80, 0x0, 0x0, 0x0, 0xef, 0xf4, 0x0, 0x0,
    0x0, 0x2f, 0xff, 0x0, 0x0, 0x0, 0x7, 0xff,
    0xa0, 0x0, 0x0, 0x0, 0xcf, 0xf5, 0x0, 0x0,
    0x0, 0x1f, 0xff, 0x10, 0x0, 0x0, 0x6, 0xff,
    0xc0, 0x0, 0x0, 0x0, 0xaf, 0xf7, 0x0, 0x0,
    0x0, 0xf, 0xff, 0x20, 0x0, 0x0, 0x4, 0xff,
    0xd0, 0x0, 0x0, 0x0, 0x9f, 0xf8, 0x0, 0x0,
    0x0, 0xe, 0xff, 0x40, 0x0, 0x0, 0x3, 0xff,
    0xe0, 0x0, 0x0, 0x0, 0x4f, 0xf7, 0x0, 0x0,
    0x0, 0x0,

    /* U+0030 "0" */
    0x0, 0x0, 0x28, 0xdf, 0xfd, 0x81, 0x0, 0x0,
    0x0, 0x7, 0xff, 0xff, 0xff, 0xff, 0x50, 0x0,
    0x0, 0x7f, 0xff, 0xff, 0xff, 0xff, 0xf4, 0x0,
    0x3, 0xff, 0xff, 0xb3, 0x2b, 0xff, 0xfe, 0x0,
    0xa, 0xff, 0xfa, 0x0, 0x0, 0xcf, 0xff, 0x70,
    0xf, 0xff, 0xf1, 0x0, 0x0, 0x2f, 0xff, 0xc0,
    0x4f, 0xff, 0x90, 0x0, 0x0, 0xc, 0xff, 0xf1,
    0x7f, 0xff, 0x50, 0x0, 0x0, 0x7, 0xff, 0xf4,
    0x9f, 0xff, 0x20, 0x0, 0x0, 0x5, 0xff, 0xf6,
    0xaf, 0xff, 0x10, 0x0, 0x0, 0x4, 0xff, 0xf7,
    0xaf, 0xff, 0x10, 0x0, 0x0, 0x3, 0xff, 0xf8,
    0x8f, 0xff, 0x20, 0x0, 0x0, 0x5, 0xff, 0xf6,
    0x7f, 0xff, 0x50, 0x0, 0x0, 0x7, 0xff, 0xf5,
    0x3f, 0xff, 0xa0, 0x0, 0x0, 0xc, 0xff, 0xf2,
    0xf, 0xff, 0xf1, 0x0, 0x0, 0x2f, 0xff, 0xd0,
    0xa, 0xff, 0xfb, 0x0, 0x0, 0xbf, 0xff, 0x80,
    0x2, 0xff, 0xff, 0xc4, 0x4b, 0xff, 0xff, 0x10,
    0x0, 0x7f, 0xff, 0xff, 0xff, 0xff, 0xf5, 0x0,
    0x0, 0x7, 0xff, 0xff, 0xff, 0xff, 0x50, 0x0,
    0x0, 0x0, 0x29, 0xef, 0xfc, 0x81, 0x0, 0x0,

    /* U+0031 "1" */
    0x2, 0xde, 0xc9, 0x10, 0xcf, 0xff, 0xf8, 0x7f,
    0xff, 0xff, 0x86, 0xcf, 0xff, 0xf8, 0x0, 0x9f,
    0xff, 0x80, 0x5, 0xff, 0xf8, 0x0, 0x5f, 0xff,
    0x80, 0x4, 0xff, 0xf8, 0x0, 0x4f, 0xff, 0x80,
    0x4, 0xff, 0xf8, 0x0, 0x4f, 0xff, 0x80, 0x4,
    0xff, 0xf8, 0x0, 0x4f, 0xff, 0x80, 0x4, 0xff,
    0xf8, 0x0, 0x4f, 0xff, 0x80, 0x4, 0xff, 0xf8,
    0x0, 0x4f, 0xff, 0x80, 0x4, 0xff, 0xf8, 0x0,
    0x4f, 0xff, 0x80, 0x3, 0xff, 0xf6,

    /* U+0032 "2" */
    0x0, 0x1, 0x7b, 0xef, 0xfd, 0x82, 0x0, 0x0,
    0x0, 0x8f, 0xff, 0xff, 0xff, 0xff, 0x60, 0x0,
    0x8, 0xff, 0xff, 0xff, 0xff, 0xff, 0xf4, 0x0,
    0xd, 0xff, 0xff, 0xc9, 0xbf, 0xff, 0xfd, 0x0,
    0xd, 0xff, 0xd2, 0x0, 0x5, 0xff, 0xff, 0x20,
    0x9, 0xfe, 0x10, 0x0, 0x0, 0xef, 0xff, 0x40,
    0x2, 0xb3, 0x0, 0x0, 0x0, 0xef, 0xff, 0x30,
    0x0, 0x0, 0x0, 0x0, 0x2, 0xff, 0xff, 0x0,
    0x0, 0x0, 0x0, 0x0, 0xa, 0xff, 0xf9, 0x0,
    0x0, 0x0, 0x0, 0x0, 0x5f, 0xff, 0xf1, 0x0,
    0x0, 0x0, 0x0, 0x3, 0xff, 0xff, 0x50, 0x0,
    0x0, 0x0, 0x0, 0x1e, 0xff, 0xf8, 0x0, 0x0,
    0x0, 0x0, 0x1, 0xdf, 0xff, 0xb0, 0x0, 0x0,
    0x0, 0x0, 0x1c, 0xff, 0xfd, 0x0, 0x0, 0x0,
    0x0, 0x1, 0xdf, 0xff, 0xe1, 0x0, 0x0, 0x0,
    0x0, 0x4e, 0xff, 0xff, 0x40, 0x0, 0x0, 0x0,
    0xb, 0xff, 0xff, 0xfe, 0x99, 0x99, 0xbc, 0xa0,
    0x4f, 0xff, 0xff, 0xff, 0xff, 0xff, 0xff, 0xf5,
    0x3f, 0xff, 0xff, 0xff, 0xff, 0xff, 0xff, 0xf9,
    0x1f, 0xff, 0xff, 0xff, 0xff, 0xff, 0xff, 0xf9,
    0x0, 0x0, 0x0, 0x0, 0x0, 0x0, 0x0, 0x0,

    /* U+0033 "3" */
    0x0, 0x17, 0xce, 0xfe, 0xc7, 0x10, 0x0, 0x6,
    0xff, 0xff, 0xff, 0xff, 0xe4, 0x0, 0x3f, 0xff,
    0xff, 0xff, 0xff, 0xff, 0x20, 0x7f, 0xff, 0xe6,
    0x34, 0xaf, 0xff, 0x90, 0x6f, 0xfb, 0x0, 0x0,
    0xc, 0xff, 0xd0, 0x1c, 0xa0, 0x0, 0x0, 0xa,
    0xff, 0xd0, 0x0, 0x0, 0x0, 0x0, 0x1f, 0xff,
    0xb0, 0x0, 0x0, 0x11, 0x36, 0xef, 0xff, 0x50,
    0x0, 0x5, 0xff, 0xff, 0xff, 0xf9, 0x0, 0x0,
    0x4, 0xff, 0xff, 0xff, 0xf3, 0x0, 0x0, 0x0,
    0xdf, 0xff, 0xff, 0xff, 0x40, 0x0, 0x0, 0x0,
    0x14, 0xaf, 0xff, 0xe0, 0x0, 0x0, 0x0, 0x0,
    0xa, 0xff, 0xf5, 0x0, 0x0, 0x0, 0x0, 0x4,
    0xff, 0xf8, 0x2a, 0x0, 0x0, 0x0, 0x5, 0xff,
    0xf9, 0x8f, 0xc2, 0x0, 0x0, 0x3e, 0xff, 0xf7,
    0xbf, 0xff, 0xc9, 0x9c, 0xff, 0xff, 0xf2, 0xaf,
    0xff, 0xff, 0xff, 0xff, 0xff, 0x80, 0x1c, 0xff,
    0xff, 0xff, 0xff, 0xf9, 0x0, 0x0, 0x49, 0xde,
    0xff, 0xd9, 0x30, 0x0,

    /* U+0034 "4" */
    0x0, 0x0, 0x0, 0x0, 0x7, 0xfb, 0x70, 0x0,
    0x0, 0x0, 0x0, 0x0, 0x0, 0xef, 0xff, 0x80,
    0x0, 0x0, 0x0, 0x0, 0x0, 0x9f, 0xff, 0xf9,
    0x0, 0x0, 0x0, 0x0, 0x0, 0x3f, 0xff, 0xff,
    0x80, 0x0, 0x0, 0x0, 0x0, 0xd, 0xff, 0xff,
    0xf8, 0x0, 0x0, 0x0, 0x0, 0xa, 0xff, 0xef,
    0xff, 0x80, 0x0, 0x0, 0x0, 0x6, 0xff, 0xe5,
    0xff, 0xf8, 0x0, 0x0, 0x0, 0x3, 0xff, 0xf4,
    0x4f, 0xff, 0x80, 0x0, 0x0, 0x1, 0xef, 0xf9,
    0x3, 0xff, 0xf8, 0x0, 0x0, 0x0, 0xbf, 0xfd,
    0x0, 0x3f, 0xff, 0x80, 0x0, 0x0, 0x8f, 0xff,
    0x20, 0x3, 0xff, 0xf8, 0x0, 0x0, 0x4f, 0xff,
    0x60, 0x0, 0x3f, 0xff, 0x80, 0x11, 0x1f, 0xff,
    0xff, 0xff, 0xff, 0xff, 0xff, 0xff, 0x60, 0xef,
    0xff, 0xff, 0xff, 0xff, 0xff, 0xff, 0xf2, 0x8,
    0xff, 0xff, 0xff, 0xff, 0xff, 0xff, 0xfd, 0x0,
    0x9, 0x76, 0x66, 0x66, 0x8f, 0xff, 0xb6, 0x20,
    0x0, 0x0, 0x0, 0x0, 0x3, 0xff, 0xf8, 0x0,
    0x0, 0x0, 0x0, 0x0, 0x0, 0x3f, 0xff, 0x80,
    0x0, 0x0, 0x0, 0x0, 0x0, 0x3, 0xff, 0xf9,
    0x0, 0x0, 0x0, 0x0, 0x0, 0x0, 0x2f, 0xff,
    0x70, 0x0,

    /* U+0035 "5" */
    0x0, 0x0, 0x0, 0x0, 0x1, 0x23, 0x52, 0x0,
    0x4, 0xff, 0xff, 0xff, 0xff, 0xff, 0xff, 0x10,
    0x5, 0xff, 0xff, 0xff, 0xff, 0xff, 0xff, 0x50,
    0x3, 0xff, 0xff, 0xff, 0xff, 0xff, 0xff, 0x90,
    0x0, 0xdf, 0xff, 0xed, 0xdd, 0xdd, 0xdc, 0x60,
    0x0, 0x7f, 0xff, 0x40, 0x0, 0x0, 0x0, 0x0,
    0x0, 0x7f, 0xff, 0x10, 0x0, 0x0, 0x0, 0x0,
    0x0, 0x8f, 0xff, 0x0, 0x0, 0x0, 0x0, 0x0,
    0x0, 0xaf, 0xff, 0xbc, 0xcb, 0x83, 0x0, 0x0,
    0x0, 0xcf, 0xff, 0xff, 0xff, 0xff, 0xa0, 0x0,
    0x0, 0xcf, 0xff, 0xff, 0xff, 0xff, 0xfc, 0x0,
    0x0, 0x0, 0x0, 0x0, 0x25, 0xcf, 0xff, 0x60,
    0x0, 0x0, 0x0, 0x0, 0x0, 0xd, 0xff, 0xc0,
    0x0, 0x0, 0x0, 0x0, 0x0, 0x8, 0xff, 0xf0,
    0x3, 0x10, 0x0, 0x0, 0x0, 0x8, 0xff, 0xf1,
    0xb, 0xb0, 0x0, 0x0, 0x0, 0xd, 0xff, 0xf0,
    0x1f, 0xfc, 0x40, 0x0, 0x1, 0xbf, 0xff, 0xd0,
    0x3f, 0xff, 0xfd, 0xa9, 0xbf, 0xff, 0xff, 0x70,
    0x1f, 0xff, 0xff, 0xff, 0xff, 0xff, 0xfd, 0x0,
    0x5, 0xff, 0xff, 0xff, 0xff, 0xff, 0xc1, 0x0,
    0x0, 0x17, 0xce, 0xff, 0xfe, 0xa5, 0x0, 0x0,

    /* U+0036 "6" */
    0x0, 0x0, 0x0, 0x2, 0x8c, 0xef, 0x90, 0x0,
    0x0, 0x0, 0x1, 0xbf, 0xff, 0xff, 0xf4, 0x0,
    0x0, 0x0, 0x5f, 0xff, 0xff, 0xff, 0xf9, 0x0,
    0x0, 0x6, 0xff, 0xff, 0xfd, 0x97, 0x96, 0x0,
    0x0, 0x4f, 0xff, 0xfb, 0x30, 0x0, 0x0, 0x0,
    0x1, 0xef, 0xff, 0x80, 0x0, 0x0, 0x0, 0x0,
    0x6, 0xff, 0xfa, 0x0, 0x0, 0x0, 0x0, 0x0,
    0xc, 0xff, 0xf8, 0xbe, 0xfe, 0xa4, 0x0, 0x0,
    0xf, 0xff, 0xff, 0xff, 0xff, 0xff, 0xb1, 0x0,
    0x3f, 0xff, 0xff, 0xfc, 0xcf, 0xff, 0xfc, 0x0,
    0x4f, 0xff, 0xfa, 0x10, 0x1, 0xcf, 0xff, 0x70,
    0x5f, 0xff, 0xb0, 0x0, 0x0, 0x1e, 0xff, 0xe0,
    0x5f, 0xff, 0x50, 0x0, 0x0, 0x9, 0xff, 0xf2,
    0x3f, 0xff, 0x40, 0x0, 0x0, 0x6, 0xff, 0xf3,
    0xf, 0xff, 0xa0, 0x0, 0x0, 0x8, 0xff, 0xf2,
    0xa, 0xff, 0xf4, 0x0, 0x0, 0x1e, 0xff, 0xe0,
    0x2, 0xff, 0xff, 0x61, 0x15, 0xdf, 0xff, 0x80,
    0x0, 0x6f, 0xff, 0xff, 0xff, 0xff, 0xfc, 0x0,
    0x0, 0x5, 0xff, 0xff, 0xff, 0xff, 0xa0, 0x0,
    0x0, 0x0, 0x18, 0xce, 0xfd, 0x93, 0x0, 0x0,

    /* U+0037 "7" */
    0x2f, 0xff, 0xff, 0xff, 0xff, 0xff, 0xf8, 0x3,
    0xff, 0xff, 0xff, 0xff, 0xff, 0xff, 0xf0, 0xe,
    0xff, 0xff, 0xff, 0xff, 0xff, 0xff, 0x40, 0x6e,
    0xcb, 0xbb, 0xbb, 0xff, 0xff, 0xc1, 0x0, 0x0,
    0x0, 0x0, 0x3f, 0xff, 0xc0, 0x0, 0x0, 0x0,
    0x0, 0x9, 0xff, 0xf4, 0x0, 0x0, 0x0, 0x0,
    0x0, 0xff, 0xfd, 0x0, 0x0, 0x0, 0x0, 0x0,
    0x6f, 0xff, 0x60, 0x0, 0x0, 0x0, 0x0, 0xc,
    0xff, 0xf0, 0x0, 0x0, 0x0, 0x0, 0x1, 0xff,
    0xfa, 0x0, 0x0, 0x0, 0x0, 0x0, 0x6f, 0xff,
    0x50, 0x0, 0x0, 0x0, 0x0, 0xc, 0xff, 0xf0,
    0x0, 0x0, 0x0, 0x0, 0x1, 0xff, 0xfd, 0x0,
    0x0, 0x0, 0x0, 0x0, 0x5f, 0xff, 0x90, 0x0,
    0x0, 0x0, 0x0, 0x9, 0xff, 0xf6, 0x0, 0x0,
    0x0, 0x0, 0x0, 0xdf, 0xff, 0x40, 0x0, 0x0,
    0x0, 0x0, 0x1f, 0xff, 0xf3, 0x0, 0x0, 0x0,
    0x0, 0x4, 0xff, 0xff, 0x10, 0x0, 0x0, 0x0,
    0x0, 0x7f, 0xff, 0xf0, 0x0, 0x0, 0x0, 0x0,
    0x7, 0xff, 0xfe, 0x0, 0x0, 0x0,

    /* U+0038 "8" */
    0x0, 0x0, 0x5a, 0xdf, 0xfe, 0xc8, 0x10, 0x0,
    0x0, 0x3d, 0xff, 0xff, 0xff, 0xff, 0xf7, 0x0,
    0x1, 0xff, 0xff, 0xfe, 0xdf, 0xff, 0xff, 0x60,
    0x9, 0xff, 0xfb, 0x20, 0x0, 0x7f, 0xff, 0xe0,
    0xc, 0xff, 0xf0, 0x0, 0x0, 0xb, 0xff, 0xf2,
    0xc, 0xff, 0xf0, 0x0, 0x0, 0xa, 0xff, 0xf2,
    0x8, 0xff, 0xfa, 0x10, 0x0, 0x5f, 0xff, 0xe0,
    0x1, 0xdf, 0xff, 0xff, 0xff, 0xff, 0xff, 0x50,
    0x0, 0x19, 0xff, 0xff, 0xff, 0xff, 0xf9, 0x0,
    0x0, 0x19, 0xff, 0xff, 0xff, 0xff, 0xd2, 0x0,
    0x2, 0xef, 0xff, 0xff, 0xff, 0xff, 0xff, 0x40,
    0xc, 0xff, 0xfb, 0x30, 0x14, 0xaf, 0xff, 0xf2,
    0x4f, 0xff, 0xb0, 0x0, 0x0, 0x6, 0xff, 0xf9,
    0x6f, 0xff, 0x40, 0x0, 0x0, 0x0, 0xef, 0xfd,
    0x7f, 0xff, 0x40, 0x0, 0x0, 0x0, 0xef, 0xfe,
    0x4f, 0xff, 0xc0, 0x0, 0x0, 0x7, 0xff, 0xfc,
    0xf, 0xff, 0xfe, 0x97, 0x68, 0xcf, 0xff, 0xf7,
    0x7, 0xff, 0xff, 0xff, 0xff, 0xff, 0xff, 0xd0,
    0x0, 0x7f, 0xff, 0xff, 0xff, 0xff, 0xfc, 0x10,
    0x0, 0x1, 0x7b, 0xef, 0xfe, 0xd9, 0x40, 0x0,

    /* U+0039 "9" */
    0x0, 0x0, 0x4a, 0xdf, 0xec, 0x60, 0x0, 0x0,
    0x0, 0x1b, 0xff, 0xff, 0xff, 0xfe, 0x30, 0x0,
    0x1, 0xdf, 0xff, 0xff, 0xff, 0xff, 0xf3, 0x0,
    0xa, 0xff, 0xfd, 0x41, 0x29, 0xff, 0xfe, 0x10,
    0x1f, 0xff, 0xd0, 0x0, 0x0, 0x6f, 0xff, 0x70,
    0x5f, 0xff, 0x60, 0x0, 0x0, 0xc, 0xff, 0xd0,
    0x6f, 0xff, 0x40, 0x0, 0x0, 0x7, 0xff, 0xf0,
    0x4f, 0xff, 0x60, 0x0, 0x0, 0x7, 0xff, 0xf2,
    0x1f, 0xff, 0xc0, 0x0, 0x0, 0xd, 0xff, 0xf2,
    0xa, 0xff, 0xfa, 0x10, 0x1, 0xbf, 0xff, 0xf1,
    0x1, 0xef, 0xff, 0xfc, 0xcf, 0xff, 0xff, 0xf0,
    0x0, 0x2d, 0xff, 0xff, 0xff, 0xff, 0xff, 0xd0,
    0x0, 0x0, 0x6b, 0xef, 0xea, 0x9f, 0xff, 0x80,
    0x0, 0x0, 0x0, 0x0, 0x0, 0xcf, 0xff, 0x20,
    0x0, 0x0, 0x0, 0x0, 0xa, 0xff, 0xfb, 0x0,
    0x0, 0x0, 0x0, 0x4, 0xdf, 0xff, 0xf2, 0x0,
    0x0, 0x78, 0x79, 0xdf, 0xff, 0xff, 0x40, 0x0,
    0x0, 0xbf, 0xff, 0xff, 0xff, 0xe4, 0x0, 0x0,
    0x0, 0x6f, 0xff, 0xff, 0xfa, 0x10, 0x0, 0x0,
    0x0, 0xc, 0xfe, 0xc8, 0x20, 0x0, 0x0, 0x0,

    /* U+003A ":" */
    0x7, 0xec, 0x20, 0xff, 0xfa, 0x2f, 0xff, 0xa0,
    0xbf, 0xf5, 0x0, 0x21, 0x0, 0x0, 0x0, 0x0,
    0x0, 0x0, 0x0, 0x0, 0x0, 0x10, 0x0, 0xbf,
    0xe3, 0x2f, 0xff, 0xa1, 0xff, 0xfa, 0x8, 0xfe,
    0x30,

    /* U+003B ";" */
    0x0, 0x10, 0x0, 0xaf, 0xe3, 0x1f, 0xff, 0xa1,
    0xff, 0xfa, 0x8, 0xfe, 0x30, 0x0, 0x0, 0x0,
    0x0, 0x0, 0x0, 0x0, 0x0, 0x0, 0x0, 0x16,
    0x30, 0xe, 0xff, 0x62, 0xff, 0xfb, 0xf, 0xff,
    0xa0, 0x3e, 0xf7, 0x0, 0xdf, 0x11, 0xaf, 0x60,
    0x37, 0x30, 0x0,

    /* U+003C "<" */
    0x0, 0x0, 0x0, 0x0, 0x0, 0x1, 0x10, 0x0,
    0x0, 0x0, 0x0, 0x1, 0x9f, 0xc0, 0x0, 0x0,
    0x0, 0x2, 0xaf, 0xff, 0xf0, 0x0, 0x0, 0x3,
    0xaf, 0xff, 0xff, 0xb0, 0x0, 0x4, 0xcf, 0xff,
    0xff, 0xc5, 0x0, 0x5, 0xdf, 0xff, 0xff, 0xb3,
    0x0, 0x0, 0x8f, 0xff, 0xff, 0x92, 0x0, 0x0,
    0x0, 0xaf, 0xff, 0xf7, 0x0, 0x0, 0x0, 0x0,
    0x5f, 0xff, 0xff, 0xe7, 0x0, 0x0, 0x0, 0x1,
    0x8e, 0xff, 0xff, 0xf8, 0x10, 0x0, 0x0, 0x0,
    0x7e, 0xff, 0xff, 0xfa, 0x20, 0x0, 0x0, 0x0,
    0x6d, 0xff, 0xff, 0xe0, 0x0, 0x0, 0x0, 0x0,
    0x5c, 0xff, 0xe0, 0x0, 0x0, 0x0, 0x0, 0x0,
    0x4b, 0xb0,

    /* U+003D "=" */
    0x9f, 0xff, 0xff, 0xff, 0xff, 0xff, 0xf4, 0xaf,
    0xff, 0xff, 0xff, 0xff, 0xff, 0xf6, 0x5e, 0xff,
    0xff, 0xff, 0xff, 0xff, 0xf4, 0x0, 0x0, 0x0,
    0x0, 0x0, 0x0, 0x0, 0x0, 0x0, 0x0, 0x0,
    0x0, 0x0, 0x0, 0x0, 0x0, 0x0, 0x0, 0x0,
    0x0, 0x0, 0x9f, 0xff, 0xff, 0xff, 0xff, 0xff,
    0xf4, 0xaf, 0xff, 0xff, 0xff, 0xff, 0xff, 0xf6,
    0x6f, 0xff, 0xff, 0xff, 0xff, 0xff, 0xf4,

    /* U+003E ">" */
    0x1, 0x0, 0x0, 0x0, 0x0, 0x0, 0x8, 0xfb,
    0x30, 0x0, 0x0, 0x0, 0x0, 0xbf, 0xff, 0xc4,
    0x0, 0x0, 0x0, 0x7, 0xff, 0xff, 0xfc, 0x50,
    0x0, 0x0, 0x3, 0xaf, 0xff, 0xff, 0xd6, 0x0,
    0x0, 0x0, 0x29, 0xff, 0xff, 0xfe, 0x70, 0x0,
    0x0, 0x1, 0x7e, 0xff, 0xff, 0xc0, 0x0, 0x0,
    0x0, 0x4f, 0xff, 0xfe, 0x0, 0x0, 0x5, 0xcf,
    0xff, 0xff, 0x80, 0x0, 0x6e, 0xff, 0xff, 0xfa,
    0x20, 0x8, 0xff, 0xff, 0xff, 0x91, 0x0, 0x9,
    0xff, 0xff, 0xe8, 0x10, 0x0, 0x0, 0xaf, 0xfe,
    0x70, 0x0, 0x0, 0x0, 0x7, 0xd6, 0x0, 0x0,
    0x0, 0x0, 0x0,

    /* U+003F "?" */
    0x0, 0x5b, 0xef, 0xe9, 0x10, 0x0, 0xbf, 0xff,
    0xff, 0xfe, 0x20, 0x8f, 0xff, 0xff, 0xff, 0xfb,
    0xb, 0xfd, 0x52, 0x4b, 0xff, 0xf1, 0x7e, 0x10,
    0x0, 0xf, 0xff, 0x20, 0x30, 0x0, 0x0, 0xff,
    0xf0, 0x0, 0x0, 0x0, 0x7f, 0xfb, 0x0, 0x0,
    0x0, 0x6f, 0xff, 0x20, 0x0, 0x0, 0x6f, 0xff,
    0x50, 0x0, 0x0, 0x1f, 0xff, 0x40, 0x0, 0x0,
    0x8, 0xff, 0x80, 0x0, 0x0, 0x0, 0xaf, 0xf6,
    0x0, 0x0, 0x0, 0x7, 0xff, 0x30, 0x0, 0x0,
    0x0, 0x3, 0x30, 0x0, 0x0, 0x0, 0x0, 0x0,
    0x0, 0x0, 0x0, 0x0, 0x1, 0x0, 0x0, 0x0,
    0x0, 0x9, 0xff, 0x50, 0x0, 0x0, 0x0, 0xff,
    0xfc, 0x0, 0x0, 0x0, 0xf, 0xff, 0xc0, 0x0,
    0x0, 0x0, 0x6e, 0xf4, 0x0, 0x0,

    /* U+0040 "@" */
    0x0, 0x0, 0x0, 0x3a, 0xdf, 0xfe, 0xa4, 0x0,
    0x0, 0x0, 0x0, 0x1, 0xbf, 0xff, 0xff, 0xff,
    0xfb, 0x10, 0x0, 0x0, 0x1, 0xdf, 0xff, 0xfd,
    0xbd, 0xff, 0xfe, 0x20, 0x0, 0x0, 0xdf, 0xff,
    0x81, 0x0, 0x2, 0xaf, 0xfc, 0x0, 0x0, 0x9f,
    0xfe, 0x20, 0x0, 0x0, 0x0, 0xaf, 0xf7, 0x0,
    0x3f, 0xff, 0x20, 0x6d, 0xfe, 0x9c, 0xc6, 0xef,
    0xe0, 0xa, 0xff, 0x70, 0xaf, 0xff, 0xff, 0xff,
    0x99, 0xff, 0x30, 0xff, 0xf1, 0x7f, 0xf9, 0x37,
    0xff, 0xf4, 0x6f, 0xf6, 0x2f, 0xfb, 0xe, 0xf9,
    0x0, 0xd, 0xfe, 0x5, 0xff, 0x63, 0xff, 0x92,
    0xff, 0x20, 0x0, 0xcf, 0x90, 0x7f, 0xf4, 0x3f,
    0xf9, 0x3f, 0xf2, 0x0, 0x2f, 0xf6, 0xb, 0xff,
    0x1, 0xff, 0xc1, 0xff, 0x90, 0x4e, 0xff, 0x66,
    0xff, 0x90, 0xe, 0xff, 0x29, 0xff, 0xff, 0xff,
    0xff, 0xff, 0xe1, 0x0, 0x9f, 0xfa, 0x9, 0xff,
    0xfe, 0xaf, 0xff, 0xe3, 0x0, 0x1, 0xff, 0xf9,
    0x1, 0x32, 0x0, 0x48, 0x50, 0x0, 0x0, 0x6,
    0xff, 0xfe, 0x73, 0x12, 0x46, 0x10, 0x0, 0x0,
    0x0, 0x7, 0xff, 0xff, 0xff, 0xff, 0xfc, 0x0,
    0x0, 0x0, 0x0, 0x5, 0xef, 0xff, 0xff, 0xff,
    0xf5, 0x0, 0x0, 0x0, 0x0, 0x0, 0x7b, 0xdf,
    0xff, 0xda, 0x20, 0x0, 0x0,

    /* U+0041 "A" */
    0x0, 0x0, 0x0, 0x0, 0x0, 0x3f, 0xda, 0x30,
    0x0, 0x0, 0x0, 0x0, 0x0, 0x0, 0x0, 0x6,
    0xdf, 0xff, 0xd0, 0x0, 0x0, 0x0, 0x0, 0x0,
    0x0, 0x0, 0x3f, 0xff, 0xff, 0xf1, 0x0, 0x0,
    0x0, 0x0, 0x0, 0x0, 0x0, 0x9f, 0xff, 0xff,
    0xf5, 0x0, 0x0, 0x0, 0x0, 0x0, 0x0, 0x0,
    0xef, 0xff, 0xff, 0xfa, 0x0, 0x0, 0x0, 0x0,
    0x0, 0x0, 0x4, 0xff, 0xfa, 0xaf, 0xff, 0x0,
    0x0, 0x0, 0x0, 0x0, 0x0, 0x9, 0xff, 0xf5,
    0x4f, 0xff, 0x40, 0x0, 0x0, 0x0, 0x0, 0x0,
    0xe, 0xff, 0xe0, 0xf, 0xff, 0x90, 0x0, 0x0,
    0x0, 0x0, 0x0, 0x5f, 0xff, 0x90, 0xa, 0xff,
    0xe0, 0x0, 0x0, 0x0, 0x0, 0x0, 0xbf, 0xff,
    0x30, 0x4, 0xff, 0xf4, 0x0, 0x0, 0x0, 0x0,
    0x1, 0xff, 0xff, 0xff, 0xff, 0xff, 0xfa, 0x0,
    0x0, 0x0, 0x0, 0x7, 0xff, 0xff, 0xff, 0xff,
    0xff, 0xff, 0x10, 0x0, 0x0, 0x0, 0xe, 0xff,
    0xff, 0xff, 0xff, 0xff, 0xff, 0x70, 0x0, 0x0,
    0x0, 0x6f, 0xff, 0xd9, 0x88, 0x88, 0x8f, 0xff,
    0xd0, 0x0, 0x0, 0x0, 0xdf, 0xff, 0x40, 0x0,
    0x0, 0xc, 0xff, 0xf3, 0x0, 0x0, 0x7, 0xff,
    0xfd, 0x0, 0x0, 0x0, 0x8, 0xff, 0xfa, 0x0,
    0x2, 0x6f, 0xff, 0xf5, 0x0, 0x0, 0x0, 0x3,
    0xff, 0xff, 0x10, 0xf, 0xff, 0xff, 0xd0, 0x0,
    0x0, 0x0, 0x0, 0xff, 0xff, 0x70, 0x9, 0xff,
    0xff, 0x30, 0x0, 0x0, 0x0, 0x0, 0xbf, 0xff,
    0xe0, 0x0, 0xaf, 0xe5, 0x0, 0x0, 0x0, 0x0,
    0x0, 0x5f, 0xff, 0xe2,

    /* U+0042 "B" */
    0xe, 0xeb, 0x62, 0x9e, 0xfe, 0xc6, 0x0, 0x0,
    0x1f, 0xff, 0xff, 0xff, 0xff, 0xff, 0xc0, 0x0,
    0xf, 0xff, 0xff, 0xfc, 0xcf, 0xff, 0xf9, 0x0,
    0xd, 0xff, 0xf7, 0x0, 0x1, 0xaf, 0xff, 0x0,
    0xc, 0xff, 0xf2, 0x0, 0x0, 0x1f, 0xff, 0x20,
    0xb, 0xff, 0xf2, 0x0, 0x0, 0x1f, 0xff, 0x20,
    0xb, 0xff, 0xf2, 0x0, 0x0, 0x7f, 0xfe, 0x0,
    0xa, 0xff, 0xf3, 0x12, 0x4a, 0xff, 0xf5, 0x0,
    0xa, 0xff, 0xff, 0xff, 0xff, 0xff, 0x80, 0x0,
    0xa, 0xff, 0xff, 0xff, 0xff, 0xff, 0x60, 0x0,
    0xa, 0xff, 0xff, 0xff, 0xff, 0xff, 0xfa, 0x0,
    0xa, 0xff, 0xf2, 0x0, 0x15, 0xdf, 0xff, 0x80,
    0xa, 0xff, 0xf2, 0x0, 0x0, 0xc, 0xff, 0xf0,
    0xa, 0xff, 0xf2, 0x0, 0x0, 0x5, 0xff, 0xf4,
    0xa, 0xff, 0xf2, 0x0, 0x0, 0x4, 0xff, 0xf6,
    0xa, 0xff, 0xf2, 0x0, 0x0, 0xa, 0xff, 0xf5,
    0xa, 0xff, 0xf7, 0x43, 0x45, 0xbf, 0xff, 0xf1,
    0xb, 0xff, 0xff, 0xff, 0xff, 0xff, 0xff, 0x90,
    0xd, 0xff, 0xff, 0xff, 0xff, 0xff, 0xfb, 0x0,
    0xd, 0xff, 0xff, 0xff, 0xff, 0xda, 0x40, 0x0,

    /* U+0043 "C" */
    0x0, 0x0, 0x0, 0x6b, 0xef, 0xfd, 0xa5, 0x0,
    0x0, 0x0, 0x0, 0x6, 0xff, 0xff, 0xff, 0xff,
    0xfd, 0x30, 0x0, 0x0, 0xa, 0xff, 0xff, 0xff,
    0xff, 0xff, 0xff, 0x60, 0x0, 0x9, 0xff, 0xff,
    0xfd, 0xaa, 0xdf, 0xff, 0xff, 0x40, 0x5, 0xff,
    0xff, 0xe4, 0x0, 0x0, 0x5f, 0xff, 0xfd, 0x0,
    0xdf, 0xff, 0xe1, 0x0, 0x0, 0x0, 0x8f, 0xff,
    0xf4, 0x4f, 0xff, 0xf5, 0x0, 0x0, 0x0, 0x1,
    0xee, 0xb7, 0x8, 0xff, 0xfe, 0x0, 0x0, 0x0,
    0x0, 0x0, 0x0, 0x0, 0xaf, 0xff, 0xa0, 0x0,
    0x0, 0x0, 0x0, 0x0, 0x0, 0xb, 0xff, 0xf8,
    0x0, 0x0, 0x0, 0x0, 0x0, 0x0, 0x0, 0xbf,
    0xff, 0x70, 0x0, 0x0, 0x0, 0x0, 0x0, 0x0,
    0xa, 0xff, 0xf9, 0x0, 0x0, 0x0, 0x0, 0x0,
    0x0, 0x0, 0x7f, 0xff, 0xc0, 0x0, 0x0, 0x0,
    0x0, 0x2, 0xc1, 0x2, 0xff, 0xff, 0x30, 0x0,
    0x0, 0x0, 0x0, 0xbf, 0xc0, 0xc, 0xff, 0xfd,
    0x0, 0x0, 0x0, 0x0, 0x7f, 0xff, 0x20, 0x4f,
    0xff, 0xfd, 0x30, 0x0, 0x1, 0x9f, 0xff, 0xf2,
    0x0, 0x9f, 0xff, 0xff, 0xda, 0xac, 0xff, 0xff,
    0xfc, 0x0, 0x0, 0xaf, 0xff, 0xff, 0xff, 0xff,
    0xff, 0xfd, 0x10, 0x0, 0x0, 0x7f, 0xff, 0xff,
    0xff, 0xff, 0xfb, 0x10, 0x0, 0x0, 0x0, 0x17,
    0xbe, 0xff, 0xdc, 0x73, 0x0, 0x0,

    /* U+0044 "D" */
    0xe, 0xda, 0x41, 0x8d, 0xff, 0xda, 0x40, 0x0,
    0x0, 0x1f, 0xff, 0xff, 0xff, 0xff, 0xff, 0xfd,
    0x30, 0x0, 0xf, 0xff, 0xff, 0xff, 0xff, 0xff,
    0xff, 0xf4, 0x0, 0xd, 0xff, 0xff, 0xeb, 0x9b,
    0xef, 0xff, 0xfe, 0x20, 0xc, 0xff, 0xf7, 0x0,
    0x0, 0x5, 0xef, 0xff, 0xa0, 0xb, 0xff, 0xf2,
    0x0, 0x0, 0x0, 0x3f, 0xff, 0xf1, 0xb, 0xff,
    0xf2, 0x0, 0x0, 0x0, 0x8, 0xff, 0xf6, 0xa,
    0xff, 0xf2, 0x0, 0x0, 0x0, 0x2, 0xff, 0xfa,
    0xa, 0xff, 0xf2, 0x0, 0x0, 0x0, 0x0, 0xef,
    0xfc, 0xa, 0xff, 0xf2, 0x0, 0x0, 0x0, 0x0,
    0xcf, 0xfd, 0xa, 0xff, 0xf2, 0x0, 0x0, 0x0,
    0x0, 0xcf, 0xfe, 0xa, 0xff, 0xf2, 0x0, 0x0,
    0x0, 0x0, 0xef, 0xfc, 0xa, 0xff, 0xf2, 0x0,
    0x0, 0x0, 0x3, 0xff, 0xfa, 0xa, 0xff, 0xf2,
    0x0, 0x0, 0x0, 0xa, 0xff, 0xf5, 0xa, 0xff,
    0xf2, 0x0, 0x0, 0x0, 0x7f, 0xff, 0xe0, 0xa,
    0xff, 0xf2, 0x0, 0x0, 0x19, 0xff, 0xff, 0x50,
    0xa, 0xff, 0xfd, 0xa9, 0x9c, 0xff, 0xff, 0xfa,
    0x0, 0xb, 0xff, 0xff, 0xff, 0xff, 0xff, 0xff,
    0xb0, 0x0, 0xd, 0xff, 0xff, 0xff, 0xff, 0xff,
    0xf9, 0x0, 0x0, 0xd, 0xff, 0xff, 0xff, 0xff,
    0xd9, 0x30, 0x0, 0x0,

    /* U+0045 "E" */
    0xe, 0xff, 0xff, 0xff, 0xff, 0xff, 0xa0, 0x1f,
    0xff, 0xff, 0xff, 0xff, 0xff, 0xf1, 0xf, 0xff,
    0xff, 0xff, 0xff, 0xff, 0xf4, 0xd, 0xff, 0xf9,
    0x88, 0x88, 0x88, 0x81, 0xc, 0xff, 0xf2, 0x0,
    0x0, 0x0, 0x0, 0xb, 0xff, 0xf2, 0x0, 0x0,
    0x0, 0x0, 0xb, 0xff, 0xf2, 0x0, 0x0, 0x0,
    0x0, 0xa, 0xff, 0xf2, 0x0, 0x0, 0x0, 0x0,
    0xa, 0xff, 0xff, 0xff, 0xff, 0xf9, 0x0, 0xa,
    0xff, 0xff, 0xff, 0xff, 0xff, 0x0, 0xa, 0xff,
    0xff, 0xff, 0xff, 0xff, 0x30, 0xa, 0xff, 0xfa,
    0x99, 0x99, 0x98, 0x10, 0xa, 0xff, 0xf2, 0x0,
    0x0, 0x0, 0x0, 0xa, 0xff, 0xf2, 0x0, 0x0,
    0x0, 0x0, 0xa, 0xff, 0xf2, 0x0, 0x0, 0x0,
    0x0, 0xa, 0xff, 0xf2, 0x0, 0x0, 0x0, 0x0,
    0xa, 0xff, 0xf9, 0x88, 0x88, 0x88, 0x30, 0xb,
    0xff, 0xff, 0xff, 0xff, 0xff, 0xe0, 0xd, 0xff,
    0xff, 0xff, 0xff, 0xff, 0xf3, 0xd, 0xff, 0xff,
    0xff, 0xff, 0xff, 0xf3,

    /* U+0046 "F" */
    0xe, 0xff, 0xff, 0xff, 0xff, 0xff, 0xa0, 0x1f,
    0xff, 0xff, 0xff, 0xff, 0xff, 0xf1, 0xf, 0xff,
    0xff, 0xff, 0xff, 0xff, 0xf4, 0xd, 0xff, 0xf9,
    0x88, 0x88, 0x88, 0x81, 0xc, 0xff, 0xf2, 0x0,
    0x0, 0x0, 0x0, 0xb, 0xff, 0xf2, 0x0, 0x0,
    0x0, 0x0, 0xb, 0xff, 0xf2, 0x0, 0x0, 0x0,
    0x0, 0xa, 0xff, 0xf2, 0x0, 0x0, 0x0, 0x0,
    0xa, 0xff, 0xfa, 0x99, 0x99, 0x93, 0x0, 0xa,
    0xff, 0xff, 0xff, 0xff, 0xfe, 0x0, 0xa, 0xff,
    0xff, 0xff, 0xff, 0xff, 0x20, 0xa, 0xff, 0xff,
    0xff, 0xff, 0xff, 0x30, 0xa, 0xff, 0xf2, 0x0,
    0x0, 0x0, 0x0, 0xa, 0xff, 0xf2, 0x0, 0x0,
    0x0, 0x0, 0xa, 0xff, 0xf2, 0x0, 0x0, 0x0,
    0x0, 0xa, 0xff, 0xf2, 0x0, 0x0, 0x0, 0x0,
    0xa, 0xff, 0xf2, 0x0, 0x0, 0x0, 0x0, 0xa,
    0xff, 0xf2, 0x0, 0x0, 0x0, 0x0, 0xa, 0xff,
    0xf2, 0x0, 0x0, 0x0, 0x0, 0x8, 0xff, 0xe1,
    0x0, 0x0, 0x0, 0x0,

    /* U+0047 "G" */
    0x0, 0x0, 0x0, 0x6b, 0xef, 0xfd, 0xa5, 0x0,
    0x0, 0x0, 0x0, 0x6, 0xff, 0xff, 0xff, 0xff,
    0xfd, 0x30, 0x0, 0x0, 0xa, 0xff, 0xff, 0xff,
    0xff, 0xff, 0xff, 0x50, 0x0, 0x9, 0xff, 0xff,
    0xfd, 0xaa, 0xdf, 0xff, 0xff, 0x30, 0x5, 0xff,
    0xff, 0xe4, 0x0, 0x0, 0x5f, 0xff, 0xfd, 0x0,
    0xdf, 0xff, 0xe1, 0x0, 0x0, 0x0, 0x8f, 0xff,
    0xf4, 0x4f, 0xff, 0xf5, 0x0, 0x0, 0x0, 0x1,
    0xef, 0xc8, 0x18, 0xff, 0xfe, 0x0, 0x0, 0x0,
    0x0, 0x0, 0x0, 0x0, 0xaf, 0xff, 0xa0, 0x0,
    0x0, 0x0, 0x0, 0x0, 0x0, 0xb, 0xff, 0xf8,
    0x0, 0x0, 0x27, 0x65, 0x55, 0x55, 0x50, 0xbf,
    0xff, 0x70, 0x0, 0x6, 0xff, 0xff, 0xff, 0xff,
    0xaa, 0xff, 0xf9, 0x0, 0x0, 0x2f, 0xff, 0xff,
    0xff, 0xfd, 0x7f, 0xff, 0xc0, 0x0, 0x0, 0xbf,
    0xff, 0xff, 0xff, 0xd2, 0xff, 0xff, 0x30, 0x0,
    0x0, 0x0, 0x2, 0xff, 0xfd, 0xc, 0xff, 0xfd,
    0x0, 0x0, 0x0, 0x0, 0x5f, 0xff, 0xa0, 0x4f,
    0xff, 0xfd, 0x30, 0x0, 0x1, 0x8f, 0xff, 0xf5,
    0x0, 0x9f, 0xff, 0xff, 0xda, 0xac, 0xff, 0xff,
    0xfc, 0x0, 0x0, 0xaf, 0xff, 0xff, 0xff, 0xff,
    0xff, 0xfd, 0x10, 0x0, 0x0, 0x7f, 0xff, 0xff,
    0xff, 0xff, 0xfb, 0x10, 0x0, 0x0, 0x0, 0x17,
    0xbe, 0xff, 0xec, 0x83, 0x0, 0x0,

    /* U+0048 "H" */
    0xe, 0xda, 0x40, 0x0, 0x0, 0x0, 0x9e, 0xb6,
    0x1, 0xff, 0xff, 0x10, 0x0, 0x0, 0xb, 0xff,
    0xf7, 0xf, 0xff, 0xf2, 0x0, 0x0, 0x0, 0x9f,
    0xff, 0x70, 0xdf, 0xff, 0x20, 0x0, 0x0, 0x7,
    0xff, 0xf7, 0xc, 0xff, 0xf2, 0x0, 0x0, 0x0,
    0x6f, 0xff, 0x70, 0xbf, 0xff, 0x20, 0x0, 0x0,
    0x5, 0xff, 0xf7, 0xb, 0xff, 0xf2, 0x0, 0x0,
    0x0, 0x5f, 0xff, 0x70, 0xaf, 0xff, 0x20, 0x0,
    0x0, 0x5, 0xff, 0xf7, 0xa, 0xff, 0xff, 0xff,
    0xff, 0xff, 0xff, 0xff, 0x70, 0xaf, 0xff, 0xff,
    0xff, 0xff, 0xff, 0xff, 0xf7, 0xa, 0xff, 0xff,
    0xff, 0xff, 0xff, 0xff, 0xff, 0x70, 0xaf, 0xff,
    0xa8, 0x88, 0x88, 0x8a, 0xff, 0xf7, 0xa, 0xff,
    0xf2, 0x0, 0x0, 0x0, 0x4f, 0xff, 0x70, 0xaf,
    0xff, 0x20, 0x0, 0x0, 0x4, 0xff, 0xf7, 0xa,
    0xff, 0xf2, 0x0, 0x0, 0x0, 0x4f, 0xff, 0x70,
    0xaf, 0xff, 0x20, 0x0, 0x0, 0x4, 0xff, 0xf7,
    0xa, 0xff, 0xf2, 0x0, 0x0, 0x0, 0x4f, 0xff,
    0x70, 0xaf, 0xff, 0x20, 0x0, 0x0, 0x4, 0xff,
    0xf7, 0xa, 0xff, 0xf2, 0x0, 0x0, 0x0, 0x5f,
    0xff, 0x70, 0x8f, 0xfe, 0x10, 0x0, 0x0, 0x3,
    0xff, 0xf6,

    /* U+0049 "I" */
    0xe, 0xda, 0x40, 0x1f, 0xff, 0xf1, 0xf, 0xff,
    0xf2, 0xd, 0xff, 0xf2, 0xc, 0xff, 0xf2, 0xb,
    0xff, 0xf2, 0xb, 0xff, 0xf2, 0xa, 0xff, 0xf2,
    0xa, 0xff, 0xf2, 0xa, 0xff, 0xf2, 0xa, 0xff,
    0xf2, 0xa, 0xff, 0xf2, 0xa, 0xff, 0xf2, 0xa,
    0xff, 0xf2, 0xa, 0xff, 0xf2, 0xa, 0xff, 0xf2,
    0xa, 0xff, 0xf2, 0xa, 0xff, 0xf2, 0xa, 0xff,
    0xf2, 0x8, 0xff, 0xe1,

    /* U+004A "J" */
    0x0, 0x0, 0x3, 0xfd, 0x92, 0x0, 0x0, 0x5,
    0xff, 0xfd, 0x0, 0x0, 0x3, 0xff, 0xfe, 0x0,
    0x0, 0x1, 0xff, 0xfe, 0x0, 0x0, 0x0, 0xff,
    0xfe, 0x0, 0x0, 0x0, 0xff, 0xfe, 0x0, 0x0,
    0x0, 0xef, 0xfe, 0x0, 0x0, 0x0, 0xef, 0xfe,
    0x0, 0x0, 0x0, 0xef, 0xfe, 0x0, 0x0, 0x0,
    0xef, 0xfe, 0x0, 0x0, 0x0, 0xef, 0xfe, 0x0,
    0x0, 0x0, 0xdf, 0xfe, 0x0, 0x0, 0x0, 0xdf,
    0xfe, 0x0, 0x0, 0x0, 0xdf, 0xfe, 0x0, 0x0,
    0x0, 0xdf, 0xfe, 0x0, 0x0, 0x0, 0xdf, 0xfe,
    0x0, 0x0, 0x0, 0xdf, 0xfe, 0x0, 0x0, 0x0,
    0xdf, 0xfe, 0x0, 0x0, 0x0, 0xdf, 0xfe, 0x0,
    0x0, 0x0, 0xef, 0xfe, 0x0, 0x0, 0x1, 0xff,
    0xfd, 0x53, 0x0, 0x1b, 0xff, 0xfc, 0x7f, 0xec,
    0xff, 0xff, 0xf8, 0x4f, 0xff, 0xff, 0xff, 0xf2,
    0xc, 0xff, 0xff, 0xff, 0x50, 0x0, 0x8e, 0xfe,
    0xb3, 0x0,

    /* U+004B "K" */
    0xe, 0xda, 0x40, 0x0, 0x0, 0x0, 0xc9, 0x0,
    0x1, 0xff, 0xff, 0x10, 0x0, 0x0, 0x9f, 0xf4,
    0x0, 0xf, 0xff, 0xf2, 0x0, 0x0, 0x7f, 0xff,
    0xd0, 0x0, 0xdf, 0xff, 0x20, 0x0, 0x7f, 0xff,
    0xfb, 0x0, 0xc, 0xff, 0xf2, 0x0, 0x7f, 0xff,
    0xf9, 0x0, 0x0, 0xbf, 0xff, 0x20, 0x8f, 0xff,
    0xf5, 0x0, 0x0, 0xb, 0xff, 0xf2, 0xaf, 0xff,
    0xe3, 0x0, 0x0, 0x0, 0xaf, 0xff, 0xef, 0xff,
    0xe2, 0x0, 0x0, 0x0, 0xa, 0xff, 0xff, 0xff,
    0xd2, 0x0, 0x0, 0x0, 0x0, 0xaf, 0xff, 0xff,
    0xd1, 0x0, 0x0, 0x0, 0x0, 0xa, 0xff, 0xff,
    0xfb, 0x0, 0x0, 0x0, 0x0, 0x0, 0xaf, 0xff,
    0xff, 0xfb, 0x0, 0x0, 0x0, 0x0, 0xa, 0xff,
    0xfe, 0xff, 0xfa, 0x0, 0x0, 0x0, 0x0, 0xaf,
    0xff, 0x3d, 0xff, 0xfa, 0x0, 0x0, 0x0, 0xa,
    0xff, 0xf2, 0x1c, 0xff, 0xfc, 0x10, 0x0, 0x0,
    0xaf, 0xff, 0x20, 0xc, 0xff, 0xff, 0x70, 0x0,
    0xa, 0xff, 0xf2, 0x0, 0xb, 0xff, 0xff, 0xfc,
    0x50, 0xaf, 0xff, 0x20, 0x0, 0xb, 0xff, 0xff,
    0xf1, 0xa, 0xff, 0xf2, 0x0, 0x0, 0xc, 0xff,
    0xf7, 0x0, 0x8f, 0xfe, 0x10, 0x0, 0x0, 0xa,
    0xf9, 0x0,

    /* U+004C "L" */
    0xe, 0xda, 0x40, 0x0, 0x0, 0x0, 0x0, 0x1f,
    0xff, 0xf1, 0x0, 0x0, 0x0, 0x0, 0xf, 0xff,
    0xf2, 0x0, 0x0, 0x0, 0x0, 0xd, 0xff, 0xf2,
    0x0, 0x0, 0x0, 0x0, 0xc, 0xff, 0xf2, 0x0,
    0x0, 0x0, 0x0, 0xb, 0xff, 0xf2, 0x0, 0x0,
    0x0, 0x0, 0xb, 0xff, 0xf2, 0x0, 0x0, 0x0,
    0x0, 0xa, 0xff, 0xf2, 0x0, 0x0, 0x0, 0x0,
    0xa, 0xff, 0xf2, 0x0, 0x0, 0x0, 0x0, 0xa,
    0xff, 0xf2, 0x0, 0x0, 0x0, 0x0, 0xa, 0xff,
    0xf2, 0x0, 0x0, 0x0, 0x0, 0xa, 0xff, 0xf2,
    0x0, 0x0, 0x0, 0x0, 0xa, 0xff, 0xf2, 0x0,
    0x0, 0x0, 0x0, 0xa, 0xff, 0xf2, 0x0, 0x0,
    0x0, 0x0, 0xa, 0xff, 0xf2, 0x0, 0x0, 0x0,
    0x0, 0xa, 0xff, 0xf2, 0x0, 0x0, 0x0, 0x0,
    0xa, 0xff, 0xf9, 0x88, 0x88, 0x88, 0x30, 0xb,
    0xff, 0xff, 0xff, 0xff, 0xff, 0xe0, 0xd, 0xff,
    0xff, 0xff, 0xff, 0xff, 0xf3, 0xd, 0xff, 0xff,
    0xff, 0xff, 0xff, 0xf3,

    /* U+004D "M" */
    0xe, 0xda, 0x50, 0x0, 0x0, 0x0, 0x0, 0x0,
    0x0, 0x2e, 0xd9, 0x30, 0x1f, 0xff, 0xf2, 0x0,
    0x0, 0x0, 0x0, 0x0, 0x0, 0x8f, 0xff, 0xe0,
    0xf, 0xff, 0xf7, 0x0, 0x0, 0x0, 0x0, 0x0,
    0x0, 0xff, 0xff, 0xf0, 0xd, 0xff, 0xff, 0x10,
    0x0, 0x0, 0x0, 0x0, 0x7, 0xff, 0xff, 0xf0,
    0xc, 0xff, 0xff, 0x90, 0x0, 0x0, 0x0, 0x0,
    0xe, 0xff, 0xff, 0xe0, 0xb, 0xff, 0xff, 0xf3,
    0x0, 0x0, 0x0, 0x0, 0x7f, 0xff, 0xff, 0xe0,
    0xb, 0xff, 0xff, 0xfc, 0x0, 0x0, 0x0, 0x0,
    0xef, 0xff, 0xff, 0xe0, 0xa, 0xff, 0xff, 0xff,
    0x60, 0x0, 0x0, 0x7, 0xff, 0xff, 0xff, 0xe0,
    0xa, 0xff, 0xfd, 0xff, 0xe0, 0x0, 0x0, 0x1f,
    0xff, 0xad, 0xff, 0xe0, 0xa, 0xff, 0xf4, 0xff,
    0xf9, 0x0, 0x0, 0x9f, 0xff, 0x2d, 0xff, 0xe0,
    0xa, 0xff, 0xf2, 0x8f, 0xff, 0x20, 0x2, 0xff,
    0xfa, 0xc, 0xff, 0xe0, 0xa, 0xff, 0xf2, 0xd,
    0xff, 0xb0, 0xa, 0xff, 0xf2, 0xc, 0xff, 0xe0,
    0xa, 0xff, 0xf2, 0x4, 0xff, 0xf5, 0x4f, 0xff,
    0x90, 0xc, 0xff, 0xe0, 0xa, 0xff, 0xf2, 0x0,
    0xbf, 0xfe, 0xef, 0xff, 0x10, 0xc, 0xff, 0xe0,
    0xa, 0xff, 0xf2, 0x0, 0x2f, 0xff, 0xff, 0xf8,
    0x0, 0xc, 0xff, 0xe0, 0xa, 0xff, 0xf2, 0x0,
    0x8, 0xff, 0xff, 0xf1, 0x0, 0xc, 0xff, 0xe0,
    0xa, 0xff, 0xf2, 0x0, 0x1, 0xff, 0xff, 0x80,
    0x0, 0xc, 0xff, 0xe0, 0xa, 0xff, 0xf2, 0x0,
    0x0, 0xdf, 0xff, 0x10, 0x0, 0xc, 0xff, 0xe0,
    0xa, 0xff, 0xf2, 0x0, 0x0, 0x15, 0x74, 0x0,
    0x0, 0xd, 0xff, 0xf0, 0x8, 0xff, 0xe1, 0x0,
    0x0, 0x0, 0x0, 0x0, 0x0, 0xb, 0xff, 0xd0,

    /* U+004E "N" */
    0xe, 0xda, 0x40, 0x0, 0x0, 0x0, 0x6, 0xfc,
    0x81, 0x1f, 0xff, 0xf1, 0x0, 0x0, 0x0, 0x9,
    0xff, 0xf9, 0xf, 0xff, 0xf6, 0x0, 0x0, 0x0,
    0x7, 0xff, 0xfa, 0xd, 0xff, 0xfe, 0x10, 0x0,
    0x0, 0x5, 0xff, 0xfa, 0xc, 0xff, 0xff, 0xb0,
    0x0, 0x0, 0x4, 0xff, 0xfa, 0xb, 0xff, 0xff,
    0xf7, 0x0, 0x0, 0x3, 0xff, 0xfa, 0xb, 0xff,
    0xff, 0xff, 0x30, 0x0, 0x2, 0xff, 0xfa, 0xa,
    0xff, 0xff, 0xff, 0xe1, 0x0, 0x2, 0xff, 0xfa,
    0xa, 0xff, 0xf7, 0xff, 0xfb, 0x0, 0x2, 0xff,
    0xfa, 0xa, 0xff, 0xf2, 0x8f, 0xff, 0x80, 0x2,
    0xff, 0xfa, 0xa, 0xff, 0xf2, 0xc, 0xff, 0xf4,
    0x1, 0xff, 0xfa, 0xa, 0xff, 0xf2, 0x1, 0xef,
    0xfe, 0x11, 0xff, 0xfa, 0xa, 0xff, 0xf2, 0x0,
    0x4f, 0xff, 0xc1, 0xff, 0xfa, 0xa, 0xff, 0xf2,
    0x0, 0x7, 0xff, 0xfa, 0xff, 0xfa, 0xa, 0xff,
    0xf2, 0x0, 0x0, 0xbf, 0xff, 0xff, 0xfa, 0xa,
    0xff, 0xf2, 0x0, 0x0, 0x1e, 0xff, 0xff, 0xfa,
    0xa, 0xff, 0xf2, 0x0, 0x0, 0x3, 0xff, 0xff,
    0xfa, 0xa, 0xff, 0xf2, 0x0, 0x0, 0x0, 0x6f,
    0xff, 0xfa, 0xa, 0xff, 0xf2, 0x0, 0x0, 0x0,
    0xb, 0xff, 0xfa, 0x8, 0xff, 0xe1, 0x0, 0x0,
    0x0, 0x2, 0xef, 0xf8,

    /* U+004F "O" */
    0x0, 0x0, 0x0, 0x6b, 0xef, 0xfe, 0xa5, 0x0,
    0x0, 0x0, 0x0, 0x0, 0x6f, 0xff, 0xff, 0xff,
    0xff, 0xe4, 0x0, 0x0, 0x0, 0xa, 0xff, 0xff,
    0xff, 0xff, 0xff, 0xff, 0x60, 0x0, 0x0, 0x9f,
    0xff, 0xff, 0xb8, 0x8c, 0xff, 0xff, 0xf4, 0x0,
    0x5, 0xff, 0xff, 0xd3, 0x0, 0x0, 0x3e, 0xff,
    0xfe, 0x0, 0xd, 0xff, 0xfe, 0x10, 0x0, 0x0,
    0x2, 0xef, 0xff, 0x60, 0x4f, 0xff, 0xf4, 0x0,
    0x0, 0x0, 0x0, 0x6f, 0xff, 0xc0, 0x8f, 0xff,
    0xd0, 0x0, 0x0, 0x0, 0x0, 0xf, 0xff, 0xf1,
    0xaf, 0xff, 0x80, 0x0, 0x0, 0x0, 0x0, 0xc,
    0xff, 0xf4, 0xbf, 0xff, 0x60, 0x0, 0x0, 0x0,
    0x0, 0xb, 0xff, 0xf5, 0xbf, 0xff, 0x60, 0x0,
    0x0, 0x0, 0x0, 0xc, 0xff, 0xf5, 0xaf, 0xff,
    0x70, 0x0, 0x0, 0x0, 0x0, 0xe, 0xff, 0xf5,
    0x7f, 0xff, 0xb0, 0x0, 0x0, 0x0, 0x0, 0x3f,
    0xff, 0xf2, 0x2f, 0xff, 0xf1, 0x0, 0x0, 0x0,
    0x0, 0x9f, 0xff, 0xe0, 0xc, 0xff, 0xfb, 0x0,
    0x0, 0x0, 0x4, 0xff, 0xff, 0x80, 0x4, 0xff,
    0xff, 0xb1, 0x0, 0x0, 0x6f, 0xff, 0xfe, 0x10,
    0x0, 0xaf, 0xff, 0xff, 0xb8, 0x9d, 0xff, 0xff,
    0xf4, 0x0, 0x0, 0xb, 0xff, 0xff, 0xff, 0xff,
    0xff, 0xff, 0x50, 0x0, 0x0, 0x0, 0x7f, 0xff,
    0xff, 0xff, 0xff, 0xd2, 0x0, 0x0, 0x0, 0x0,
    0x1, 0x7c, 0xef, 0xfd, 0xa4, 0x0, 0x0, 0x0,

    /* U+0050 "P" */
    0xe, 0xeb, 0x73, 0xad, 0xfe, 0xc5, 0x0, 0x0,
    0x1f, 0xff, 0xff, 0xff, 0xff, 0xff, 0xc1, 0x0,
    0xf, 0xff, 0xff, 0xff, 0xff, 0xff, 0xfc, 0x0,
    0xd, 0xff, 0xfe, 0x73, 0x47, 0xff, 0xff, 0x70,
    0xc, 0xff, 0xf2, 0x0, 0x0, 0x4f, 0xff, 0xd0,
    0xb, 0xff, 0xf2, 0x0, 0x0, 0xc, 0xff, 0xf0,
    0xb, 0xff, 0xf2, 0x0, 0x0, 0x9, 0xff, 0xf2,
    0xa, 0xff, 0xf2, 0x0, 0x0, 0xb, 0xff, 0xf0,
    0xa, 0xff, 0xf2, 0x0, 0x0, 0x2f, 0xff, 0xd0,
    0xa, 0xff, 0xfd, 0x52, 0x36, 0xef, 0xff, 0x70,
    0xa, 0xff, 0xff, 0xff, 0xff, 0xff, 0xfd, 0x0,
    0xa, 0xff, 0xff, 0xff, 0xff, 0xff, 0xd2, 0x0,
    0xa, 0xff, 0xf7, 0xbe, 0xfe, 0xc6, 0x0, 0x0,
    0xa, 0xff, 0xf2, 0x0, 0x0, 0x0, 0x0, 0x0,
    0xa, 0xff, 0xf2, 0x0, 0x0, 0x0, 0x0, 0x0,
    0xa, 0xff, 0xf2, 0x0, 0x0, 0x0, 0x0, 0x0,
    0xa, 0xff, 0xf2, 0x0, 0x0, 0x0, 0x0, 0x0,
    0xa, 0xff, 0xf2, 0x0, 0x0, 0x0, 0x0, 0x0,
    0xa, 0xff, 0xf2, 0x0, 0x0, 0x0, 0x0, 0x0,
    0x8, 0xff, 0xe1, 0x0, 0x0, 0x0, 0x0, 0x0,

    /* U+0051 "Q" */
    0x0, 0x0, 0x0, 0x6b, 0xef, 0xfe, 0xa5, 0x0,
    0x0, 0x0, 0x0, 0x0, 0x6f, 0xff, 0xff, 0xff,
    0xff, 0xe4, 0x0, 0x0, 0x0, 0xa, 0xff, 0xff,
    0xff, 0xff, 0xff, 0xff, 0x60, 0x0, 0x0, 0x9f,
    0xff, 0xff, 0xb8, 0x8c, 0xff, 0xff, 0xf4, 0x0,
    0x5, 0xff, 0xff, 0xd3, 0x0, 0x0, 0x3e, 0xff,
    0xfe, 0x0, 0xd, 0xff, 0xfe, 0x10, 0x0, 0x0,
    0x2, 0xef, 0xff, 0x60, 0x4f, 0xff, 0xf4, 0x0,
    0x0, 0x0, 0x0, 0x6f, 0xff, 0xc0, 0x8f, 0xff,
    0xd0, 0x0, 0x0, 0x0, 0x0, 0xf, 0xff, 0xf1,
    0xaf, 0xff, 0x80, 0x0, 0x0, 0x0, 0x0, 0xc,
    0xff, 0xf4, 0xbf, 0xff, 0x60, 0x0, 0x0, 0x0,
    0x0, 0xb, 0xff, 0xf5, 0xbf, 0xff, 0x60, 0x0,
    0x0, 0x0, 0x0, 0xc, 0xff, 0xf5, 0xaf, 0xff,
    0x70, 0x0, 0x0, 0x0, 0x0, 0xe, 0xff, 0xf4,
    0x7f, 0xff, 0xb0, 0x0, 0x3, 0x30, 0x0, 0x2f,
    0xff, 0xf2, 0x2f, 0xff, 0xf1, 0x0, 0x3f, 0xfa,
    0x0, 0x9f, 0xff, 0xd0, 0xc, 0xff, 0xfb, 0x0,
    0x8, 0xff, 0x74, 0xff, 0xff, 0x80, 0x4, 0xff,
    0xff, 0xb2, 0x0, 0xdf, 0xff, 0xff, 0xfe, 0x0,
    0x0, 0xaf, 0xff, 0xff, 0xb8, 0xbf, 0xff, 0xff,
    0xf4, 0x0, 0x0, 0xb, 0xff, 0xff, 0xff, 0xff,
    0xff, 0xff, 0x50, 0x0, 0x0, 0x0, 0x7f, 0xff,
    0xff, 0xff, 0xff, 0xff, 0xd5, 0x10, 0x0, 0x0,
    0x1, 0x7c, 0xef, 0xfd, 0xaf, 0xff, 0xff, 0xa0,
    0x0, 0x0, 0x0, 0x0, 0x0, 0x0, 0x7, 0xff,
    0xfe, 0x10, 0x0, 0x0, 0x0, 0x0, 0x0, 0x0,
    0x0, 0x7f, 0xb1, 0x0,

    /* U+0052 "R" */
    0xd, 0xeb, 0x61, 0x8d, 0xfe, 0xc6, 0x0, 0x0,
    0x1, 0xff, 0xff, 0xef, 0xff, 0xff, 0xfc, 0x10,
    0x0, 0xf, 0xff, 0xff, 0xff, 0xff, 0xff, 0xfc,
    0x0, 0x0, 0xdf, 0xff, 0xf9, 0x55, 0x9f, 0xff,
    0xf6, 0x0, 0xc, 0xff, 0xf5, 0x0, 0x0, 0x4f,
    0xff, 0xd0, 0x0, 0xbf, 0xff, 0x30, 0x0, 0x0,
    0xbf, 0xff, 0x0, 0xa, 0xff, 0xf3, 0x0, 0x0,
    0x9, 0xff, 0xf0, 0x0, 0xaf, 0xff, 0x30, 0x0,
    0x0, 0xcf, 0xfe, 0x0, 0x9, 0xff, 0xf6, 0x0,
    0x0, 0x5f, 0xff, 0xa0, 0x0, 0x9f, 0xff, 0xfc,
    0x88, 0xbf, 0xff, 0xf4, 0x0, 0x9, 0xff, 0xff,
    0xff, 0xff, 0xff, 0xf9, 0x0, 0x0, 0x9f, 0xff,
    0xff, 0xff, 0xff, 0xf7, 0x0, 0x0, 0x9, 0xff,
    0xf5, 0x6d, 0xff, 0xf1, 0x0, 0x0, 0x0, 0x9f,
    0xff, 0x20, 0x4f, 0xff, 0xa0, 0x0, 0x0, 0x9,
    0xff, 0xf2, 0x0, 0xcf, 0xff, 0x60, 0x0, 0x0,
    0x9f, 0xff, 0x20, 0x4, 0xff, 0xff, 0x50, 0x0,
    0x9, 0xff, 0xf2, 0x0, 0xb, 0xff, 0xff, 0xa4,
    0x0, 0x9f, 0xff, 0x20, 0x0, 0x3f, 0xff, 0xff,
    0xf3, 0x9, 0xff, 0xf3, 0x0, 0x0, 0x8f, 0xff,
    0xf8, 0x0, 0x7f, 0xfe, 0x20, 0x0, 0x0, 0x9f,
    0xe7, 0x0,

    /* U+0053 "S" */
    0x0, 0x3, 0x9d, 0xef, 0xec, 0x70, 0x0, 0x0,
    0x9, 0xff, 0xff, 0xff, 0xff, 0xe2, 0x0, 0x8,
    0xff, 0xff, 0xff, 0xff, 0xff, 0xe1, 0x1, 0xff,
    0xff, 0xb6, 0x58, 0xef, 0xff, 0x90, 0x6f, 0xff,
    0x70, 0x0, 0x1, 0xff, 0xff, 0x17, 0xff, 0xf2,
    0x0, 0x0, 0xb, 0xff, 0xf3, 0x7f, 0xff, 0x40,
    0x0, 0x0, 0x29, 0xb8, 0x4, 0xff, 0xfd, 0x30,
    0x0, 0x0, 0x0, 0x0, 0xe, 0xff, 0xff, 0xc8,
    0x30, 0x0, 0x0, 0x0, 0x5f, 0xff, 0xff, 0xff,
    0xfa, 0x30, 0x0, 0x0, 0x5e, 0xff, 0xff, 0xff,
    0xff, 0x90, 0x0, 0x0, 0x4, 0x8b, 0xef, 0xff,
    0xff, 0x80, 0x0, 0x0, 0x0, 0x0, 0x39, 0xff,
    0xff, 0x21, 0x20, 0x0, 0x0, 0x0, 0x8, 0xff,
    0xf7, 0x5e, 0x30, 0x0, 0x0, 0x0, 0x4f, 0xff,
    0x99, 0xff, 0x82, 0x0, 0x0, 0xb, 0xff, 0xf8,
    0xbf, 0xff, 0xfd, 0xba, 0xbf, 0xff, 0xff, 0x47,
    0xff, 0xff, 0xff, 0xff, 0xff, 0xff, 0xb0, 0xb,
    0xff, 0xff, 0xff, 0xff, 0xff, 0xc1, 0x0, 0x4,
    0x9d, 0xef, 0xfe, 0xd9, 0x40, 0x0,

    /* U+0054 "T" */
    0x1, 0x0, 0x0, 0x0, 0x0, 0x0, 0x0, 0x0,
    0x9, 0xff, 0xff, 0xff, 0xff, 0xff, 0xff, 0xff,
    0xf4, 0x9f, 0xff, 0xff, 0xff, 0xff, 0xff, 0xff,
    0xff, 0xb4, 0xff, 0xff, 0xff, 0xff, 0xff, 0xff,
    0xff, 0xff, 0x9, 0xa7, 0x77, 0x9f, 0xff, 0xd7,
    0x77, 0x78, 0x60, 0x0, 0x0, 0x2, 0xff, 0xfb,
    0x0, 0x0, 0x0, 0x0, 0x0, 0x0, 0x2f, 0xff,
    0xb0, 0x0, 0x0, 0x0, 0x0, 0x0, 0x1, 0xff,
    0xfb, 0x0, 0x0, 0x0, 0x0, 0x0, 0x0, 0x1f,
    0xff, 0xb0, 0x0, 0x0, 0x0, 0x0, 0x0, 0x1,
    0xff, 0xfb, 0x0, 0x0, 0x0, 0x0, 0x0, 0x0,
    0xf, 0xff, 0xb0, 0x0, 0x0, 0x0, 0x0, 0x0,
    0x0, 0xff, 0xfb, 0x0, 0x0, 0x0, 0x0, 0x0,
    0x0, 0xf, 0xff, 0xb0, 0x0, 0x0, 0x0, 0x0,
    0x0, 0x0, 0xff, 0xfb, 0x0, 0x0, 0x0, 0x0,
    0x0, 0x0, 0xf, 0xff, 0xb0, 0x0, 0x0, 0x0,
    0x0, 0x0, 0x0, 0xff, 0xfb, 0x0, 0x0, 0x0,
    0x0, 0x0, 0x0, 0xf, 0xff, 0xb0, 0x0, 0x0,
    0x0, 0x0, 0x0, 0x0, 0xff, 0xfb, 0x0, 0x0,
    0x0, 0x0, 0x0, 0x0, 0xf, 0xff, 0xb0, 0x0,
    0x0, 0x0, 0x0, 0x0, 0x0, 0xff, 0xfb, 0x0,
    0x0, 0x0, 0x0, 0x0, 0x0, 0xd, 0xff, 0x90,
    0x0, 0x0, 0x0,

    /* U+0055 "U" */
    0xe, 0xda, 0x40, 0x0, 0x0, 0x0, 0x9e, 0xb6,
    0x1, 0xff, 0xff, 0x10, 0x0, 0x0, 0xb, 0xff,
    0xf7, 0xf, 0xff, 0xf2, 0x0, 0x0, 0x0, 0x9f,
    0xff, 0x70, 0xdf, 0xff, 0x20, 0x0, 0x0, 0x7,
    0xff, 0xf7, 0xc, 0xff, 0xf2, 0x0, 0x0, 0x0,
    0x6f, 0xff, 0x70, 0xbf, 0xff, 0x20, 0x0, 0x0,
    0x5, 0xff, 0xf7, 0xa, 0xff, 0xf2, 0x0, 0x0,
    0x0, 0x5f, 0xff, 0x70, 0xaf, 0xff, 0x20, 0x0,
    0x0, 0x5, 0xff, 0xf7, 0xa, 0xff, 0xf2, 0x0,
    0x0, 0x0, 0x4f, 0xff, 0x70, 0xaf, 0xff, 0x20,
    0x0, 0x0, 0x4, 0xff, 0xf7, 0xa, 0xff, 0xf2,
    0x0, 0x0, 0x0, 0x4f, 0xff, 0x70, 0xaf, 0xff,
    0x20, 0x0, 0x0, 0x5, 0xff, 0xf7, 0xa, 0xff,
    0xf2, 0x0, 0x0, 0x0, 0x8f, 0xff, 0x70, 0xaf,
    0xff, 0x30, 0x0, 0x0, 0xd, 0xff, 0xf7, 0xa,
    0xff, 0xf7, 0x0, 0x0, 0x6, 0xff, 0xff, 0x70,
    0x9f, 0xff, 0xe3, 0x0, 0x7, 0xff, 0xff, 0xf7,
    0x5, 0xff, 0xff, 0xfc, 0xbf, 0xff, 0xff, 0xff,
    0x70, 0xd, 0xff, 0xff, 0xff, 0xff, 0xff, 0xff,
    0xf7, 0x0, 0x1c, 0xff, 0xff, 0xff, 0xfd, 0x7f,
    0xff, 0x70, 0x0, 0x5, 0xad, 0xff, 0xc6, 0x3,
    0xff, 0xf6,

    /* U+0056 "V" */
    0x8f, 0xff, 0x70, 0x0, 0x0, 0x0, 0x0, 0xcf,
    0xff, 0x68, 0xff, 0xfe, 0x0, 0x0, 0x0, 0x0,
    0x2f, 0xff, 0xf5, 0x1f, 0xff, 0xf4, 0x0, 0x0,
    0x0, 0x5, 0xff, 0xff, 0x0, 0xaf, 0xff, 0xa0,
    0x0, 0x0, 0x0, 0x8f, 0xff, 0xa0, 0x3, 0xff,
    0xff, 0x10, 0x0, 0x0, 0xc, 0xff, 0xf5, 0x0,
    0xc, 0xff, 0xf6, 0x0, 0x0, 0x1, 0xff, 0xff,
    0x0, 0x0, 0x6f, 0xff, 0xc0, 0x0, 0x0, 0x5f,
    0xff, 0xa0, 0x0, 0x1, 0xff, 0xff, 0x20, 0x0,
    0xa, 0xff, 0xf5, 0x0, 0x0, 0xb, 0xff, 0xf8,
    0x0, 0x0, 0xef, 0xff, 0x0, 0x0, 0x0, 0x5f,
    0xff, 0xe0, 0x0, 0x3f, 0xff, 0xa0, 0x0, 0x0,
    0x0, 0xef, 0xff, 0x30, 0x8, 0xff, 0xf5, 0x0,
    0x0, 0x0, 0x8, 0xff, 0xf9, 0x0, 0xdf, 0xff,
    0x0, 0x0, 0x0, 0x0, 0x2f, 0xff, 0xe0, 0x2f,
    0xff, 0xa0, 0x0, 0x0, 0x0, 0x0, 0xcf, 0xff,
    0x58, 0xff, 0xf5, 0x0, 0x0, 0x0, 0x0, 0x7,
    0xff, 0xfa, 0xdf, 0xff, 0x0, 0x0, 0x0, 0x0,
    0x0, 0x1f, 0xff, 0xff, 0xff, 0xa0, 0x0, 0x0,
    0x0, 0x0, 0x0, 0xbf, 0xff, 0xff, 0xf5, 0x0,
    0x0, 0x0, 0x0, 0x0, 0x6, 0xff, 0xff, 0xff,
    0x10, 0x0, 0x0, 0x0, 0x0, 0x0, 0x1f, 0xff,
    0xff, 0xa0, 0x0, 0x0, 0x0, 0x0, 0x0, 0x0,
    0xcf, 0xff, 0xd2, 0x0, 0x0, 0x0,

    /* U+0057 "W" */
    0x8f, 0xff, 0x50, 0x0, 0x4, 0xff, 0xf8, 0x0,
    0x0, 0x0, 0x0, 0x2e, 0xff, 0xe1, 0x8f, 0xff,
    0xc0, 0x0, 0x4, 0xff, 0xff, 0x0, 0x0, 0x0,
    0x0, 0x6f, 0xff, 0xf0, 0x1f, 0xff, 0xf1, 0x0,
    0x0, 0xef, 0xff, 0x50, 0x0, 0x0, 0x0, 0x8f,
    0xff, 0xa0, 0xa, 0xff, 0xf7, 0x0, 0x0, 0x7f,
    0xff, 0xb0, 0x0, 0x0, 0x0, 0xcf, 0xff, 0x50,
    0x3, 0xff, 0xfd, 0x0, 0x0, 0x1f, 0xff, 0xf1,
    0x0, 0x0, 0x0, 0xff, 0xff, 0x0, 0x0, 0xdf,
    0xff, 0x30, 0x0, 0xa, 0xff, 0xf6, 0x0, 0x0,
    0x3, 0xff, 0xfa, 0x0, 0x0, 0x7f, 0xff, 0x80,
    0x0, 0x4, 0xff, 0xfc, 0x0, 0x0, 0x8, 0xff,
    0xf5, 0x0, 0x0, 0x2f, 0xff, 0xe0, 0x0, 0x0,
    0xff, 0xff, 0x20, 0x0, 0xc, 0xff, 0xf0, 0x0,
    0x0, 0xc, 0xff, 0xf4, 0x0, 0x3, 0xff, 0xff,
    0x70, 0x0, 0x1f, 0xff, 0xa0, 0x0, 0x0, 0x6,
    0xff, 0xfa, 0x0, 0x7, 0xff, 0xff, 0xd0, 0x0,
    0x6f, 0xff, 0x50, 0x0, 0x0, 0x1, 0xff, 0xff,
    0x0, 0xb, 0xff, 0xff, 0xf3, 0x0, 0xaf, 0xff,
    0x0, 0x0, 0x0, 0x0, 0xbf, 0xff, 0x50, 0xf,
    0xff, 0xff, 0xf8, 0x0, 0xff, 0xfb, 0x0, 0x0,
    0x0, 0x0, 0x5f, 0xff, 0xb0, 0x5f, 0xff, 0xff,
    0xfe, 0x4, 0xff, 0xf5, 0x0, 0x0, 0x0, 0x0,
    0xf, 0xff, 0xf1, 0xbf, 0xfe, 0xbf, 0xff, 0x39,
    0xff, 0xf1, 0x0, 0x0, 0x0, 0x0, 0xa, 0xff,
    0xf7, 0xff, 0xf8, 0x6f, 0xff, 0x9e, 0xff, 0xb0,
    0x0, 0x0, 0x0, 0x0, 0x4, 0xff, 0xff, 0xff,
    0xf3, 0x1f, 0xff, 0xff, 0xff, 0x60, 0x0, 0x0,
    0x0, 0x0, 0x0, 0xef, 0xff, 0xff, 0xe0, 0xb,
    0xff, 0xff, 0xff, 0x20, 0x0, 0x0, 0x0, 0x0,
    0x0, 0x9f, 0xff, 0xff, 0x90, 0x6, 0xff, 0xff,
    0xfd, 0x0, 0x0, 0x0, 0x0, 0x0, 0x0, 0x4f,
    0xff, 0xff, 0x40, 0x1, 0xff, 0xff, 0xf7, 0x0,
    0x0, 0x0, 0x0, 0x0, 0x0, 0xf, 0xff, 0xf9,
    0x0, 0x0, 0xcf, 0xff, 0xb0, 0x0, 0x0, 0x0,

    /* U+0058 "X" */
    0x1, 0x0, 0x0, 0x0, 0x0, 0x0, 0x0, 0x0,
    0x0, 0x7, 0xff, 0xfb, 0x0, 0x0, 0x0, 0xb,
    0xff, 0xf6, 0x0, 0x3f, 0xff, 0xf6, 0x0, 0x0,
    0x4, 0xff, 0xff, 0x40, 0x0, 0x7f, 0xff, 0xf1,
    0x0, 0x0, 0xbf, 0xff, 0xa0, 0x0, 0x0, 0xbf,
    0xff, 0xb0, 0x0, 0x3f, 0xff, 0xe1, 0x0, 0x0,
    0x1, 0xef, 0xff, 0x50, 0xc, 0xff, 0xf5, 0x0,
    0x0, 0x0, 0x4, 0xff, 0xfe, 0x17, 0xff, 0xfb,
    0x0, 0x0, 0x0, 0x0, 0x9, 0xff, 0xfc, 0xff,
    0xff, 0x20, 0x0, 0x0, 0x0, 0x0, 0xd, 0xff,
    0xff, 0xff, 0x70, 0x0, 0x0, 0x0, 0x0, 0x0,
    0x3f, 0xff, 0xff, 0xc0, 0x0, 0x0, 0x0, 0x0,
    0x0, 0x0, 0x8f, 0xff, 0xf3, 0x0, 0x0, 0x0,
    0x0, 0x0, 0x0, 0xa, 0xff, 0xff, 0x50, 0x0,
    0x0, 0x0, 0x0, 0x0, 0x4, 0xff, 0xff, 0xfe,
    0x10, 0x0, 0x0, 0x0, 0x0, 0x0, 0xef, 0xff,
    0xff, 0xfb, 0x0, 0x0, 0x0, 0x0, 0x0, 0xaf,
    0xff, 0x9b, 0xff, 0xf7, 0x0, 0x0, 0x0, 0x0,
    0x5f, 0xff, 0xe0, 0x2f, 0xff, 0xf5, 0x0, 0x0,
    0x0, 0x1e, 0xff, 0xf4, 0x0, 0x6f, 0xff, 0xf6,
    0x0, 0x0, 0xb, 0xff, 0xfb, 0x0, 0x0, 0xaf,
    0xff, 0xfb, 0x40, 0x9, 0xff, 0xff, 0x30, 0x0,
    0x1, 0xef, 0xff, 0xff, 0x6, 0xff, 0xff, 0xb0,
    0x0, 0x0, 0x4, 0xff, 0xff, 0x70, 0x6d, 0xff,
    0xe3, 0x0, 0x0, 0x0, 0x7, 0xee, 0x80, 0x0,

    /* U+0059 "Y" */
    0x2, 0x10, 0x0, 0x0, 0x0, 0x0, 0x0, 0x0,
    0x0, 0x9f, 0xff, 0xc0, 0x0, 0x0, 0x0, 0xc,
    0xff, 0xf8, 0x5f, 0xff, 0xf6, 0x0, 0x0, 0x0,
    0x3f, 0xff, 0xf5, 0x9, 0xff, 0xfe, 0x10, 0x0,
    0x0, 0xbf, 0xff, 0xb0, 0x0, 0xcf, 0xff, 0xa0,
    0x0, 0x6, 0xff, 0xff, 0x10, 0x0, 0x2f, 0xff,
    0xf5, 0x0, 0x1e, 0xff, 0xf6, 0x0, 0x0, 0x7,
    0xff, 0xfe, 0x10, 0xbf, 0xff, 0xc0, 0x0, 0x0,
    0x0, 0xcf, 0xff, 0xa5, 0xff, 0xff, 0x20, 0x0,
    0x0, 0x0, 0x3f, 0xff, 0xff, 0xff, 0xf7, 0x0,
    0x0, 0x0, 0x0, 0x9, 0xff, 0xff, 0xff, 0xd0,
    0x0, 0x0, 0x0, 0x0, 0x1, 0xef, 0xff, 0xff,
    0x30, 0x0, 0x0, 0x0, 0x0, 0x0, 0x6f, 0xff,
    0xf9, 0x0, 0x0, 0x0, 0x0, 0x0, 0x0, 0xe,
    0xff, 0xf2, 0x0, 0x0, 0x0, 0x0, 0x0, 0x0,
    0xb, 0xff, 0xf0, 0x0, 0x0, 0x0, 0x0, 0x0,
    0x0, 0xb, 0xff, 0xf0, 0x0, 0x0, 0x0, 0x0,
    0x0, 0x0, 0xb, 0xff, 0xf0, 0x0, 0x0, 0x0,
    0x0, 0x0, 0x0, 0xb, 0xff, 0xf0, 0x0, 0x0,
    0x0, 0x0, 0x0, 0x0, 0xb, 0xff, 0xf0, 0x0,
    0x0, 0x0, 0x0, 0x0, 0x0, 0xb, 0xff, 0xf0,
    0x0, 0x0, 0x0, 0x0, 0x0, 0x0, 0xb, 0xff,
    0xf0, 0x0, 0x0, 0x0, 0x0, 0x0, 0x0, 0x9,
    0xff, 0xd0, 0x0, 0x0, 0x0,

    /* U+005A "Z" */
    0x1, 0x41, 0x0, 0x0, 0x0, 0x0, 0x0, 0x0,
    0x0, 0x0, 0xcf, 0xff, 0xff, 0xff, 0xff, 0xff,
    0xff, 0xfc, 0x10, 0xb, 0xff, 0xff, 0xff, 0xff,
    0xff, 0xff, 0xff, 0xfb, 0x0, 0x7f, 0xff, 0xff,
    0xff, 0xff, 0xff, 0xff, 0xff, 0xf1, 0x1, 0xcd,
    0xdd, 0xdd, 0xdd, 0xdd, 0xff, 0xff, 0xfa, 0x0,
    0x0, 0x0, 0x0, 0x0, 0x0, 0x8f, 0xff, 0xf6,
    0x0, 0x0, 0x0, 0x0, 0x0, 0x0, 0x5f, 0xff,
    0xf7, 0x0, 0x0, 0x0, 0x0, 0x0, 0x0, 0x2f,
    0xff, 0xfa, 0x0, 0x0, 0x0, 0x0, 0x0, 0x0,
    0x1e, 0xff, 0xfc, 0x0, 0x0, 0x0, 0x0, 0x0,
    0x0, 0xc, 0xff, 0xfe, 0x10, 0x0, 0x0, 0x0,
    0x0, 0x0, 0xa, 0xff, 0xff, 0x30, 0x0, 0x0,
    0x0, 0x0, 0x0, 0x7, 0xff, 0xff, 0x50, 0x0,
    0x0, 0x0, 0x0, 0x0, 0x4, 0xff, 0xff, 0x70,
    0x0, 0x0, 0x0, 0x0, 0x0, 0x2, 0xff, 0xff,
    0xa0, 0x0, 0x0, 0x0, 0x0, 0x0, 0x1, 0xdf,
    0xff, 0xc0, 0x0, 0x0, 0x0, 0x0, 0x0, 0x0,
    0xcf, 0xff, 0xe1, 0x0, 0x0, 0x0, 0x0, 0x0,
    0x0, 0xaf, 0xff, 0xf3, 0x0, 0x0, 0x0, 0x0,
    0x0, 0x0, 0xcf, 0xff, 0xff, 0xdd, 0xdd, 0xdd,
    0xdd, 0xdd, 0xa0, 0x1f, 0xff, 0xff, 0xff, 0xff,
    0xff, 0xff, 0xff, 0xff, 0x50, 0xff, 0xff, 0xff,
    0xff, 0xff, 0xff, 0xff, 0xff, 0xf9, 0xd, 0xff,
    0xff, 0xff, 0xff, 0xff, 0xff, 0xff, 0xff, 0x90,
    0x0, 0x0, 0x0, 0x0, 0x0, 0x0, 0x0, 0x0,
    0x0,

    /* U+005B "[" */
    0x6, 0xef, 0xff, 0xf5, 0xf, 0xff, 0xff, 0xf9,
    0x1f, 0xff, 0xff, 0xf5, 0x2f, 0xff, 0x30, 0x0,
    0x2f, 0xff, 0x0, 0x0, 0x2f, 0xff, 0x0, 0x0,
    0x2f, 0xff, 0x0, 0x0, 0x2f, 0xff, 0x0, 0x0,
    0x2f, 0xff, 0x0, 0x0, 0x2f, 0xff, 0x0, 0x0,
    0x2f, 0xff, 0x0, 0x0, 0x2f, 0xff, 0x0, 0x0,
    0x2f, 0xff, 0x0, 0x0, 0x2f, 0xff, 0x0, 0x0,
    0x2f, 0xff, 0x0, 0x0, 0x2f, 0xff, 0x0, 0x0,
    0x2f, 0xff, 0x0, 0x0, 0x2f, 0xff, 0x0, 0x0,
    0x2f, 0xff, 0x0, 0x0, 0x2f, 0xff, 0x0, 0x0,
    0x2f, 0xff, 0x0, 0x0, 0x2f, 0xff, 0x0, 0x0,
    0x2f, 0xff, 0x0, 0x0, 0x2f, 0xff, 0x0, 0x0,
    0x2f, 0xff, 0x30, 0x0, 0x1f, 0xff, 0xff, 0xf5,
    0xf, 0xff, 0xff, 0xf9, 0x6, 0xef, 0xff, 0xf5,

    /* U+005C "\\" */
    0x27, 0x73, 0x0, 0x0, 0x0, 0x0, 0x0, 0x4,
    0xff, 0xe0, 0x0, 0x0, 0x0, 0x0, 0x0, 0xd,
    0xff, 0x50, 0x0, 0x0, 0x0, 0x0, 0x0, 0x7f,
    0xfc, 0x0, 0x0, 0x0, 0x0, 0x0, 0x1, 0xff,
    0xf3, 0x0, 0x0, 0x0, 0x0, 0x0, 0x9, 0xff,
    0xa0, 0x0, 0x0, 0x0, 0x0, 0x0, 0x2f, 0xff,
    0x10, 0x0, 0x0, 0x0, 0x0, 0x0, 0xbf, 0xf8,
    0x0, 0x0, 0x0, 0x0, 0x0, 0x4, 0xff, 0xe0,
    0x0, 0x0, 0x0, 0x0, 0x0, 0xd, 0xff, 0x60,
    0x0, 0x0, 0x0, 0x0, 0x0, 0x6f, 0xfd, 0x0,
    0x0, 0x0, 0x0, 0x0, 0x0, 0xef, 0xf4, 0x0,
    0x0, 0x0, 0x0, 0x0, 0x8, 0xff, 0xb0, 0x0,
    0x0, 0x0, 0x0, 0x0, 0x1f, 0xff, 0x30, 0x0,
    0x0, 0x0, 0x0, 0x0, 0xaf, 0xfa, 0x0, 0x0,
    0x0, 0x0, 0x0, 0x3, 0xff, 0xf1, 0x0, 0x0,
    0x0, 0x0, 0x0, 0xb, 0xff, 0x80, 0x0, 0x0,
    0x0, 0x0, 0x0, 0x4f, 0xff, 0x0, 0x0, 0x0,
    0x0, 0x0, 0x0, 0xdf, 0xf7, 0x0, 0x0, 0x0,
    0x0, 0x0, 0x6, 0xff, 0xe0, 0x0, 0x0, 0x0,
    0x0, 0x0, 0xe, 0xff, 0x50, 0x0, 0x0, 0x0,
    0x0, 0x0, 0x7f, 0xfd, 0x0, 0x0, 0x0, 0x0,
    0x0, 0x1, 0xff, 0xf4, 0x0, 0x0, 0x0, 0x0,
    0x0, 0x9, 0xff, 0xc0, 0x0, 0x0, 0x0, 0x0,
    0x0, 0x2d, 0xff, 0x0,

    /* U+005D "]" */
    0xd, 0xff, 0xff, 0xb1, 0x1f, 0xff, 0xff, 0xf7,
    0xd, 0xff, 0xff, 0xf9, 0x0, 0x0, 0xbf, 0xf9,
    0x0, 0x0, 0x8f, 0xf9, 0x0, 0x0, 0x8f, 0xf9,
    0x0, 0x0, 0x8f, 0xf9, 0x0, 0x0, 0x8f, 0xf9,
    0x0, 0x0, 0x8f, 0xf9, 0x0, 0x0, 0x8f, 0xf9,
    0x0, 0x0, 0x8f, 0xf9, 0x0, 0x0, 0x8f, 0xf9,
    0x0, 0x0, 0x8f, 0xf9, 0x0, 0x0, 0x8f, 0xf9,
    0x0, 0x0, 0x8f, 0xf9, 0x0, 0x0, 0x8f, 0xf9,
    0x0, 0x0, 0x8f, 0xf9, 0x0, 0x0, 0x8f, 0xf9,
    0x0, 0x0, 0x8f, 0xf9, 0x0, 0x0, 0x8f, 0xf9,
    0x0, 0x0, 0x8f, 0xf9, 0x0, 0x0, 0x8f, 0xf9,
    0x0, 0x0, 0x8f, 0xf9, 0x0, 0x0, 0x8f, 0xf9,
    0x0, 0x0, 0xbf, 0xf9, 0xd, 0xff, 0xff, 0xf9,
    0x1f, 0xff, 0xff, 0xf7, 0xd, 0xff, 0xff, 0xb1,

    /* U+005E "^" */
    0x0, 0x0, 0x1, 0x76, 0x0, 0x0, 0x0, 0x0,
    0x0, 0xc, 0xff, 0x90, 0x0, 0x0, 0x0, 0x0,
    0x5f, 0xff, 0xf2, 0x0, 0x0, 0x0, 0x0, 0xef,
    0xff, 0xfb, 0x0, 0x0, 0x0, 0x7, 0xff, 0xde,
    0xff, 0x40, 0x0, 0x0, 0x1f, 0xff, 0x36, 0xff,
    0xd0, 0x0, 0x0, 0x9f, 0xfa, 0x0, 0xdf, 0xf6,
    0x0, 0x2, 0xff, 0xf2, 0x0, 0x4f, 0xfe, 0x10,
    0xb, 0xff, 0x90, 0x0, 0xc, 0xff, 0x90, 0x4f,
    0xff, 0x10, 0x0, 0x3, 0xff, 0xf2, 0x7f, 0xf6,
    0x0, 0x0, 0x0, 0x7d, 0xc3,

    /* U+005F "_" */
    0xcf, 0xff, 0xff, 0xff, 0xff, 0xff, 0xff, 0xdd,
    0xff, 0xff, 0xff, 0xff, 0xff, 0xff, 0xff, 0x8f,
    0xff, 0xff, 0xff, 0xff, 0xff, 0xff, 0xe0,

    /* U+0060 "`" */
    0x27, 0x50, 0x0, 0x5f, 0xf4, 0x0, 0x9, 0xfe,
    0x10, 0x0, 0xbf, 0xa0, 0x0, 0xc, 0xe0,

    /* U+0061 "a" */
    0x0, 0x0, 0x7d, 0xfe, 0xb3, 0x8f, 0xb6, 0x0,
    0x0, 0x1, 0xcf, 0xff, 0xff, 0xff, 0xff, 0xf3,
    0x0, 0x0, 0xbf, 0xff, 0xff, 0xff, 0xff, 0xff,
    0x30, 0x0, 0x5f, 0xff, 0xe6, 0x35, 0xcf, 0xff,
    0xf3, 0x0, 0xa, 0xff, 0xf2, 0x0, 0x0, 0xdf,
    0xff, 0x30, 0x0, 0xef, 0xfa, 0x0, 0x0, 0x6,
    0xff, 0xf2, 0x0, 0xf, 0xff, 0x70, 0x0, 0x0,
    0x4f, 0xff, 0x20, 0x0, 0xff, 0xf7, 0x0, 0x0,
    0x5, 0xff, 0xf2, 0x0, 0xf, 0xff, 0x90, 0x0,
    0x0, 0x8f, 0xff, 0x20, 0x0, 0xdf, 0xff, 0x10,
    0x0, 0x1f, 0xff, 0xf2, 0x0, 0x9, 0xff, 0xfd,
    0x52, 0x5d, 0xff, 0xff, 0x50, 0x0, 0x2f, 0xff,
    0xff, 0xff, 0xff, 0xff, 0xfd, 0x91, 0x0, 0x6f,
    0xff, 0xff, 0xff, 0x6d, 0xff, 0xfd, 0x0, 0x0,
    0x3a, 0xef, 0xeb, 0x40, 0x2b, 0xfd, 0x20,

    /* U+0062 "b" */
    0x8e, 0xa4, 0x0, 0x0, 0x0, 0x0, 0x0, 0xb,
    0xff, 0xf2, 0x0, 0x0, 0x0, 0x0, 0x0, 0x9f,
    0xff, 0x30, 0x0, 0x0, 0x0, 0x0, 0x8, 0xff,
    0xf2, 0x0, 0x0, 0x0, 0x0, 0x0, 0x7f, 0xff,
    0x20, 0x0, 0x0, 0x0, 0x0, 0x6, 0xff, 0xf2,
    0x0, 0x0, 0x0, 0x0, 0x0, 0x5f, 0xff, 0x20,
    0x0, 0x0, 0x0, 0x0, 0x5, 0xff, 0xf2, 0x3b,
    0xef, 0xd7, 0x0, 0x0, 0x5f, 0xff, 0x8f, 0xff,
    0xff, 0xfc, 0x10, 0x4, 0xff, 0xff, 0xff, 0xff,
    0xff, 0xfb, 0x0, 0x4f, 0xff, 0xfc, 0x53, 0x7e,
    0xff, 0xf4, 0x4, 0xff, 0xfc, 0x0, 0x0, 0x3f,
    0xff, 0x90, 0x4f, 0xff, 0x60, 0x0, 0x0, 0xaf,
    0xfd, 0x4, 0xff, 0xf3, 0x0, 0x0, 0x7, 0xff,
    0xf0, 0x4f, 0xff, 0x40, 0x0, 0x0, 0x7f, 0xff,
    0x4, 0xff, 0xf8, 0x0, 0x0, 0xa, 0xff, 0xf0,
    0x4f, 0xff, 0xf1, 0x0, 0x2, 0xff, 0xfc, 0x4,
    0xff, 0xff, 0xd5, 0x35, 0xef, 0xff, 0x80, 0x4f,
    0xff, 0xff, 0xff, 0xff, 0xff, 0xf2, 0x4, 0xff,
    0xfa, 0xff, 0xff, 0xff, 0xf5, 0x0, 0x3f, 0xff,
    0x24, 0xbe, 0xfe, 0xa3, 0x0, 0x0,

    /* U+0063 "c" */
    0x0, 0x0, 0x39, 0xdf, 0xec, 0x60, 0x0, 0x0,
    0x8, 0xff, 0xff, 0xff, 0xfd, 0x10, 0x0, 0x8f,
    0xff, 0xff, 0xff, 0xff, 0xd0, 0x3, 0xff, 0xfd,
    0x40, 0x18, 0xff, 0xf8, 0xa, 0xff, 0xe1, 0x0,
    0x0, 0xaf, 0xb5, 0xe, 0xff, 0x80, 0x0, 0x0,
    0x0, 0x0, 0xf, 0xff, 0x50, 0x0, 0x0, 0x0,
    0x0, 0xf, 0xff, 0x40, 0x0, 0x0, 0x0, 0x0,
    0xe, 0xff, 0x70, 0x0, 0x0, 0x2, 0x80, 0x9,
    0xff, 0xd0, 0x0, 0x0, 0x1d, 0xf4, 0x3, 0xff,
    0xfc, 0x30, 0x5, 0xef, 0xf8, 0x0, 0x8f, 0xff,
    0xff, 0xff, 0xff, 0xf4, 0x0, 0x8, 0xff, 0xff,
    0xff, 0xff, 0x60, 0x0, 0x0, 0x3a, 0xdf, 0xfd,
    0x92, 0x0,

    /* U+0064 "d" */
    0x0, 0x0, 0x0, 0x0, 0x0, 0x8f, 0xa4, 0x0,
    0x0, 0x0, 0x0, 0x0, 0x0, 0xb, 0xff, 0xf2,
    0x0, 0x0, 0x0, 0x0, 0x0, 0x0, 0x9f, 0xff,
    0x30, 0x0, 0x0, 0x0, 0x0, 0x0, 0x7, 0xff,
    0xf3, 0x0, 0x0, 0x0, 0x0, 0x0, 0x0, 0x6f,
    0xff, 0x30, 0x0, 0x0, 0x0, 0x0, 0x0, 0x5,
    0xff, 0xf3, 0x0, 0x0, 0x0, 0x0, 0x0, 0x0,
    0x5f, 0xff, 0x30, 0x0, 0x0, 0x7, 0xdf, 0xea,
    0x35, 0xff, 0xf3, 0x0, 0x0, 0x1c, 0xff, 0xff,
    0xff, 0xaf, 0xff, 0x30, 0x0, 0xb, 0xff, 0xff,
    0xff, 0xff, 0xff, 0xf3, 0x0, 0x5, 0xff, 0xfe,
    0x63, 0x5c, 0xff, 0xff, 0x20, 0x0, 0xaf, 0xff,
    0x20, 0x0, 0xd, 0xff, 0xf2, 0x0, 0xe, 0xff,
    0xa0, 0x0, 0x0, 0x6f, 0xff, 0x20, 0x0, 0xff,
    0xf7, 0x0, 0x0, 0x3, 0xff, 0xf2, 0x0, 0xf,
    0xff, 0x70, 0x0, 0x0, 0x4f, 0xff, 0x20, 0x0,
    0xff, 0xf9, 0x0, 0x0, 0x8, 0xff, 0xf2, 0x0,
    0xd, 0xff, 0xf1, 0x0, 0x1, 0xff, 0xff, 0x30,
    0x0, 0x9f, 0xff, 0xd5, 0x25, 0xdf, 0xff, 0xf5,
    0x0, 0x2, 0xff, 0xff, 0xff, 0xff, 0xff, 0xff,
    0xe9, 0x10, 0x6, 0xff, 0xff, 0xff, 0xf6, 0xdf,
    0xff, 0xd0, 0x0, 0x3, 0xae, 0xfe, 0xb4, 0x2,
    0xbf, 0xd3, 0x0,

    /* U+0065 "e" */
    0x0, 0x0, 0x28, 0xce, 0xfd, 0x91, 0x0, 0x0,
    0x7, 0xff, 0xff, 0xff, 0xfe, 0x20, 0x0, 0x8f,
    0xff, 0xff, 0xff, 0xff, 0xb0, 0x3, 0xff, 0xfd,
    0x40, 0x6, 0xff, 0xe0, 0xa, 0xff, 0xe1, 0x0,
    0x0, 0xff, 0xe0, 0xe, 0xff, 0xa1, 0x1, 0x5c,
    0xff, 0x80, 0xf, 0xff, 0xff, 0xff, 0xff, 0xfb,
    0x0, 0xf, 0xff, 0xff, 0xff, 0xfc, 0x60, 0x0,
    0xe, 0xff, 0x84, 0x43, 0x10, 0x2, 0x40, 0xa,
    0xff, 0xd0, 0x0, 0x0, 0x1d, 0xf0, 0x4, 0xff,
    0xfc, 0x41, 0x15, 0xef, 0xf4, 0x0, 0xaf, 0xff,
    0xff, 0xff, 0xff, 0xf2, 0x0, 0xb, 0xff, 0xff,
    0xff, 0xff, 0x60, 0x0, 0x0, 0x5c, 0xef, 0xfd,
    0x92, 0x0,

    /* U+0066 "f" */
    0x0, 0x0, 0x3, 0xbe, 0xfd, 0x10, 0x0, 0x0,
    0x5f, 0xff, 0xff, 0x70, 0x0, 0x0, 0xdf, 0xff,
    0xff, 0x90, 0x0, 0x1, 0xff, 0xff, 0xa9, 0x80,
    0x0, 0x2, 0xff, 0xf7, 0x0, 0x0, 0x0, 0x2,
    0xff, 0xf3, 0x0, 0x0, 0x0, 0x2, 0xff, 0xf3,
    0x0, 0x0, 0xaf, 0xff, 0xff, 0xff, 0xff, 0xd0,
    0xaf, 0xff, 0xff, 0xff, 0xff, 0xf4, 0x4f, 0xff,
    0xff, 0xff, 0xff, 0xf6, 0x3, 0x34, 0xff, 0xf5,
    0x22, 0x10, 0x0, 0x2, 0xff, 0xf3, 0x0, 0x0,
    0x0, 0x2, 0xff, 0xf3, 0x0, 0x0, 0x0, 0x2,
    0xff, 0xf3, 0x0, 0x0, 0x0, 0x2, 0xff, 0xf3,
    0x0, 0x0, 0x0, 0x1, 0xff, 0xf3, 0x0, 0x0,
    0x0, 0x1, 0xff, 0xf3, 0x0, 0x0, 0x0, 0x1,
    0xff, 0xf3, 0x0, 0x0, 0x0, 0x1, 0xff, 0xf3,
    0x0, 0x0, 0x0, 0x2, 0xff, 0xf4, 0x0, 0x0,
    0x0, 0x1, 0xef, 0xf3, 0x0, 0x0,

    /* U+0067 "g" */
    0x0, 0x0, 0x7d, 0xfe, 0xb3, 0x8e, 0xb6, 0x0,
    0x1, 0xcf, 0xff, 0xff, 0xfe, 0xff, 0xf3, 0x0,
    0xbf, 0xff, 0xff, 0xff, 0xff, 0xff, 0x30, 0x5f,
    0xff, 0xe6, 0x35, 0xcf, 0xff, 0xf3, 0xa, 0xff,
    0xf2, 0x0, 0x0, 0xdf, 0xff, 0x30, 0xef, 0xf9,
    0x0, 0x0, 0x6, 0xff, 0xf3, 0xf, 0xff, 0x70,
    0x0, 0x0, 0x4f, 0xff, 0x30, 0xff, 0xf7, 0x0,
    0x0, 0x5, 0xff, 0xf3, 0xf, 0xff, 0xa0, 0x0,
    0x0, 0x8f, 0xff, 0x30, 0xdf, 0xff, 0x20, 0x0,
    0x2f, 0xff, 0xf3, 0x9, 0xff, 0xfe, 0x64, 0x6e,
    0xff, 0xff, 0x30, 0x2f, 0xff, 0xff, 0xff, 0xff,
    0xff, 0xf3, 0x0, 0x6f, 0xff, 0xff, 0xff, 0x7f,
    0xff, 0x30, 0x0, 0x3a, 0xef, 0xeb, 0x32, 0xff,
    0xf3, 0x0, 0x0, 0x0, 0x0, 0x0, 0x3f, 0xff,
    0x10, 0x4, 0x0, 0x0, 0x0, 0x8, 0xff, 0xf0,
    0x0, 0xea, 0x10, 0x0, 0x4, 0xff, 0xfb, 0x0,
    0x2f, 0xff, 0x96, 0x59, 0xff, 0xff, 0x50, 0x3,
    0xff, 0xff, 0xff, 0xff, 0xff, 0xb0, 0x0, 0xa,
    0xff, 0xff, 0xff, 0xff, 0xa0, 0x0, 0x0, 0x4,
    0xad, 0xff, 0xda, 0x40, 0x0, 0x0,

    /* U+0068 "h" */
    0x8e, 0xa4, 0x0, 0x0, 0x0, 0x0, 0x0, 0xbf,
    0xff, 0x20, 0x0, 0x0, 0x0, 0x0, 0x9f, 0xff,
    0x30, 0x0, 0x0, 0x0, 0x0, 0x8f, 0xff, 0x20,
    0x0, 0x0, 0x0, 0x0, 0x7f, 0xff, 0x20, 0x0,
    0x0, 0x0, 0x0, 0x6f, 0xff, 0x20, 0x0, 0x0,
    0x0, 0x0, 0x5f, 0xff, 0x20, 0x0, 0x0, 0x0,
    0x0, 0x5f, 0xff, 0x38, 0xdf, 0xfa, 0x20, 0x0,
    0x5f, 0xff, 0xef, 0xff, 0xff, 0xe1, 0x0, 0x4f,
    0xff, 0xff, 0xff, 0xff, 0xf9, 0x0, 0x4f, 0xff,
    0xfc, 0x8b, 0xff, 0xfe, 0x0, 0x4f, 0xff, 0xc0,
    0x0, 0xcf, 0xff, 0x0, 0x4f, 0xff, 0x50, 0x0,
    0x7f, 0xff, 0x0, 0x4f, 0xff, 0x30, 0x0, 0x6f,
    0xff, 0x0, 0x4f, 0xff, 0x20, 0x0, 0x5f, 0xff,
    0x0, 0x4f, 0xff, 0x20, 0x0, 0x5f, 0xff, 0x0,
    0x4f, 0xff, 0x20, 0x0, 0x5f, 0xff, 0x0, 0x4f,
    0xff, 0x20, 0x0, 0x5f, 0xff, 0x10, 0x4f, 0xff,
    0x20, 0x0, 0x4f, 0xff, 0xc8, 0x4f, 0xff, 0x30,
    0x0, 0x1f, 0xff, 0xf6, 0x3f, 0xfe, 0x20, 0x0,
    0x5, 0xef, 0xa0,

    /* U+0069 "i" */
    0xaf, 0xc3, 0x0, 0x7, 0xff, 0xf2, 0x0, 0x7f,
    0xff, 0x50, 0x3, 0xff, 0xf2, 0x0, 0x2, 0x63,
    0x0, 0x0, 0x0, 0x0, 0x0, 0x8e, 0xa5, 0x0,
    0xa, 0xff, 0xf4, 0x0, 0x8f, 0xff, 0x40, 0x6,
    0xff, 0xf3, 0x0, 0x4f, 0xff, 0x30, 0x3, 0xff,
    0xf3, 0x0, 0x2f, 0xff, 0x30, 0x2, 0xff, 0xf3,
    0x0, 0x1f, 0xff, 0x40, 0x1, 0xff, 0xf8, 0x0,
    0x1f, 0xff, 0xfa, 0x51, 0xff, 0xff, 0xf3, 0xe,
    0xff, 0xfe, 0x0, 0x4d, 0xfd, 0x30,

    /* U+006A "j" */
    0x0, 0x0, 0x5f, 0xd6, 0x0, 0x0, 0x3, 0xff,
    0xf6, 0x0, 0x0, 0x2f, 0xff, 0xa0, 0x0, 0x0,
    0xdf, 0xf6, 0x0, 0x0, 0x1, 0x55, 0x0, 0x0,
    0x0, 0x0, 0x0, 0x0, 0x0, 0x3f, 0xc7, 0x0,
    0x0, 0x5, 0xff, 0xf8, 0x0, 0x0, 0x3f, 0xff,
    0x90, 0x0, 0x1, 0xff, 0xf8, 0x0, 0x0, 0xf,
    0xff, 0x80, 0x0, 0x0, 0xef, 0xf8, 0x0, 0x0,
    0xd, 0xff, 0x80, 0x0, 0x0, 0xdf, 0xf8, 0x0,
    0x0, 0xd, 0xff, 0x80, 0x0, 0x0, 0xdf, 0xf8,
    0x0, 0x0, 0xd, 0xff, 0x80, 0x0, 0x0, 0xdf,
    0xf8, 0x0, 0x0, 0xd, 0xff, 0x80, 0x0, 0x0,
    0xdf, 0xf8, 0x0, 0x0, 0xd, 0xff, 0x80, 0x0,
    0x0, 0xff, 0xf8, 0x0, 0x0, 0x5f, 0xff, 0x83,
    0xfb, 0xbf, 0xff, 0xf7, 0xf, 0xff, 0xff, 0xff,
    0x40, 0x8f, 0xff, 0xff, 0xc0, 0x0, 0x7d, 0xfe,
    0x91, 0x0,

    /* U+006B "k" */
    0x8e, 0xa4, 0x0, 0x0, 0x0, 0x0, 0x0, 0xbf,
    0xff, 0x20, 0x0, 0x0, 0x0, 0x0, 0x9f, 0xff,
    0x30, 0x0, 0x0, 0x0, 0x0, 0x8f, 0xff, 0x20,
    0x0, 0x0, 0x0, 0x0, 0x7f, 0xff, 0x20, 0x0,
    0x0, 0x0, 0x0, 0x6f, 0xff, 0x20, 0x0, 0x0,
    0x0, 0x0, 0x5f, 0xff, 0x20, 0x0, 0x0, 0x0,
    0x0, 0x5f, 0xff, 0x20, 0x0, 0x8, 0xd0, 0x0,
    0x5f, 0xff, 0x20, 0x0, 0x8f, 0xf6, 0x0, 0x4f,
    0xff, 0x20, 0x5d, 0xff, 0xfd, 0x0, 0x4f, 0xff,
    0x7c, 0xff, 0xff, 0xe6, 0x0, 0x4f, 0xff, 0xff,
    0xff, 0xd6, 0x0, 0x0, 0x4f, 0xff, 0xff, 0xe7,
    0x0, 0x0, 0x0, 0x4f, 0xff, 0xff, 0xd1, 0x0,
    0x0, 0x0, 0x4f, 0xff, 0xff, 0xfd, 0x10, 0x0,
    0x0, 0x4f, 0xff, 0x6f, 0xff, 0xd2, 0x0, 0x0,
    0x4f, 0xff, 0x23, 0xef, 0xff, 0x50, 0x0, 0x4f,
    0xff, 0x20, 0x2e, 0xff, 0xfc, 0x63, 0x4f, 0xff,
    0x20, 0x2, 0xef, 0xff, 0xfb, 0x4f, 0xff, 0x30,
    0x0, 0x2e, 0xff, 0xf2, 0x3f, 0xfe, 0x20, 0x0,
    0x2, 0xce, 0x50,

    /* U+006C "l" */
    0x8e, 0xa4, 0x0, 0xb, 0xff, 0xf2, 0x0, 0x9f,
    0xff, 0x30, 0x7, 0xff, 0xf2, 0x0, 0x5f, 0xff,
    0x20, 0x4, 0xff, 0xf2, 0x0, 0x3f, 0xff, 0x20,
    0x3, 0xff, 0xf2, 0x0, 0x3f, 0xff, 0x20, 0x2,
    0xff, 0xf2, 0x0, 0x2f, 0xff, 0x20, 0x2, 0xff,
    0xf2, 0x0, 0x2f, 0xff, 0x20, 0x2, 0xff, 0xf2,
    0x0, 0x2f, 0xff, 0x20, 0x2, 0xff, 0xf3, 0x0,
    0x2f, 0xff, 0x60, 0x2, 0xff, 0xfe, 0x95, 0x2f,
    0xff, 0xff, 0x40, 0xef, 0xff, 0xd0, 0x4, 0xdf,
    0xd3, 0x0,

    /* U+006D "m" */
    0x9e, 0xb6, 0x2b, 0xff, 0xb3, 0x2, 0xbf, 0xfb,
    0x20, 0x0, 0xbf, 0xff, 0xff, 0xff, 0xff, 0x6e,
    0xff, 0xff, 0xe2, 0x0, 0x9f, 0xff, 0xff, 0xff,
    0xff, 0xff, 0xff, 0xff, 0xfa, 0x0, 0x7f, 0xff,
    0xfa, 0x9f, 0xff, 0xff, 0xa9, 0xff, 0xff, 0x0,
    0x5f, 0xff, 0x90, 0xa, 0xff, 0xf9, 0x0, 0x9f,
    0xff, 0x10, 0x4f, 0xff, 0x40, 0x6, 0xff, 0xf4,
    0x0, 0x6f, 0xff, 0x10, 0x3f, 0xff, 0x20, 0x5,
    0xff, 0xf2, 0x0, 0x5f, 0xff, 0x10, 0x3f, 0xff,
    0x20, 0x4, 0xff, 0xf2, 0x0, 0x4f, 0xff, 0x10,
    0x3f, 0xff, 0x20, 0x4, 0xff, 0xf2, 0x0, 0x4f,
    0xff, 0x10, 0x2f, 0xff, 0x20, 0x3, 0xff, 0xf2,
    0x0, 0x4f, 0xff, 0x10, 0x2f, 0xff, 0x20, 0x3,
    0xff, 0xf2, 0x0, 0x4f, 0xff, 0x30, 0x2f, 0xff,
    0x20, 0x3, 0xff, 0xf2, 0x0, 0x3f, 0xff, 0xd8,
    0x3f, 0xff, 0x30, 0x4, 0xff, 0xf2, 0x0, 0xe,
    0xff, 0xf7, 0x2e, 0xff, 0x20, 0x2, 0xff, 0xe1,
    0x0, 0x4, 0xdf, 0xa0,

    /* U+006E "n" */
    0x9e, 0xb6, 0x18, 0xdf, 0xfa, 0x20, 0x0, 0xbf,
    0xff, 0xef, 0xff, 0xff, 0xe1, 0x0, 0x9f, 0xff,
    0xff, 0xff, 0xff, 0xf9, 0x0, 0x7f, 0xff, 0xfc,
    0x8b, 0xff, 0xfe, 0x0, 0x5f, 0xff, 0xc0, 0x0,
    0xcf, 0xff, 0x0, 0x4f, 0xff, 0x50, 0x0, 0x7f,
    0xff, 0x0, 0x3f, 0xff, 0x30, 0x0, 0x6f, 0xff,
    0x0, 0x3f, 0xff, 0x20, 0x0, 0x5f, 0xff, 0x0,
    0x3f, 0xff, 0x20, 0x0, 0x5f, 0xff, 0x0, 0x2f,
    0xff, 0x20, 0x0, 0x5f, 0xff, 0x0, 0x2f, 0xff,
    0x20, 0x0, 0x5f, 0xff, 0x10, 0x2f, 0xff, 0x20,
    0x0, 0x4f, 0xff, 0xc8, 0x3f, 0xff, 0x30, 0x0,
    0x1f, 0xff, 0xf6, 0x2e, 0xff, 0x20, 0x0, 0x5,
    0xef, 0xa0,

    /* U+006F "o" */
    0x0, 0x0, 0x39, 0xdf, 0xec, 0x60, 0x0, 0x0,
    0x0, 0x8f, 0xff, 0xff, 0xff, 0xc1, 0x0, 0x0,
    0x9f, 0xff, 0xfc, 0xef, 0xff, 0xd0, 0x0, 0x4f,
    0xff, 0xd2, 0x0, 0x9f, 0xff, 0x70, 0xa, 0xff,
    0xf2, 0x0, 0x0, 0xcf, 0xfd, 0x0, 0xef, 0xfb,
    0x0, 0x0, 0x6, 0xff, 0xf2, 0xf, 0xff, 0x70,
    0x0, 0x0, 0x3f, 0xff, 0x40, 0xff, 0xf7, 0x0,
    0x0, 0x4, 0xff, 0xf4, 0xe, 0xff, 0xa0, 0x0,
    0x0, 0x8f, 0xff, 0x20, 0x9f, 0xff, 0x20, 0x0,
    0x1e, 0xff, 0xe0, 0x3, 0xff, 0xfd, 0x20, 0x2c,
    0xff, 0xf8, 0x0, 0x9, 0xff, 0xff, 0xef, 0xff,
    0xfd, 0x0, 0x0, 0x9, 0xff, 0xff, 0xff, 0xfc,
    0x10, 0x0, 0x0, 0x4, 0xae, 0xfe, 0xb5, 0x0,
    0x0,

    /* U+0070 "p" */
    0x9e, 0xa4, 0x2, 0xae, 0xfd, 0x70, 0x0, 0xb,
    0xff, 0xf6, 0xff, 0xff, 0xff, 0xc1, 0x0, 0x9f,
    0xff, 0xff, 0xff, 0xff, 0xff, 0xb0, 0x8, 0xff,
    0xff, 0xe8, 0x7b, 0xff, 0xff, 0x40, 0x7f, 0xff,
    0xe1, 0x0, 0x5, 0xff, 0xf9, 0x6, 0xff, 0xf6,
    0x0, 0x0, 0xb, 0xff, 0xd0, 0x5f, 0xff, 0x30,
    0x0, 0x0, 0x7f, 0xff, 0x5, 0xff, 0xf4, 0x0,
    0x0, 0x7, 0xff, 0xf0, 0x5f, 0xff, 0x80, 0x0,
    0x0, 0xaf, 0xff, 0x4, 0xff, 0xff, 0x10, 0x0,
    0x2f, 0xff, 0xc0, 0x4f, 0xff, 0xfe, 0x64, 0x7f,
    0xff, 0xf8, 0x4, 0xff, 0xff, 0xff, 0xff, 0xff,
    0xff, 0x20, 0x4f, 0xff, 0x8f, 0xff, 0xff, 0xff,
    0x50, 0x4, 0xff, 0xf2, 0x4b, 0xef, 0xea, 0x30,
    0x0, 0x4f, 0xff, 0x20, 0x0, 0x0, 0x0, 0x0,
    0x4, 0xff, 0xf2, 0x0, 0x0, 0x0, 0x0, 0x0,
    0x4f, 0xff, 0x20, 0x0, 0x0, 0x0, 0x0, 0x4,
    0xff, 0xf2, 0x0, 0x0, 0x0, 0x0, 0x0, 0x4f,
    0xff, 0x20, 0x0, 0x0, 0x0, 0x0, 0x4, 0xff,
    0xf3, 0x0, 0x0, 0x0, 0x0, 0x0, 0x2f, 0xff,
    0x20, 0x0, 0x0, 0x0, 0x0, 0x0,

    /* U+0071 "q" */
    0x0, 0x0, 0x7d, 0xfe, 0xb3, 0x8e, 0xb6, 0x0,
    0x0, 0x1, 0xcf, 0xff, 0xff, 0xfe, 0xff, 0xf3,
    0x0, 0x0, 0xbf, 0xff, 0xff, 0xff, 0xff, 0xff,
    0x30, 0x0, 0x5f, 0xff, 0xe6, 0x35, 0xcf, 0xff,
    0xf3, 0x0, 0xa, 0xff, 0xf2, 0x0, 0x0, 0xdf,
    0xff, 0x30, 0x0, 0xef, 0xf9, 0x0, 0x0, 0x6,
    0xff, 0xf3, 0x0, 0xf, 0xff, 0x70, 0x0, 0x0,
    0x4f, 0xff, 0x30, 0x0, 0xff, 0xf7, 0x0, 0x0,
    0x5, 0xff, 0xf3, 0x0, 0xf, 0xff, 0xa0, 0x0,
    0x0, 0x8f, 0xff, 0x30, 0x0, 0xdf, 0xff, 0x20,
    0x0, 0x2f, 0xff, 0xf3, 0x0, 0x9, 0xff, 0xfe,
    0x64, 0x6e, 0xff, 0xff, 0x30, 0x0, 0x2f, 0xff,
    0xff, 0xff, 0xff, 0xff, 0xf2, 0x0, 0x0, 0x6f,
    0xff, 0xff, 0xff, 0x7f, 0xff, 0x20, 0x0, 0x0,
    0x3a, 0xef, 0xea, 0x32, 0xff, 0xf2, 0x0, 0x0,
    0x0, 0x0, 0x0, 0x0, 0x2f, 0xff, 0x20, 0x0,
    0x0, 0x0, 0x0, 0x0, 0x2, 0xff, 0xf2, 0x0,
    0x0, 0x0, 0x0, 0x0, 0x0, 0x2f, 0xff, 0x30,
    0x0, 0x0, 0x0, 0x0, 0x0, 0x2, 0xff, 0xf6,
    0x0, 0x0, 0x0, 0x0, 0x0, 0x0, 0x1f, 0xff,
    0xe9, 0x10, 0x0, 0x0, 0x0, 0x0, 0x0, 0xcf,
    0xff, 0xd0, 0x0, 0x0, 0x0, 0x0, 0x0, 0x1,
    0xbf, 0xd2, 0x0,

    /* U+0072 "r" */
    0x9e, 0xb6, 0x18, 0xdf, 0xf6, 0xbf, 0xff, 0xef,
    0xff, 0xf6, 0x9f, 0xff, 0xff, 0xff, 0xf1, 0x7f,
    0xff, 0xfc, 0x8c, 0x90, 0x5f, 0xff, 0xc0, 0x0,
    0x0, 0x4f, 0xff, 0x50, 0x0, 0x0, 0x3f, 0xff,
    0x30, 0x0, 0x0, 0x3f, 0xff, 0x20, 0x0, 0x0,
    0x3f, 0xff, 0x20, 0x0, 0x0, 0x2f, 0xff, 0x20,
    0x0, 0x0, 0x2f, 0xff, 0x20, 0x0, 0x0, 0x2f,
    0xff, 0x20, 0x0, 0x0, 0x3f, 0xff, 0x30, 0x0,
    0x0, 0x2e, 0xff, 0x20, 0x0, 0x0,

    /* U+0073 "s" */
    0x0, 0x18, 0xdf, 0xed, 0x70, 0x0, 0x1, 0xef,
    0xff, 0xff, 0xfd, 0x10, 0xb, 0xff, 0xfa, 0x9e,
    0xff, 0xc0, 0xf, 0xff, 0x40, 0x0, 0xef, 0xf2,
    0xf, 0xff, 0x50, 0x0, 0x4b, 0xa1, 0xc, 0xff,
    0xe7, 0x20, 0x0, 0x0, 0x4, 0xff, 0xff, 0xfd,
    0x92, 0x0, 0x0, 0x4c, 0xff, 0xff, 0xff, 0x70,
    0x0, 0x0, 0x16, 0xaf, 0xff, 0xf3, 0x3, 0x0,
    0x0, 0x1, 0xff, 0xf8, 0xd, 0xb3, 0x0, 0x2,
    0xff, 0xf9, 0xe, 0xff, 0xfd, 0xef, 0xff, 0xf6,
    0x9, 0xff, 0xff, 0xff, 0xff, 0xb0, 0x0, 0x5b,
    0xef, 0xfe, 0xb6, 0x0,

    /* U+0074 "t" */
    0x0, 0x1, 0x73, 0x0, 0x0, 0x0, 0x0, 0x6,
    0xff, 0xe3, 0x0, 0x0, 0x0, 0x5, 0xff, 0xf8,
    0x0, 0x0, 0x0, 0x3, 0xff, 0xf8, 0x0, 0x0,
    0x0, 0x1, 0xff, 0xf7, 0x0, 0x0, 0x0, 0x0,
    0xff, 0xf7, 0x0, 0x0, 0x7f, 0xff, 0xff, 0xff,
    0xff, 0xe1, 0x8f, 0xff, 0xff, 0xff, 0xff, 0xf6,
    0x3f, 0xff, 0xff, 0xff, 0xff, 0xf8, 0x4, 0x42,
    0xef, 0xf8, 0x22, 0x20, 0x0, 0x0, 0xdf, 0xf7,
    0x0, 0x0, 0x0, 0x0, 0xdf, 0xf7, 0x0, 0x0,
    0x0, 0x0, 0xdf, 0xf7, 0x0, 0x0, 0x0, 0x0,
    0xdf, 0xf8, 0x0, 0x0, 0x0, 0x0, 0xdf, 0xf9,
    0x0, 0x0, 0x0, 0x0, 0xdf, 0xfd, 0x0, 0x0,
    0x0, 0x0, 0xdf, 0xff, 0xca, 0x70, 0x0, 0x0,
    0xdf, 0xff, 0xff, 0x50, 0x0, 0x0, 0x9f, 0xff,
    0xfc, 0x0, 0x0, 0x0, 0x1b, 0xff, 0xa1, 0x0,

    /* U+0075 "u" */
    0x9e, 0xa4, 0x0, 0x0, 0xbe, 0x93, 0x0, 0xb,
    0xff, 0xf2, 0x0, 0xd, 0xff, 0xf0, 0x0, 0x9f,
    0xff, 0x30, 0x0, 0xbf, 0xff, 0x0, 0x7, 0xff,
    0xf2, 0x0, 0x8, 0xff, 0xf0, 0x0, 0x5f, 0xff,
    0x20, 0x0, 0x6f, 0xff, 0x0, 0x3, 0xff, 0xf2,
    0x0, 0x5, 0xff, 0xf0, 0x0, 0x3f, 0xff, 0x20,
    0x0, 0x5f, 0xff, 0x0, 0x2, 0xff, 0xf2, 0x0,
    0x6, 0xff, 0xf0, 0x0, 0x2f, 0xff, 0x30, 0x0,
    0x8f, 0xff, 0x0, 0x2, 0xff, 0xf8, 0x0, 0x1e,
    0xff, 0xf0, 0x0, 0x1f, 0xff, 0xfa, 0x9d, 0xff,
    0xff, 0x30, 0x0, 0xcf, 0xff, 0xff, 0xff, 0xff,
    0xfc, 0x80, 0x3, 0xff, 0xff, 0xff, 0xcf, 0xff,
    0xfa, 0x0, 0x3, 0xcf, 0xfc, 0x60, 0x4c, 0xfb,
    0x10,

    /* U+0076 "v" */
    0x6f, 0xfe, 0x20, 0x0, 0x0, 0xde, 0xa2, 0x9,
    0xff, 0xf8, 0x0, 0x0, 0xd, 0xff, 0xd0, 0x2f,
    0xff, 0xb0, 0x0, 0x0, 0xef, 0xfe, 0x0, 0xcf,
    0xfe, 0x0, 0x0, 0xf, 0xff, 0xc0, 0x7, 0xff,
    0xf1, 0x0, 0x0, 0xff, 0xfa, 0x0, 0x2f, 0xff,
    0x40, 0x0, 0x2f, 0xff, 0x70, 0x0, 0xef, 0xf8,
    0x0, 0x5, 0xff, 0xf4, 0x0, 0xa, 0xff, 0xb0,
    0x0, 0x9f, 0xff, 0x10, 0x0, 0x6f, 0xff, 0x0,
    0x1f, 0xff, 0xd0, 0x0, 0x2, 0xff, 0xf5, 0xb,
    0xff, 0xf8, 0x0, 0x0, 0xe, 0xff, 0xec, 0xff,
    0xff, 0x10, 0x0, 0x0, 0x8f, 0xff, 0xff, 0xff,
    0x80, 0x0, 0x0, 0x0, 0xdf, 0xff, 0xff, 0xa0,
    0x0, 0x0, 0x0, 0x0, 0x9e, 0xeb, 0x40, 0x0,
    0x0, 0x0, 0x0, 0x0, 0x0, 0x0, 0x0, 0x0,
    0x0,

    /* U+0077 "w" */
    0x6f, 0xfe, 0x20, 0x0, 0xc, 0xff, 0xa0, 0x0,
    0x0, 0x4f, 0xc5, 0x9, 0xff, 0xf8, 0x0, 0x0,
    0xff, 0xff, 0x10, 0x0, 0x5, 0xff, 0xf5, 0x2f,
    0xff, 0xb0, 0x0, 0xa, 0xff, 0xf4, 0x0, 0x0,
    0x5f, 0xff, 0x70, 0xcf, 0xfe, 0x0, 0x0, 0x3f,
    0xff, 0x70, 0x0, 0x6, 0xff, 0xf5, 0x7, 0xff,
    0xf1, 0x0, 0x0, 0xef, 0xfa, 0x0, 0x0, 0x7f,
    0xff, 0x30, 0x2f, 0xff, 0x40, 0x0, 0xa, 0xff,
    0xd0, 0x0, 0x9, 0xff, 0xf1, 0x0, 0xef, 0xf7,
    0x0, 0x0, 0xbf, 0xff, 0x0, 0x0, 0xcf, 0xfe,
    0x0, 0xa, 0xff, 0xb0, 0x0, 0xe, 0xff, 0xf4,
    0x0, 0x1f, 0xff, 0xa0, 0x0, 0x6f, 0xff, 0x0,
    0x3, 0xff, 0xff, 0x80, 0x7, 0xff, 0xf6, 0x0,
    0x3, 0xff, 0xf5, 0x0, 0xcf, 0xff, 0xfe, 0x2,
    0xff, 0xff, 0x10, 0x0, 0xe, 0xff, 0xe8, 0xcf,
    0xff, 0xff, 0xfc, 0xef, 0xff, 0xa0, 0x0, 0x0,
    0x9f, 0xff, 0xff, 0xff, 0x7f, 0xff, 0xff, 0xff,
    0xf1, 0x0, 0x0, 0x0, 0xdf, 0xff, 0xff, 0x80,
    0x5f, 0xff, 0xff, 0xf4, 0x0, 0x0, 0x0, 0x1,
    0x9e, 0xeb, 0x40, 0x0, 0x3c, 0xfd, 0x91, 0x0,
    0x0, 0x0, 0x0, 0x0, 0x0, 0x0, 0x0, 0x0,
    0x0, 0x0, 0x0, 0x0, 0x0,

    /* U+0078 "x" */
    0x4f, 0xff, 0x90, 0x0, 0x0, 0x7f, 0xff, 0x30,
    0x1e, 0xff, 0xf5, 0x0, 0x3, 0xff, 0xff, 0x10,
    0x2, 0xef, 0xff, 0x30, 0xc, 0xff, 0xf5, 0x0,
    0x0, 0x3f, 0xff, 0xe2, 0x9f, 0xff, 0x80, 0x0,
    0x0, 0x4, 0xff, 0xfe, 0xff, 0xfb, 0x0, 0x0,
    0x0, 0x0, 0x6f, 0xff, 0xff, 0xd1, 0x0, 0x0,
    0x0, 0x0, 0x8, 0xff, 0xff, 0x20, 0x0, 0x0,
    0x0, 0x0, 0xc, 0xff, 0xff, 0x80, 0x0, 0x0,
    0x0, 0x0, 0xbf, 0xff, 0xff, 0xf8, 0x0, 0x0,
    0x0, 0x8, 0xff, 0xfa, 0xef, 0xff, 0x90, 0x0,
    0x0, 0x7f, 0xff, 0xc0, 0x3f, 0xff, 0xfd, 0x61,
    0x7, 0xff, 0xff, 0x20, 0x5, 0xff, 0xff, 0xf6,
    0x7f, 0xff, 0xf7, 0x0, 0x0, 0x8f, 0xff, 0xb0,
    0x3a, 0xdf, 0xc0, 0x0, 0x0, 0x9, 0xfb, 0x0,
    0x0, 0x0, 0x0, 0x0, 0x0, 0x0, 0x0, 0x0,

    /* U+0079 "y" */
    0x9e, 0xa4, 0x0, 0x0, 0x1, 0xec, 0x70, 0xbf,
    0xff, 0x20, 0x0, 0x2, 0xff, 0xfa, 0x9f, 0xff,
    0x20, 0x0, 0x0, 0xff, 0xfb, 0x7f, 0xff, 0x20,
    0x0, 0x0, 0xef, 0xfa, 0x5f, 0xff, 0x10, 0x0,
    0x0, 0xcf, 0xfa, 0x4f, 0xff, 0x10, 0x0, 0x0,
    0xbf, 0xf9, 0x4f, 0xff, 0x10, 0x0, 0x0, 0xbf,
    0xf9, 0x4f, 0xff, 0x20, 0x0, 0x0, 0xcf, 0xf9,
    0x3f, 0xff, 0x50, 0x0, 0x0, 0xff, 0xf9, 0x1f,
    0xff, 0xd0, 0x0, 0x7, 0xff, 0xf9, 0xc, 0xff,
    0xfd, 0x64, 0x8f, 0xff, 0xf9, 0x5, 0xff, 0xff,
    0xff, 0xff, 0xff, 0xf9, 0x0, 0x9f, 0xff, 0xff,
    0xfe, 0xcf, 0xf9, 0x0, 0x5, 0xbe, 0xfe, 0x91,
    0xbf, 0xf9, 0x0, 0x0, 0x0, 0x0, 0x0, 0xdf,
    0xf8, 0x2, 0x30, 0x0, 0x0, 0x3, 0xff, 0xf6,
    0x8, 0xf6, 0x0, 0x0, 0x1d, 0xff, 0xf2, 0xc,
    0xff, 0xe9, 0x79, 0xff, 0xff, 0xc0, 0xd, 0xff,
    0xff, 0xff, 0xff, 0xff, 0x20, 0x5, 0xff, 0xff,
    0xff, 0xff, 0xe3, 0x0, 0x0, 0x28, 0xce, 0xfe,
    0xc7, 0x10, 0x0,

    /* U+007A "z" */
    0x0, 0x0, 0x0, 0x0, 0x0, 0x0, 0x0, 0x8f,
    0xff, 0xff, 0xff, 0xff, 0xff, 0x70, 0x7f, 0xff,
    0xff, 0xff, 0xff, 0xff, 0x90, 0x3f, 0xff, 0xff,
    0xff, 0xff, 0xff, 0x90, 0x2, 0x33, 0x33, 0x3c,
    0xff, 0xfa, 0x10, 0x0, 0x0, 0x0, 0x7f, 0xff,
    0x90, 0x0, 0x0, 0x0, 0x5, 0xff, 0xfa, 0x0,
    0x0, 0x0, 0x0, 0x4f, 0xff, 0xc0, 0x0, 0x0,
    0x0, 0x2, 0xff, 0xfd, 0x10, 0x0, 0x0, 0x0,
    0x1e, 0xff, 0xe1, 0x0, 0x0, 0x0, 0x0, 0xdf,
    0xff, 0x20, 0x0, 0x0, 0x0, 0x2d, 0xff, 0xf7,
    0x33, 0x33, 0x33, 0x20, 0xbf, 0xff, 0xff, 0xff,
    0xff, 0xff, 0xf0, 0xbf, 0xff, 0xff, 0xff, 0xff,
    0xff, 0xf3, 0x9f, 0xff, 0xff, 0xff, 0xff, 0xff,
    0xf3, 0x0, 0x0, 0x0, 0x0, 0x0, 0x0, 0x10,

    /* U+007B "{" */
    0x0, 0x0, 0x0, 0x0, 0x0, 0x0, 0x0, 0x0,
    0x2a, 0xef, 0xf7, 0x0, 0x0, 0x3f, 0xff, 0xff,
    0xb0, 0x0, 0xa, 0xff, 0xff, 0xf7, 0x0, 0x0,
    0xdf, 0xf8, 0x0, 0x0, 0x0, 0xe, 0xff, 0x30,
    0x0, 0x0, 0x0, 0xdf, 0xf3, 0x0, 0x0, 0x0,
    0xc, 0xff, 0x40, 0x0, 0x0, 0x0, 0xbf, 0xf5,
    0x0, 0x0, 0x0, 0xa, 0xff, 0x50, 0x0, 0x0,
    0x0, 0xbf, 0xf4, 0x0, 0x0, 0x0, 0xe, 0xff,
    0x30, 0x0, 0x0, 0x1b, 0xff, 0xf1, 0x0, 0x0,
    0x7f, 0xff, 0xfa, 0x0, 0x0, 0xf, 0xff, 0xfb,
    0x0, 0x0, 0x0, 0xff, 0xff, 0xb0, 0x0, 0x0,
    0x7, 0xff, 0xff, 0xa0, 0x0, 0x0, 0x1, 0xbf,
    0xff, 0x0, 0x0, 0x0, 0x0, 0xef, 0xf3, 0x0,
    0x0, 0x0, 0xa, 0xff, 0x40, 0x0, 0x0, 0x0,
    0xaf, 0xf5, 0x0, 0x0, 0x0, 0xb, 0xff, 0x50,
    0x0, 0x0, 0x0, 0xcf, 0xf4, 0x0, 0x0, 0x0,
    0xd, 0xff, 0x30, 0x0, 0x0, 0x0, 0xef, 0xf3,
    0x0, 0x0, 0x0, 0xd, 0xff, 0x80, 0x0, 0x0,
    0x0, 0xaf, 0xff, 0xff, 0x70, 0x0, 0x3, 0xff,
    0xff, 0xfb, 0x0, 0x0, 0x2, 0xae, 0xff, 0x70,

    /* U+007C "|" */
    0x0, 0x0, 0x1e, 0xf9, 0x3f, 0xfa, 0x3f, 0xfa,
    0x3f, 0xfb, 0x3f, 0xfb, 0x3f, 0xfb, 0x3f, 0xfb,
    0x3f, 0xfb, 0x3f, 0xfb, 0x3f, 0xfb, 0x3f, 0xfb,
    0x3f, 0xfb, 0x3f, 0xfb, 0x3f, 0xfb, 0x3f, 0xfb,
    0x3f, 0xfb, 0x3f, 0xfb, 0x3f, 0xfb, 0x3f, 0xfb,
    0x3f, 0xfb, 0x3f, 0xfb, 0x3f, 0xfb, 0x3f, 0xfb,
    0x3f, 0xfb, 0x3f, 0xfb, 0x3f, 0xfb, 0x3f, 0xfb,
    0x3f, 0xfb, 0x1f, 0xf9,

    /* U+007D "}" */
    0x0, 0x0, 0x0, 0x0, 0x0, 0x0, 0xdf, 0xfd,
    0x70, 0x0, 0x0, 0x1f, 0xff, 0xff, 0xb0, 0x0,
    0x0, 0xdf, 0xff, 0xff, 0x40, 0x0, 0x0, 0x1,
    0xdf, 0xf7, 0x0, 0x0, 0x0, 0x9, 0xff, 0x80,
    0x0, 0x0, 0x0, 0xaf, 0xf7, 0x0, 0x0, 0x0,
    0xa, 0xff, 0x60, 0x0, 0x0, 0x0, 0xbf, 0xf4,
    0x0, 0x0, 0x0, 0xb, 0xff, 0x30, 0x0, 0x0,
    0x0, 0xbf, 0xf4, 0x0, 0x0, 0x0, 0x9, 0xff,
    0x80, 0x0, 0x0, 0x0, 0x7f, 0xff, 0x70, 0x0,
    0x0, 0x1, 0xff, 0xff, 0xd2, 0x0, 0x0, 0x3,
    0xef, 0xff, 0xa0, 0x0, 0x0, 0x3e, 0xff, 0xfa,
    0x0, 0x0, 0x1f, 0xff, 0xfd, 0x30, 0x0, 0x7,
    0xff, 0xf6, 0x0, 0x0, 0x0, 0x9f, 0xf8, 0x0,
    0x0, 0x0, 0xb, 0xff, 0x40, 0x0, 0x0, 0x0,
    0xbf, 0xf3, 0x0, 0x0, 0x0, 0xb, 0xff, 0x40,
    0x0, 0x0, 0x0, 0xaf, 0xf6, 0x0, 0x0, 0x0,
    0xa, 0xff, 0x70, 0x0, 0x0, 0x0, 0x9f, 0xf8,
    0x0, 0x0, 0x0, 0x1d, 0xff, 0x70, 0x0, 0xd,
    0xff, 0xff, 0xf4, 0x0, 0x1, 0xff, 0xff, 0xfb,
    0x0, 0x0, 0xd, 0xff, 0xd7, 0x0, 0x0, 0x0,

    /* U+007E "~" */
    0x0, 0x29, 0xb9, 0x20, 0x0, 0x0, 0x0, 0x0,
    0x4, 0xff, 0xff, 0xf8, 0x0, 0x0, 0x4, 0x51,
    0x1e, 0xff, 0xff, 0xff, 0xb0, 0x0, 0x4f, 0xf9,
    0x6f, 0xfb, 0x16, 0xff, 0xfc, 0x10, 0x9f, 0xf5,
    0x9f, 0xf5, 0x0, 0x2e, 0xff, 0xfd, 0xff, 0xf1,
    0x59, 0x80, 0x0, 0x1, 0xdf, 0xff, 0xff, 0x60,
    0x0, 0x0, 0x0, 0x0, 0x7, 0xdf, 0xd5, 0x0,

    /* U+529F "功" */
    0x0, 0x0, 0x0, 0x0, 0x0, 0x0, 0x0, 0x7,
    0x95, 0x0, 0x0, 0x0, 0x0, 0x0, 0x0, 0x0,
    0x0, 0x0, 0x0, 0x0, 0x0, 0xbf, 0xfe, 0x60,
    0x0, 0x0, 0x0, 0x0, 0x0, 0x0, 0x0, 0x0,
    0x0, 0x0, 0x7, 0xff, 0xff, 0x80, 0x0, 0x0,
    0x0, 0x0, 0x0, 0x0, 0x0, 0x0, 0x0, 0x0,
    0x4f, 0xff, 0xf8, 0x0, 0x0, 0x0, 0x0, 0x0,
    0x0, 0x0, 0x0, 0x0, 0x0, 0x3, 0xff, 0xff,
    0x10, 0x0, 0x0, 0x0, 0x0, 0x0, 0x0, 0x0,
    0x0, 0x0, 0x0, 0x2f, 0xff, 0xc0, 0x0, 0x0,
    0x0, 0x0, 0x0, 0x0, 0x0, 0x0, 0x0, 0x0,
    0x3, 0xff, 0xfa, 0x0, 0x0, 0x0, 0x0, 0x0,
    0x0, 0x26, 0xae, 0xe4, 0x0, 0x0, 0x3f, 0xff,
    0x80, 0x2, 0x40, 0x0, 0x3, 0x8a, 0xef, 0xff,
    0xff, 0xf1, 0x0, 0x5, 0xff, 0xfa, 0x9d, 0xff,
    0xc1, 0x0, 0x8f, 0xff, 0xff, 0xff, 0xfb, 0x10,
    0x2, 0x9f, 0xff, 0xff, 0xff, 0xff, 0xe1, 0x0,
    0xcf, 0xff, 0xff, 0xc0, 0x8, 0xbf, 0xff, 0xff,
    0xff, 0xff, 0xff, 0xff, 0x50, 0x0, 0x20, 0xdf,
    0xfa, 0x0, 0x8f, 0xff, 0xff, 0xff, 0x95, 0x2f,
    0xff, 0xf2, 0x0, 0x0, 0xc, 0xff, 0xa0, 0x0,
    0x9f, 0xff, 0xff, 0xc0, 0x0, 0xff, 0xff, 0x0,
    0x0, 0x0, 0xbf, 0xfa, 0x0, 0x0, 0x12, 0xff,
    0xf8, 0x0, 0xf, 0xff, 0xd0, 0x0, 0x0, 0xb,
    0xff, 0x90, 0x0, 0x0, 0x6f, 0xff, 0x40, 0x0,
    0xff, 0xfb, 0x0, 0x0, 0x0, 0xcf, 0xf9, 0x2,
    0x87, 0xb, 0xff, 0xf0, 0x0, 0x3f, 0xff, 0x90,
    0x0, 0x0, 0xc, 0xff, 0xcc, 0xf8, 0x1, 0xff,
    0xfa, 0x0, 0x5, 0xff, 0xf6, 0x0, 0x0, 0x0,
    0xdf, 0xff, 0xf5, 0x0, 0x6f, 0xff, 0x40, 0x0,
    0x8f, 0xff, 0x30, 0x5, 0x7a, 0xef, 0xff, 0xd2,
    0x0, 0xd, 0xff, 0xd0, 0x0, 0xc, 0xff, 0xf0,
    0x0, 0xff, 0xff, 0xff, 0xa0, 0x0, 0x4, 0xff,
    0xf5, 0x0, 0x0, 0xff, 0xfd, 0x0, 0xc, 0xff,
    0xfe, 0x50, 0x0, 0x0, 0xcf, 0xfc, 0x0, 0x0,
    0x5f, 0xff, 0xa0, 0x0, 0x7f, 0xfb, 0x10, 0x0,
    0x0, 0x5f, 0xff, 0x30, 0x0, 0xa, 0xff, 0xf6,
    0x0, 0x1, 0xc6, 0x0, 0x0, 0x0, 0x1e, 0xff,
    0x60, 0x12, 0x2, 0xff, 0xff, 0x20, 0x0, 0x0,
    0x0, 0x0, 0x0, 0xa, 0xff, 0x80, 0x0, 0xcf,
    0xff, 0xff, 0xd0, 0x0, 0x0, 0x0, 0x0, 0x0,
    0x6, 0xff, 0x80, 0x0, 0x1, 0xdf, 0xff, 0xf7,
    0x0, 0x0, 0x0, 0x0, 0x0, 0x4, 0xff, 0x50,
    0x0, 0x0, 0x3, 0xff, 0xfd, 0x0, 0x0, 0x0,
    0x0, 0x0, 0x3, 0xfa, 0x20, 0x0, 0x0, 0x0,
    0x6, 0xec, 0x10, 0x0, 0x0, 0x0, 0x0, 0x0,
    0x93, 0x0, 0x0, 0x0, 0x0, 0x0, 0x0, 0x0,
    0x0, 0x0,

    /* U+538B "压" */
    0x0, 0x0, 0x0, 0x2, 0x10, 0x0, 0x0, 0x0,
    0x0, 0x0, 0x38, 0xcb, 0x20, 0x0, 0x0, 0x0,
    0x0, 0x0, 0xf, 0xfc, 0x60, 0x0, 0x0, 0x26,
    0xae, 0xff, 0xff, 0xe3, 0x0, 0x0, 0x0, 0x0,
    0x0, 0xe, 0xff, 0xfc, 0x69, 0xcf, 0xff, 0xff,
    0xff, 0xff, 0xfe, 0x10, 0x0, 0x0, 0x0, 0x0,
    0xc, 0xff, 0xff, 0xff, 0xff, 0xff, 0xff, 0xff,
    0xff, 0xff, 0x60, 0x0, 0x0, 0x0, 0x0, 0xb,
    0xff, 0xff, 0xff, 0xff, 0xff, 0xff, 0xed, 0xcb,
    0xa8, 0x10, 0x0, 0x0, 0x0, 0x0, 0xa, 0xff,
    0xff, 0xfd, 0x96, 0x42, 0x10, 0x0, 0x0, 0x0,
    0x0, 0x0, 0x0, 0x0, 0x0, 0xb, 0xff, 0xfc,
    0x0, 0x6, 0x96, 0x10, 0x0, 0x0, 0x0, 0x0,
    0x0, 0x0, 0x0, 0x0, 0xb, 0xff, 0xfa, 0x0,
    0xb, 0xff, 0xf8, 0x0, 0x0, 0x0, 0x0, 0x0,
    0x0, 0x0, 0x0, 0xc, 0xff, 0xf9, 0x0, 0x6,
    0xff, 0xff, 0xb0, 0x0, 0x0, 0x0, 0x0, 0x0,
    0x0, 0x0, 0xd, 0xff, 0xf8, 0x0, 0x2, 0xff,
    0xff, 0xd0, 0x0, 0x0, 0x0, 0x0, 0x0, 0x0,
    0x0, 0xf, 0xff, 0xf6, 0x0, 0x0, 0xff, 0xff,
    0xa0, 0x0, 0x0, 0x0, 0x0, 0x0, 0x0, 0x0,
    0xf, 0xff, 0xf4, 0x0, 0x0, 0xff, 0xff, 0x96,
    0xa8, 0x0, 0x0, 0x0, 0x0, 0x0, 0x0, 0x3f,
    0xff, 0xf1, 0x0, 0x24, 0xff, 0xff, 0xff, 0xff,
    0x60, 0x0, 0x0, 0x0, 0x0, 0x0, 0x6f, 0xff,
    0xf9, 0xff, 0xff, 0xff, 0xff, 0xff, 0xff, 0xd0,
    0x0, 0x0, 0x0, 0x0, 0x0, 0x9f, 0xff, 0xb5,
    0xff, 0xff, 0xff, 0xff, 0xfe, 0xcb, 0x80, 0x0,
    0x0, 0x0, 0x0, 0x0, 0xdf, 0xff, 0x80, 0x8f,
    0xfd, 0xff, 0xff, 0x44, 0x42, 0x0, 0x0, 0x0,
    0x0, 0x0, 0x1, 0xff, 0xff, 0x30, 0x2, 0x10,
    0xcf, 0xff, 0x6f, 0xff, 0xc1, 0x0, 0x0, 0x0,
    0x0, 0x6, 0xff, 0xfe, 0x0, 0x0, 0x0, 0xdf,
    0xff, 0x36, 0xff, 0xfa, 0x0, 0x0, 0x0, 0x0,
    0xc, 0xff, 0xf8, 0x0, 0x0, 0x0, 0xdf, 0xff,
    0x40, 0x9f, 0xfb, 0x0, 0x0, 0x0, 0x0, 0x2f,
    0xff, 0xf1, 0x0, 0x0, 0x0, 0xdf, 0xff, 0x50,
    0xb, 0xf5, 0x0, 0x0, 0x0, 0x0, 0x9f, 0xff,
    0x80, 0x0, 0x0, 0x0, 0xdf, 0xff, 0x50, 0x3,
    0x76, 0x51, 0x0, 0x0, 0x1, 0xff, 0xfd, 0x0,
    0x0, 0x12, 0x45, 0xdf, 0xff, 0xef, 0xff, 0xff,
    0xff, 0x20, 0x0, 0xb, 0xff, 0xeb, 0xde, 0xff,
    0xff, 0xff, 0xff, 0xff, 0xff, 0xff, 0xff, 0xff,
    0xc0, 0x0, 0x6f, 0xfc, 0x26, 0xff, 0xff, 0xff,
    0xff, 0xff, 0xff, 0xff, 0xff, 0xff, 0xff, 0xf3,
    0x4, 0xfe, 0x70, 0x0, 0x9f, 0xff, 0xfe, 0xca,
    0x98, 0x65, 0x54, 0x44, 0x45, 0x56, 0x60, 0xa,
    0x60, 0x0, 0x0, 0x3, 0x64, 0x10, 0x0, 0x0,
    0x0, 0x0, 0x0, 0x0, 0x0, 0x0,

    /* U+6D41 "流" */
    0x0, 0x0, 0x26, 0x30, 0x0, 0x0, 0x7, 0x98,
    0x30, 0x0, 0x0, 0x0, 0x0, 0x0, 0x0, 0x0,
    0x3f, 0xfd, 0x30, 0x0, 0x7, 0xff, 0xf4, 0x0,
    0x0, 0x0, 0x0, 0x0, 0x0, 0x0, 0x8, 0xff,
    0xf2, 0x0, 0x0, 0x9f, 0xfa, 0x0, 0x0, 0x0,
    0x0, 0x0, 0x0, 0x0, 0x0, 0xef, 0xf5, 0x0,
    0x0, 0xc, 0xf8, 0x15, 0x9d, 0xa0, 0x0, 0x0,
    0x0, 0x0, 0x0, 0x5f, 0xf1, 0x0, 0x0, 0x39,
    0xfe, 0xff, 0xff, 0xfa, 0x0, 0x0, 0x0, 0x0,
    0x0, 0x4, 0x17, 0xab, 0xef, 0xff, 0xff, 0xff,
    0xff, 0xfc, 0x0, 0x0, 0x1, 0x10, 0x0, 0x0,
    0x9, 0xff, 0xff, 0xff, 0xe7, 0x42, 0x0, 0x0,
    0x0, 0x0, 0x8, 0xfe, 0x70, 0x0, 0x0, 0x8b,
    0x8b, 0xff, 0x74, 0x64, 0x0, 0x0, 0x0, 0x0,
    0x0, 0xef, 0xfb, 0x0, 0x0, 0x0, 0x3f, 0xfa,
    0x6, 0xff, 0xe3, 0x0, 0x0, 0x0, 0x0, 0x7f,
    0xff, 0x40, 0x0, 0x4, 0xef, 0xf9, 0xbc, 0xff,
    0xfe, 0x0, 0x0, 0x0, 0x0, 0xe, 0xff, 0x30,
    0x10, 0x8f, 0xff, 0xff, 0xff, 0xfe, 0xff, 0x10,
    0x0, 0x0, 0x0, 0x7, 0xfa, 0x3, 0x40, 0x9f,
    0xff, 0xb7, 0x31, 0x1, 0xea, 0x0, 0x0, 0x0,
    0x0, 0x0, 0x20, 0xa, 0x10, 0x19, 0x63, 0x95,
    0x1, 0xa9, 0x40, 0x0, 0x0, 0x0, 0x0, 0x0,
    0x0, 0x2d, 0x2, 0xb9, 0x14, 0xff, 0xa0, 0xef,
    0xf7, 0x0, 0x0, 0x0, 0x0, 0x0, 0x0, 0xb9,
    0x2, 0xff, 0xe3, 0xff, 0xf1, 0xcf, 0xf8, 0x0,
    0x0, 0x0, 0x0, 0x0, 0x5, 0xf5, 0x0, 0xff,
    0xf3, 0xff, 0xf0, 0xcf, 0xf4, 0x0, 0x0, 0x0,
    0x0, 0x0, 0x1e, 0xf1, 0x0, 0xef, 0xf0, 0xef,
    0xf0, 0xcf, 0xf2, 0x0, 0x0, 0x0, 0x0, 0x0,
    0xaf, 0xd0, 0x0, 0xff, 0xd0, 0xdf, 0xe0, 0xcf,
    0xf1, 0x0, 0x0, 0x0, 0x0, 0x7, 0xff, 0x90,
    0x3, 0xff, 0xa0, 0xdf, 0xe0, 0xcf, 0xf1, 0x0,
    0x0, 0x0, 0x0, 0x4f, 0xff, 0x50, 0x8, 0xff,
    0x50, 0xdf, 0xf0, 0xdf, 0xf1, 0x0, 0xa, 0x0,
    0x2c, 0xff, 0xff, 0x0, 0xd, 0xfe, 0x0, 0xff,
    0xe0, 0xdf, 0xf1, 0x0, 0xf, 0x30, 0x4f, 0xff,
    0xfb, 0x0, 0x3f, 0xf7, 0x1, 0xff, 0xe0, 0xdf,
    0xf3, 0x0, 0x4f, 0xa0, 0xe, 0xff, 0xf6, 0x0,
    0xaf, 0xe0, 0x0, 0xff, 0xd0, 0xbf, 0xfd, 0x55,
    0xcf, 0xf4, 0x6, 0xff, 0xf1, 0x3, 0xff, 0x40,
    0x0, 0xbf, 0xc0, 0x6f, 0xff, 0xff, 0xff, 0xf8,
    0x0, 0xcf, 0xa0, 0xd, 0xf6, 0x0, 0x0, 0x3f,
    0x90, 0xb, 0xff, 0xff, 0xff, 0xe2, 0x0, 0x18,
    0x10, 0xbe, 0x50, 0x0, 0x0, 0x2, 0x10, 0x0,
    0x6b, 0xdd, 0xb7, 0x10, 0x0, 0x0, 0x2, 0x50,
    0x0, 0x0, 0x0, 0x0, 0x0, 0x0, 0x0, 0x0,
    0x0, 0x0,

    /* U+7387 "率" */
    0x0, 0x0, 0x0, 0x0, 0x0, 0x6a, 0x71, 0x0,
    0x0, 0x0, 0x0, 0x0, 0x0, 0x0, 0x0, 0x0,
    0x0, 0x0, 0x2f, 0xff, 0x50, 0x0, 0x0, 0x0,
    0x0, 0x0, 0x0, 0x0, 0x0, 0x0, 0x0, 0x7,
    0xff, 0xe0, 0x0, 0x0, 0x0, 0x0, 0x0, 0x0,
    0x0, 0x0, 0x0, 0x0, 0x0, 0xdf, 0xb1, 0x47,
    0xa8, 0x10, 0x0, 0x0, 0x0, 0x0, 0x0, 0x0,
    0x23, 0x57, 0xcf, 0xff, 0xff, 0xff, 0xc0, 0x0,
    0x0, 0x0, 0x0, 0xb, 0xff, 0xff, 0xff, 0xff,
    0xff, 0xff, 0xff, 0xf2, 0x0, 0x0, 0x0, 0x0,
    0x2, 0xef, 0xff, 0xff, 0xfc, 0xba, 0x99, 0x89,
    0x80, 0x0, 0x0, 0x0, 0x0, 0x0, 0x29, 0x75,
    0xdf, 0xf6, 0x47, 0x0, 0x8, 0xf5, 0x0, 0x0,
    0x0, 0x2, 0xca, 0x60, 0x2, 0xff, 0xf4, 0xbf,
    0xc0, 0xe, 0xff, 0x30, 0x0, 0x0, 0x0, 0xaf,
    0xfb, 0xc, 0xff, 0x53, 0xff, 0xf3, 0x7f, 0xff,
    0x60, 0x0, 0x0, 0x0, 0x1e, 0xfe, 0x9f, 0xfe,
    0xdf, 0xff, 0x93, 0xff, 0xf7, 0x0, 0x0, 0x0,
    0x0, 0x4, 0xf8, 0x8f, 0xff, 0xff, 0xfa, 0x2e,
    0xe8, 0x10, 0x0, 0x0, 0x0, 0x0, 0x0, 0x37,
    0x7d, 0xdc, 0xff, 0xb1, 0x49, 0x54, 0x10, 0x0,
    0x0, 0x0, 0x0, 0x0, 0xaf, 0x10, 0x5f, 0xfc,
    0x2f, 0x74, 0xff, 0xf9, 0x0, 0x0, 0x0, 0x0,
    0x4e, 0xf8, 0x18, 0xff, 0xfb, 0xbf, 0xf9, 0x4f,
    0xff, 0x60, 0x0, 0x0, 0x5c, 0xff, 0xe0, 0xaf,
    0xff, 0xff, 0xcc, 0xff, 0x25, 0xff, 0x90, 0x0,
    0x0, 0x5f, 0xff, 0x40, 0x7f, 0xff, 0xfb, 0x44,
    0xff, 0x10, 0x8f, 0x30, 0x0, 0x0, 0xd, 0xf7,
    0x0, 0x1d, 0x98, 0xff, 0xf6, 0x62, 0x13, 0x5a,
    0xbd, 0x70, 0x0, 0x3, 0x60, 0x0, 0x12, 0x37,
    0xff, 0xfd, 0xdf, 0xff, 0xff, 0xff, 0xf6, 0x8,
    0x9a, 0xbd, 0xef, 0xff, 0xff, 0xff, 0xff, 0xff,
    0xff, 0xff, 0xff, 0xfc, 0xa, 0xff, 0xff, 0xff,
    0xff, 0xff, 0xff, 0xfe, 0xdc, 0xb9, 0x98, 0x87,
    0x84, 0x0, 0xcf, 0xff, 0xec, 0xa8, 0x67, 0xff,
    0xf4, 0x0, 0x0, 0x0, 0x0, 0x0, 0x0, 0x4,
    0x20, 0x0, 0x0, 0x3, 0xff, 0xf4, 0x0, 0x0,
    0x0, 0x0, 0x0, 0x0, 0x0, 0x0, 0x0, 0x0,
    0x4, 0xff, 0xf4, 0x0, 0x0, 0x0, 0x0, 0x0,
    0x0, 0x0, 0x0, 0x0, 0x0, 0x5, 0xff, 0xf5,
    0x0, 0x0, 0x0, 0x0, 0x0, 0x0, 0x0, 0x0,
    0x0, 0x0, 0x5, 0xff, 0xf4, 0x0, 0x0, 0x0,
    0x0, 0x0, 0x0, 0x0, 0x0, 0x0, 0x0, 0x1,
    0xff, 0xf1, 0x0, 0x0, 0x0, 0x0, 0x0, 0x0,
    0x0, 0x0, 0x0, 0x0, 0x0, 0x9f, 0xa0, 0x0,
    0x0, 0x0, 0x0, 0x0, 0x0, 0x0, 0x0, 0x0,
    0x0, 0x0, 0x4, 0x0, 0x0, 0x0, 0x0, 0x0,
    0x0,

    /* U+7535 "电" */
    0x0, 0x0, 0x0, 0x3b, 0x83, 0x0, 0x0, 0x0,
    0x0, 0x0, 0x0, 0x0, 0x0, 0x0, 0x0, 0x1f,
    0xff, 0xa1, 0x0, 0x0, 0x0, 0x0, 0x0, 0x0,
    0x0, 0x0, 0x0, 0xc, 0xff, 0xfd, 0x0, 0x0,
    0x0, 0x0, 0x0, 0x0, 0x0, 0x0, 0x0, 0x9,
    0xff, 0xfe, 0x0, 0x0, 0x0, 0x0, 0x0, 0x0,
    0x0, 0x0, 0x0, 0x8, 0xff, 0xf9, 0x0, 0x0,
    0x0, 0x0, 0x0, 0x0, 0x0, 0x0, 0x0, 0x8,
    0xff, 0xf7, 0x0, 0x5, 0x50, 0x0, 0x0, 0x0,
    0x2, 0x10, 0x0, 0x7, 0xff, 0xf9, 0x8a, 0xef,
    0xfd, 0x30, 0x0, 0x0, 0x8f, 0xff, 0x97, 0x9d,
    0xff, 0xff, 0xff, 0xff, 0xff, 0xf6, 0x0, 0x0,
    0x3f, 0xff, 0xff, 0xff, 0xff, 0xff, 0xff, 0xff,
    0xff, 0xfc, 0x0, 0x0, 0xf, 0xff, 0xff, 0xff,
    0xff, 0xf8, 0x41, 0x5f, 0xff, 0xf7, 0x0, 0x0,
    0xd, 0xff, 0xf5, 0x38, 0xff, 0xf3, 0x0, 0x5f,
    0xff, 0xf3, 0x0, 0x0, 0xb, 0xff, 0xf0, 0x8,
    0xff, 0xfb, 0xb4, 0x6f, 0xff, 0xf0, 0x0, 0x0,
    0x9, 0xff, 0xfc, 0xef, 0xff, 0xff, 0xff, 0xbf,
    0xff, 0xe0, 0x0, 0x0, 0x7, 0xff, 0xff, 0xff,
    0xff, 0xff, 0xff, 0xff, 0xff, 0xb0, 0x0, 0x0,
    0x5, 0xff, 0xfc, 0xce, 0xff, 0xf6, 0x32, 0xbf,
    0xff, 0x90, 0x0, 0x0, 0x4, 0xff, 0xf6, 0x9,
    0xff, 0xf2, 0x0, 0xdf, 0xff, 0x60, 0x0, 0x0,
    0x2, 0xff, 0xf9, 0x2a, 0xff, 0xfc, 0xee, 0xff,
    0xff, 0x40, 0x0, 0x0, 0x0, 0xff, 0xff, 0xff,
    0xff, 0xff, 0xff, 0xff, 0xff, 0x10, 0x0, 0x0,
    0x0, 0xef, 0xff, 0xff, 0xff, 0xff, 0xff, 0xff,
    0xfa, 0x0, 0x0, 0x0, 0x0, 0x5f, 0xff, 0x9d,
    0xff, 0xf4, 0x12, 0xff, 0xb0, 0x0, 0x0, 0x0,
    0x0, 0x3, 0x96, 0xa, 0xff, 0xf1, 0x0, 0x23,
    0x0, 0x0, 0x44, 0x0, 0x0, 0x0, 0x0, 0xa,
    0xff, 0xf1, 0x0, 0x0, 0x0, 0x0, 0x9a, 0x0,
    0x0, 0x0, 0x0, 0xa, 0xff, 0xf2, 0x0, 0x0,
    0x0, 0x0, 0xdf, 0x10, 0x0, 0x0, 0x0, 0xa,
    0xff, 0xf4, 0x0, 0x0, 0x0, 0x3, 0xff, 0x90,
    0x0, 0x0, 0x0, 0x7, 0xff, 0xfc, 0x0, 0x0,
    0x0, 0xb, 0xff, 0xf3, 0x0, 0x0, 0x0, 0x2,
    0xff, 0xff, 0xe9, 0x77, 0x8a, 0xdf, 0xff, 0xfb,
    0x0, 0x0, 0x0, 0x0, 0x9f, 0xff, 0xff, 0xff,
    0xff, 0xff, 0xff, 0xfc, 0x0, 0x0, 0x0, 0x0,
    0x8, 0xff, 0xff, 0xff, 0xff, 0xff, 0xff, 0xe3,
    0x0, 0x0, 0x0, 0x0, 0x0, 0x27, 0xbe, 0xff,
    0xfe, 0xdb, 0x96, 0x10,

    /* U+F001 "" */
    0x0, 0x0, 0x0, 0x0, 0x0, 0x0, 0x0, 0x0,
    0x0, 0x0, 0x0, 0x0, 0x0, 0x1, 0x0, 0x0,
    0x0, 0x0, 0x0, 0x0, 0x0, 0x0, 0x0, 0x0,
    0x0, 0x0, 0x1, 0x6b, 0xff, 0x80, 0x0, 0x0,
    0x0, 0x0, 0x0, 0x0, 0x0, 0x0, 0x0, 0x0,
    0x38, 0xdf, 0xff, 0xff, 0xf0, 0x0, 0x0, 0x0,
    0x0, 0x0, 0x0, 0x0, 0x0, 0x15, 0xae, 0xff,
    0xff, 0xff, 0xff, 0xf0, 0x0, 0x0, 0x0, 0x0,
    0x0, 0x0, 0x2, 0x7c, 0xff, 0xff, 0xff, 0xff,
    0xff, 0xff, 0xf0, 0x0, 0x0, 0x0, 0x0, 0x0,
    0x49, 0xef, 0xff, 0xff, 0xff, 0xff, 0xff, 0xff,
    0xff, 0xf0, 0x0, 0x0, 0x0, 0x1, 0xaf, 0xff,
    0xff, 0xff, 0xff, 0xff, 0xff, 0xff, 0xff, 0xff,
    0xf0, 0x0, 0x0, 0x0, 0x9, 0xff, 0xff, 0xff,
    0xff, 0xff, 0xff, 0xff, 0xff, 0xff, 0xff, 0xf0,
    0x0, 0x0, 0x0, 0xb, 0xff, 0xff, 0xff, 0xff,
    0xff, 0xff, 0xff, 0xff, 0xfe, 0xff, 0xf0, 0x0,
    0x0, 0x0, 0xb, 0xff, 0xff, 0xff, 0xff, 0xff,
    0xff, 0xfd, 0x94, 0x9, 0xff, 0xf0, 0x0, 0x0,
    0x0, 0xb, 0xff, 0xff, 0xff, 0xff, 0xff, 0xb7,
    0x20, 0x0, 0x9, 0xff, 0xf0, 0x0, 0x0, 0x0,
    0xb, 0xff, 0xff, 0xff, 0xea, 0x50, 0x0, 0x0,
    0x0, 0x9, 0xff, 0xf0, 0x0, 0x0, 0x0, 0xb,
    0xff, 0xfc, 0x83, 0x0, 0x0, 0x0, 0x0, 0x0,
    0x9, 0xff, 0xf0, 0x0, 0x0, 0x0, 0xb, 0xff,
    0xe0, 0x0, 0x0, 0x0, 0x0, 0x0, 0x0, 0x9,
    0xff, 0xf0, 0x0, 0x0, 0x0, 0xb, 0xff, 0xe0,
    0x0, 0x0, 0x0, 0x0, 0x0, 0x0, 0x9, 0xff,
    0xf0, 0x0, 0x0, 0x0, 0xb, 0xff, 0xe0, 0x0,
    0x0, 0x0, 0x0, 0x0, 0x0, 0x9, 0xff, 0xf0,
    0x0, 0x0, 0x0, 0xb, 0xff, 0xe0, 0x0, 0x0,
    0x0, 0x0, 0x0, 0x0, 0x9, 0xff, 0xf0, 0x0,
    0x0, 0x0, 0xb, 0xff, 0xe0, 0x0, 0x0, 0x0,
    0x0, 0x0, 0x0, 0x9, 0xff, 0xf0, 0x0, 0x0,
    0x0, 0xb, 0xff, 0xe0, 0x0, 0x0, 0x0, 0x0,
    0x0, 0x0, 0x9, 0xff, 0xf0, 0x0, 0x0, 0x0,
    0xb, 0xff, 0xe0, 0x0, 0x0, 0x0, 0x0, 0x6b,
    0xff, 0xee, 0xff, 0xf0, 0x0, 0x0, 0x0, 0xb,
    0xff, 0xe0, 0x0, 0x0, 0x0, 0xc, 0xff, 0xff,
    0xff, 0xff, 0xf0, 0x0, 0x0, 0x0, 0xb, 0xff,
    0xe0, 0x0, 0x0, 0x0, 0x9f, 0xff, 0xff, 0xff,
    0xff, 0xf0, 0x0, 0x2, 0x56, 0x4c, 0xff, 0xe0,
    0x0, 0x0, 0x0, 0xcf, 0xff, 0xff, 0xff, 0xff,
    0xf0, 0x4, 0xcf, 0xff, 0xff, 0xff, 0xe0, 0x0,
    0x0, 0x0, 0xaf, 0xff, 0xff, 0xff, 0xff, 0xd0,
    0x4f, 0xff, 0xff, 0xff, 0xff, 0xe0, 0x0, 0x0,
    0x0, 0x1e, 0xff, 0xff, 0xff, 0xff, 0x40, 0xdf,
    0xff, 0xff, 0xff, 0xff, 0xe0, 0x0, 0x0, 0x0,
    0x1, 0x9e, 0xff, 0xff, 0xa2, 0x0, 0xef, 0xff,
    0xff, 0xff, 0xff, 0xe0, 0x0, 0x0, 0x0, 0x0,
    0x0, 0x23, 0x20, 0x0, 0x0, 0x9f, 0xff, 0xff,
    0xff, 0xff, 0x80, 0x0, 0x0, 0x0, 0x0, 0x0,
    0x0, 0x0, 0x0, 0x0, 0xa, 0xff, 0xff, 0xff,
    0xfa, 0x0, 0x0, 0x0, 0x0, 0x0, 0x0, 0x0,
    0x0, 0x0, 0x0, 0x0, 0x49, 0xcd, 0xc9, 0x30,
    0x0, 0x0, 0x0, 0x0, 0x0, 0x0, 0x0, 0x0,
    0x0, 0x0,

    /* U+F008 "" */
    0x59, 0x0, 0x9, 0xcc, 0xcc, 0xcc, 0xcc, 0xcc,
    0xcc, 0xcc, 0xcc, 0xc4, 0x0, 0x9, 0x5f, 0xe0,
    0x0, 0xdf, 0xff, 0xff, 0xff, 0xff, 0xff, 0xff,
    0xff, 0xff, 0x70, 0x0, 0xef, 0xff, 0xff, 0xff,
    0xff, 0xff, 0xff, 0xff, 0xff, 0xff, 0xff, 0xff,
    0xff, 0xff, 0xff, 0xff, 0xfe, 0xee, 0xff, 0xf1,
    0x0, 0x0, 0x0, 0x0, 0x0, 0x7, 0xff, 0xfe,
    0xee, 0xff, 0xfd, 0x0, 0xd, 0xff, 0x0, 0x0,
    0x0, 0x0, 0x0, 0x0, 0x5f, 0xf6, 0x0, 0xd,
    0xff, 0xd0, 0x0, 0xcf, 0xf0, 0x0, 0x0, 0x0,
    0x0, 0x0, 0x5, 0xff, 0x50, 0x0, 0xdf, 0xfd,
    0x0, 0xc, 0xff, 0x0, 0x0, 0x0, 0x0, 0x0,
    0x0, 0x5f, 0xf5, 0x0, 0xd, 0xff, 0xf8, 0x88,
    0xff, 0xf0, 0x0, 0x0, 0x0, 0x0, 0x0, 0x5,
    0xff, 0xc8, 0x88, 0xff, 0xff, 0xff, 0xff, 0xff,
    0x0, 0x0, 0x0, 0x0, 0x0, 0x0, 0x5f, 0xff,
    0xff, 0xff, 0xff, 0xf5, 0x55, 0xef, 0xf5, 0x33,
    0x33, 0x33, 0x33, 0x33, 0x39, 0xff, 0xa5, 0x55,
    0xff, 0xfd, 0x0, 0xc, 0xff, 0xff, 0xff, 0xff,
    0xff, 0xff, 0xff, 0xff, 0xf5, 0x0, 0xd, 0xff,
    0xd0, 0x0, 0xcf, 0xff, 0xff, 0xff, 0xff, 0xff,
    0xff, 0xff, 0xff, 0x50, 0x0, 0xdf, 0xfe, 0x11,
    0x1d, 0xff, 0x97, 0x77, 0x77, 0x77, 0x77, 0x77,
    0xcf, 0xf8, 0x11, 0x1e, 0xff, 0xff, 0xff, 0xff,
    0xf0, 0x0, 0x0, 0x0, 0x0, 0x0, 0x5, 0xff,
    0xff, 0xff, 0xff, 0xff, 0xcc, 0xcf, 0xff, 0x0,
    0x0, 0x0, 0x0, 0x0, 0x0, 0x5f, 0xfe, 0xcc,
    0xcf, 0xff, 0xd0, 0x0, 0xcf, 0xf0, 0x0, 0x0,
    0x0, 0x0, 0x0, 0x5, 0xff, 0x60, 0x0, 0xdf,
    0xfd, 0x0, 0xc, 0xff, 0x0, 0x0, 0x0, 0x0,
    0x0, 0x0, 0x5f, 0xf5, 0x0, 0xd, 0xff, 0xd0,
    0x0, 0xcf, 0xf0, 0x0, 0x0, 0x0, 0x0, 0x0,
    0x5, 0xff, 0x60, 0x0, 0xdf, 0xff, 0xaa, 0xaf,
    0xff, 0x0, 0x0, 0x0, 0x0, 0x0, 0x0, 0x6f,
    0xfd, 0xaa, 0xaf, 0xff, 0xff, 0xff, 0xff, 0xfc,
    0xbb, 0xbb, 0xbb, 0xbb, 0xbb, 0xbe, 0xff, 0xff,
    0xff, 0xff, 0xfe, 0x33, 0x3e, 0xff, 0xff, 0xff,
    0xff, 0xff, 0xff, 0xff, 0xff, 0xf9, 0x33, 0x3e,
    0xf9, 0xc0, 0x0, 0xcf, 0xff, 0xff, 0xff, 0xff,
    0xff, 0xff, 0xff, 0xff, 0x50, 0x0, 0xc9,

    /* U+F00B "" */
    0x15, 0x55, 0x55, 0x53, 0x0, 0x4, 0x55, 0x55,
    0x55, 0x55, 0x55, 0x55, 0x55, 0x55, 0x1d, 0xff,
    0xff, 0xff, 0xf4, 0x9, 0xff, 0xff, 0xff, 0xff,
    0xff, 0xff, 0xff, 0xff, 0xfd, 0xff, 0xff, 0xff,
    0xff, 0x60, 0xcf, 0xff, 0xff, 0xff, 0xff, 0xff,
    0xff, 0xff, 0xff, 0xff, 0xff, 0xff, 0xff, 0xf7,
    0xc, 0xff, 0xff, 0xff, 0xff, 0xff, 0xff, 0xff,
    0xff, 0xff, 0xff, 0xff, 0xff, 0xff, 0x70, 0xcf,
    0xff, 0xff, 0xff, 0xff, 0xff, 0xff, 0xff, 0xff,
    0xff, 0xff, 0xff, 0xff, 0xf7, 0xc, 0xff, 0xff,
    0xff, 0xff, 0xff, 0xff, 0xff, 0xff, 0xff, 0xff,
    0xff, 0xff, 0xff, 0x60, 0xbf, 0xff, 0xff, 0xff,
    0xff, 0xff, 0xff, 0xff, 0xff, 0xf8, 0xee, 0xee,
    0xee, 0xc1, 0x5, 0xde, 0xee, 0xee, 0xee, 0xee,
    0xee, 0xee, 0xee, 0xe8, 0x0, 0x0, 0x0, 0x0,
    0x0, 0x0, 0x0, 0x0, 0x0, 0x0, 0x0, 0x0,
    0x0, 0x0, 0x1, 0x44, 0x44, 0x44, 0x20, 0x0,
    0x44, 0x44, 0x44, 0x44, 0x44, 0x44, 0x44, 0x44,
    0x40, 0xdf, 0xff, 0xff, 0xff, 0x40, 0x9f, 0xff,
    0xff, 0xff, 0xff, 0xff, 0xff, 0xff, 0xff, 0xcf,
    0xff, 0xff, 0xff, 0xf6, 0xb, 0xff, 0xff, 0xff,
    0xff, 0xff, 0xff, 0xff, 0xff, 0xff, 0xff, 0xff,
    0xff, 0xff, 0x70, 0xcf, 0xff, 0xff, 0xff, 0xff,
    0xff, 0xff, 0xff, 0xff, 0xff, 0xff, 0xff, 0xff,
    0xf7, 0xc, 0xff, 0xff, 0xff, 0xff, 0xff, 0xff,
    0xff, 0xff, 0xff, 0xff, 0xff, 0xff, 0xff, 0x70,
    0xcf, 0xff, 0xff, 0xff, 0xff, 0xff, 0xff, 0xff,
    0xff, 0xff, 0xff, 0xff, 0xff, 0xf6, 0xb, 0xff,
    0xff, 0xff, 0xff, 0xff, 0xff, 0xff, 0xff, 0xff,
    0x8f, 0xff, 0xff, 0xfd, 0x10, 0x5e, 0xff, 0xff,
    0xff, 0xff, 0xff, 0xff, 0xff, 0xff, 0x80, 0x0,
    0x0, 0x0, 0x0, 0x0, 0x0, 0x0, 0x0, 0x0,
    0x0, 0x0, 0x0, 0x0, 0x0, 0x14, 0x44, 0x44,
    0x42, 0x0, 0x4, 0x44, 0x44, 0x44, 0x44, 0x44,
    0x44, 0x44, 0x44, 0xd, 0xff, 0xff, 0xff, 0xf4,
    0x9, 0xff, 0xff, 0xff, 0xff, 0xff, 0xff, 0xff,
    0xff, 0xfc, 0xff, 0xff, 0xff, 0xff, 0x60, 0xbf,
    0xff, 0xff, 0xff, 0xff, 0xff, 0xff, 0xff, 0xff,
    0xff, 0xff, 0xff, 0xff, 0xf7, 0xc, 0xff, 0xff,
    0xff, 0xff, 0xff, 0xff, 0xff, 0xff, 0xff, 0xff,
    0xff, 0xff, 0xff, 0x70, 0xcf, 0xff, 0xff, 0xff,
    0xff, 0xff, 0xff, 0xff, 0xff, 0xff, 0xff, 0xff,
    0xff, 0xf7, 0xc, 0xff, 0xff, 0xff, 0xff, 0xff,
    0xff, 0xff, 0xff, 0xff, 0xff, 0xff, 0xff, 0xff,
    0x60, 0xbf, 0xff, 0xff, 0xff, 0xff, 0xff, 0xff,
    0xff, 0xff, 0xf8, 0xff, 0xff, 0xff, 0xd1, 0x5,
    0xef, 0xff, 0xff, 0xff, 0xff, 0xff, 0xff, 0xff,
    0xf8,

    /* U+F00C "" */
    0x0, 0x0, 0x0, 0x0, 0x0, 0x0, 0x0, 0x0,
    0x0, 0x0, 0x0, 0x0, 0x4a, 0x30, 0x0, 0x0,
    0x0, 0x0, 0x0, 0x0, 0x0, 0x0, 0x0, 0x0,
    0x0, 0x0, 0x4f, 0xff, 0x40, 0x0, 0x0, 0x0,
    0x0, 0x0, 0x0, 0x0, 0x0, 0x0, 0x0, 0x0,
    0x4f, 0xff, 0xff, 0x50, 0x0, 0x0, 0x0, 0x0,
    0x0, 0x0, 0x0, 0x0, 0x0, 0x0, 0x4f, 0xff,
    0xff, 0xfe, 0x0, 0x0, 0x0, 0x0, 0x0, 0x0,
    0x0, 0x0, 0x0, 0x0, 0x4f, 0xff, 0xff, 0xff,
    0xc0, 0x0, 0x0, 0x0, 0x0, 0x0, 0x0, 0x0,
    0x0, 0x0, 0x4f, 0xff, 0xff, 0xff, 0xd1, 0x0,
    0x0, 0x0, 0x0, 0x0, 0x0, 0x0, 0x0, 0x0,
    0x4f, 0xff, 0xff, 0xff, 0xd1, 0x0, 0x1, 0x61,
    0x0, 0x0, 0x0, 0x0, 0x0, 0x0, 0x4f, 0xff,
    0xff, 0xff, 0xd1, 0x0, 0x2, 0xdf, 0xe2, 0x0,
    0x0, 0x0, 0x0, 0x0, 0x4f, 0xff, 0xff, 0xff,
    0xd1, 0x0, 0x2, 0xef, 0xff, 0xe2, 0x0, 0x0,
    0x0, 0x0, 0x4f, 0xff, 0xff, 0xff, 0xd1, 0x0,
    0x0, 0xdf, 0xff, 0xff, 0xe2, 0x0, 0x0, 0x0,
    0x4f, 0xff, 0xff, 0xff, 0xd1, 0x0, 0x0, 0xe,
    0xff, 0xff, 0xff, 0xe2, 0x0, 0x0, 0x4f, 0xff,
    0xff, 0xff, 0xd1, 0x0, 0x0, 0x0, 0x3f, 0xff,
    0xff, 0xff, 0xe2, 0x0, 0x4f, 0xff, 0xff, 0xff,
    0xd1, 0x0, 0x0, 0x0, 0x0, 0x3f, 0xff, 0xff,
    0xff, 0xe2, 0x4f, 0xff, 0xff, 0xff, 0xd1, 0x0,
    0x0, 0x0, 0x0, 0x0, 0x3f, 0xff, 0xff, 0xff,
    0xef, 0xff, 0xff, 0xff, 0xd1, 0x0, 0x0, 0x0,
    0x0, 0x0, 0x0, 0x3f, 0xff, 0xff, 0xff, 0xff,
    0xff, 0xff, 0xd1, 0x0, 0x0, 0x0, 0x0, 0x0,
    0x0, 0x0, 0x3f, 0xff, 0xff, 0xff, 0xff, 0xff,
    0xd1, 0x0, 0x0, 0x0, 0x0, 0x0, 0x0, 0x0,
    0x0, 0x3f, 0xff, 0xff, 0xff, 0xff, 0xd1, 0x0,
    0x0, 0x0, 0x0, 0x0, 0x0, 0x0, 0x0, 0x0,
    0x3f, 0xff, 0xff, 0xff, 0xc1, 0x0, 0x0, 0x0,
    0x0, 0x0, 0x0, 0x0, 0x0, 0x0, 0x0, 0x3e,
    0xff, 0xff, 0xc1, 0x0, 0x0, 0x0, 0x0, 0x0,
    0x0, 0x0, 0x0, 0x0, 0x0, 0x0, 0x3e, 0xff,
    0xc1, 0x0, 0x0, 0x0, 0x0, 0x0, 0x0, 0x0,
    0x0, 0x0, 0x0, 0x0, 0x0, 0x3d, 0xb1, 0x0,
    0x0, 0x0, 0x0, 0x0, 0x0, 0x0, 0x0,

    /* U+F00D "" */
    0x2, 0xbb, 0x30, 0x0, 0x0, 0x0, 0x0, 0x3,
    0xca, 0x20, 0x2e, 0xff, 0xe3, 0x0, 0x0, 0x0,
    0x0, 0x3f, 0xff, 0xe2, 0xcf, 0xff, 0xfe, 0x30,
    0x0, 0x0, 0x3, 0xff, 0xff, 0xfb, 0xef, 0xff,
    0xff, 0xe3, 0x0, 0x0, 0x3f, 0xff, 0xff, 0xfd,
    0x6f, 0xff, 0xff, 0xfe, 0x30, 0x3, 0xff, 0xff,
    0xff, 0xf5, 0x7, 0xff, 0xff, 0xff, 0xe3, 0x3f,
    0xff, 0xff, 0xff, 0x60, 0x0, 0x7f, 0xff, 0xff,
    0xfe, 0xff, 0xff, 0xff, 0xf6, 0x0, 0x0, 0x7,
    0xff, 0xff, 0xff, 0xff, 0xff, 0xff, 0x60, 0x0,
    0x0, 0x0, 0x7f, 0xff, 0xff, 0xff, 0xff, 0xf6,
    0x0, 0x0, 0x0, 0x0, 0x7, 0xff, 0xff, 0xff,
    0xff, 0x60, 0x0, 0x0, 0x0, 0x0, 0x3, 0xff,
    0xff, 0xff, 0xff, 0x30, 0x0, 0x0, 0x0, 0x0,
    0x3f, 0xff, 0xff, 0xff, 0xff, 0xe3, 0x0, 0x0,
    0x0, 0x3, 0xff, 0xff, 0xff, 0xff, 0xff, 0xfe,
    0x30, 0x0, 0x0, 0x3f, 0xff, 0xff, 0xff, 0xff,
    0xff, 0xff, 0xe3, 0x0, 0x3, 0xff, 0xff, 0xff,
    0xf6, 0x7f, 0xff, 0xff, 0xfe, 0x30, 0x3f, 0xff,
    0xff, 0xff, 0x60, 0x7, 0xff, 0xff, 0xff, 0xe3,
    0xdf, 0xff, 0xff, 0xf6, 0x0, 0x0, 0x7f, 0xff,
    0xff, 0xfc, 0xef, 0xff, 0xff, 0x60, 0x0, 0x0,
    0x7, 0xff, 0xff, 0xfd, 0x5f, 0xff, 0xf6, 0x0,
    0x0, 0x0, 0x0, 0x7f, 0xff, 0xf4, 0x5, 0xff,
    0x60, 0x0, 0x0, 0x0, 0x0, 0x6, 0xfe, 0x40,
    0x0, 0x0, 0x0, 0x0, 0x0, 0x0, 0x0, 0x0,
    0x0, 0x0,

    /* U+F011 "" */
    0x0, 0x0, 0x0, 0x0, 0x0, 0x0, 0x15, 0x64,
    0x0, 0x0, 0x0, 0x0, 0x0, 0x0, 0x0, 0x0,
    0x0, 0x0, 0x0, 0x0, 0xc, 0xff, 0xf7, 0x0,
    0x0, 0x0, 0x0, 0x0, 0x0, 0x0, 0x0, 0x0,
    0x0, 0x0, 0x0, 0xef, 0xff, 0x90, 0x0, 0x0,
    0x0, 0x0, 0x0, 0x0, 0x0, 0x0, 0x6, 0x70,
    0x0, 0xe, 0xff, 0xf9, 0x0, 0x2, 0x83, 0x0,
    0x0, 0x0, 0x0, 0x0, 0xa, 0xff, 0x80, 0x0,
    0xef, 0xff, 0x90, 0x0, 0xdf, 0xf6, 0x0, 0x0,
    0x0, 0x0, 0xb, 0xff, 0xff, 0x20, 0xe, 0xff,
    0xf9, 0x0, 0x6f, 0xff, 0xf6, 0x0, 0x0, 0x0,
    0x9, 0xff, 0xff, 0xf5, 0x0, 0xef, 0xff, 0x90,
    0xa, 0xff, 0xff, 0xf4, 0x0, 0x0, 0x4, 0xff,
    0xff, 0xfb, 0x0, 0xe, 0xff, 0xf9, 0x0, 0x2e,
    0xff, 0xff, 0xe1, 0x0, 0x0, 0xdf, 0xff, 0xfa,
    0x0, 0x0, 0xef, 0xff, 0x90, 0x0, 0x2e, 0xff,
    0xff, 0x90, 0x0, 0x5f, 0xff, 0xfd, 0x0, 0x0,
    0xe, 0xff, 0xf9, 0x0, 0x0, 0x3f, 0xff, 0xff,
    0x10, 0xb, 0xff, 0xff, 0x30, 0x0, 0x0, 0xef,
    0xff, 0x90, 0x0, 0x0, 0x8f, 0xff, 0xf7, 0x0,
    0xff, 0xff, 0xb0, 0x0, 0x0, 0xe, 0xff, 0xf9,
    0x0, 0x0, 0x1, 0xff, 0xff, 0xc0, 0x4f, 0xff,
    0xf6, 0x0, 0x0, 0x0, 0xef, 0xff, 0x90, 0x0,
    0x0, 0xa, 0xff, 0xff, 0x6, 0xff, 0xff, 0x20,
    0x0, 0x0, 0xe, 0xff, 0xf9, 0x0, 0x0, 0x0,
    0x7f, 0xff, 0xf2, 0x8f, 0xff, 0xf0, 0x0, 0x0,
    0x0, 0xef, 0xff, 0x90, 0x0, 0x0, 0x5, 0xff,
    0xff, 0x38, 0xff, 0xff, 0x0, 0x0, 0x0, 0xe,
    0xff, 0xf9, 0x0, 0x0, 0x0, 0x5f, 0xff, 0xf3,
    0x7f, 0xff, 0xf1, 0x0, 0x0, 0x0, 0x7e, 0xfd,
    0x30, 0x0, 0x0, 0x6, 0xff, 0xff, 0x25, 0xff,
    0xff, 0x40, 0x0, 0x0, 0x0, 0x0, 0x0, 0x0,
    0x0, 0x0, 0xaf, 0xff, 0xf0, 0x2f, 0xff, 0xf9,
    0x0, 0x0, 0x0, 0x0, 0x0, 0x0, 0x0, 0x0,
    0xe, 0xff, 0xfd, 0x0, 0xdf, 0xff, 0xf1, 0x0,
    0x0, 0x0, 0x0, 0x0, 0x0, 0x0, 0x6, 0xff,
    0xff, 0x80, 0x7, 0xff, 0xff, 0xa0, 0x0, 0x0,
    0x0, 0x0, 0x0, 0x0, 0x1, 0xef, 0xff, 0xf3,
    0x0, 0x1f, 0xff, 0xff, 0x70, 0x0, 0x0, 0x0,
    0x0, 0x0, 0x0, 0xcf, 0xff, 0xfb, 0x0, 0x0,
    0x7f, 0xff, 0xff, 0x80, 0x0, 0x0, 0x0, 0x0,
    0x1, 0xcf, 0xff, 0xff, 0x20, 0x0, 0x0, 0xcf,
    0xff, 0xff, 0xc3, 0x0, 0x0, 0x0, 0x6, 0xef,
    0xff, 0xff, 0x70, 0x0, 0x0, 0x1, 0xdf, 0xff,
    0xff, 0xfd, 0x97, 0x67, 0xae, 0xff, 0xff, 0xff,
    0xa0, 0x0, 0x0, 0x0, 0x2, 0xdf, 0xff, 0xff,
    0xff, 0xff, 0xff, 0xff, 0xff, 0xff, 0xa0, 0x0,
    0x0, 0x0, 0x0, 0x1, 0xaf, 0xff, 0xff, 0xff,
    0xff, 0xff, 0xff, 0xff, 0x70, 0x0, 0x0, 0x0,
    0x0, 0x0, 0x0, 0x5d, 0xff, 0xff, 0xff, 0xff,
    0xff, 0xfb, 0x20, 0x0, 0x0, 0x0, 0x0, 0x0,
    0x0, 0x0, 0x4, 0x9d, 0xff, 0xff, 0xfc, 0x82,
    0x0, 0x0, 0x0, 0x0, 0x0, 0x0, 0x0, 0x0,
    0x0, 0x0, 0x0, 0x12, 0x10, 0x0, 0x0, 0x0,
    0x0, 0x0, 0x0,

    /* U+F013 "" */
    0x0, 0x0, 0x0, 0x0, 0x0, 0x0, 0x0, 0x0,
    0x0, 0x0, 0x0, 0x0, 0x0, 0x0, 0x0, 0x0,
    0x0, 0x0, 0x0, 0x0, 0x9c, 0xde, 0xdc, 0x90,
    0x0, 0x0, 0x0, 0x0, 0x0, 0x0, 0x0, 0x0,
    0x0, 0x0, 0x1f, 0xff, 0xff, 0xff, 0x10, 0x0,
    0x0, 0x0, 0x0, 0x0, 0x0, 0x0, 0x0, 0x0,
    0x2, 0xff, 0xff, 0xff, 0xf2, 0x0, 0x0, 0x0,
    0x0, 0x0, 0x0, 0x0, 0x0, 0x0, 0x0, 0x2f,
    0xff, 0xff, 0xff, 0x20, 0x0, 0x0, 0x0, 0x0,
    0x0, 0x0, 0x7, 0x30, 0x0, 0x7e, 0xff, 0xff,
    0xff, 0xfe, 0x70, 0x0, 0x48, 0x0, 0x0, 0x0,
    0x8, 0xff, 0xa4, 0xdf, 0xff, 0xff, 0xff, 0xff,
    0xff, 0xd4, 0xbf, 0xf8, 0x0, 0x0, 0x4, 0xff,
    0xff, 0xff, 0xff, 0xff, 0xff, 0xff, 0xff, 0xff,
    0xff, 0xff, 0xf4, 0x0, 0x0, 0xdf, 0xff, 0xff,
    0xff, 0xff, 0xff, 0xff, 0xff, 0xff, 0xff, 0xff,
    0xff, 0xd0, 0x0, 0x5f, 0xff, 0xff, 0xff, 0xff,
    0xff, 0xff, 0xff, 0xff, 0xff, 0xff, 0xff, 0xff,
    0x50, 0xc, 0xff, 0xff, 0xff, 0xff, 0xff, 0xfb,
    0x9b, 0xff, 0xff, 0xff, 0xff, 0xff, 0xfc, 0x0,
    0xbf, 0xff, 0xff, 0xff, 0xff, 0xb1, 0x0, 0x1,
    0xbf, 0xff, 0xff, 0xff, 0xff, 0xb0, 0x0, 0x5e,
    0xff, 0xff, 0xff, 0xc0, 0x0, 0x0, 0x0, 0xcf,
    0xff, 0xff, 0xfe, 0x50, 0x0, 0x0, 0x4f, 0xff,
    0xff, 0xf4, 0x0, 0x0, 0x0, 0x4, 0xff, 0xff,
    0xff, 0x40, 0x0, 0x0, 0x5, 0xff, 0xff, 0xff,
    0x0, 0x0, 0x0, 0x0, 0xf, 0xff, 0xff, 0xf5,
    0x0, 0x0, 0x0, 0x5f, 0xff, 0xff, 0xf0, 0x0,
    0x0, 0x0, 0x0, 0xff, 0xff, 0xff, 0x50, 0x0,
    0x0, 0x4, 0xff, 0xff, 0xff, 0x30, 0x0, 0x0,
    0x0, 0x3f, 0xff, 0xff, 0xf4, 0x0, 0x0, 0x2,
    0xbf, 0xff, 0xff, 0xfa, 0x0, 0x0, 0x0, 0xa,
    0xff, 0xff, 0xff, 0xb2, 0x0, 0x7, 0xff, 0xff,
    0xff, 0xff, 0xf8, 0x0, 0x0, 0x8, 0xff, 0xff,
    0xff, 0xff, 0xf7, 0x0, 0xdf, 0xff, 0xff, 0xff,
    0xff, 0xfd, 0x75, 0x7d, 0xff, 0xff, 0xff, 0xff,
    0xff, 0xd0, 0x7, 0xff, 0xff, 0xff, 0xff, 0xff,
    0xff, 0xff, 0xff, 0xff, 0xff, 0xff, 0xff, 0xf7,
    0x0, 0xe, 0xff, 0xff, 0xff, 0xff, 0xff, 0xff,
    0xff, 0xff, 0xff, 0xff, 0xff, 0xfe, 0x0, 0x0,
    0x6f, 0xff, 0xff, 0xff, 0xff, 0xff, 0xff, 0xff,
    0xff, 0xff, 0xff, 0xff, 0x60, 0x0, 0x0, 0xbf,
    0xfe, 0x9f, 0xff, 0xff, 0xff, 0xff, 0xff, 0xff,
    0x8e, 0xff, 0xb0, 0x0, 0x0, 0x1, 0xc8, 0x0,
    0x2b, 0xff, 0xff, 0xff, 0xff, 0xfb, 0x20, 0x8,
    0xc1, 0x0, 0x0, 0x0, 0x0, 0x0, 0x0, 0x4,
    0xff, 0xff, 0xff, 0xf4, 0x0, 0x0, 0x0, 0x0,
    0x0, 0x0, 0x0, 0x0, 0x0, 0x0, 0x2f, 0xff,
    0xff, 0xff, 0x20, 0x0, 0x0, 0x0, 0x0, 0x0,
    0x0, 0x0, 0x0, 0x0, 0x2, 0xff, 0xff, 0xff,
    0xf2, 0x0, 0x0, 0x0, 0x0, 0x0, 0x0, 0x0,
    0x0, 0x0, 0x0, 0xc, 0xff, 0xff, 0xfd, 0x0,
    0x0, 0x0, 0x0, 0x0, 0x0, 0x0, 0x0, 0x0,
    0x0, 0x0, 0x0, 0x12, 0x10, 0x0, 0x0, 0x0,
    0x0, 0x0, 0x0,

    /* U+F015 "" */
    0x0, 0x0, 0x0, 0x0, 0x0, 0x0, 0x0, 0x4,
    0x51, 0x0, 0x0, 0x4, 0x66, 0x62, 0x0, 0x0,
    0x0, 0x0, 0x0, 0x0, 0x0, 0x0, 0x0, 0x1b,
    0xff, 0xf6, 0x0, 0x0, 0xef, 0xff, 0xa0, 0x0,
    0x0, 0x0, 0x0, 0x0, 0x0, 0x0, 0x0, 0x2d,
    0xff, 0xff, 0xf9, 0x0, 0xe, 0xff, 0xfa, 0x0,
    0x0, 0x0, 0x0, 0x0, 0x0, 0x0, 0x0, 0x4f,
    0xff, 0xff, 0xff, 0xfb, 0x10, 0xef, 0xff, 0xa0,
    0x0, 0x0, 0x0, 0x0, 0x0, 0x0, 0x0, 0x7f,
    0xff, 0xff, 0xcf, 0xff, 0xfd, 0x2e, 0xff, 0xfa,
    0x0, 0x0, 0x0, 0x0, 0x0, 0x0, 0x0, 0xaf,
    0xff, 0xfd, 0x20, 0x6f, 0xff, 0xff, 0xff, 0xff,
    0xa0, 0x0, 0x0, 0x0, 0x0, 0x0, 0x1, 0xcf,
    0xff, 0xfc, 0x10, 0x0, 0x4e, 0xff, 0xff, 0xff,
    0xfa, 0x0, 0x0, 0x0, 0x0, 0x0, 0x3, 0xef,
    0xff, 0xf9, 0x0, 0x8e, 0x40, 0x2d, 0xff, 0xff,
    0xff, 0xa0, 0x0, 0x0, 0x0, 0x0, 0x5, 0xff,
    0xff, 0xf6, 0x1, 0xbf, 0xff, 0x60, 0x1b, 0xff,
    0xff, 0xfa, 0x0, 0x0, 0x0, 0x0, 0x8, 0xff,
    0xff, 0xe4, 0x2, 0xdf, 0xff, 0xff, 0x90, 0x8,
    0xff, 0xff, 0xe3, 0x0, 0x0, 0x0, 0xb, 0xff,
    0xff, 0xd2, 0x4, 0xef, 0xff, 0xff, 0xff, 0xc1,
    0x6, 0xff, 0xff, 0xf5, 0x0, 0x0, 0x2d, 0xff,
    0xff, 0xb0, 0x6, 0xff, 0xff, 0xff, 0xff, 0xff,
    0xd2, 0x3, 0xef, 0xff, 0xf8, 0x0, 0x4e, 0xff,
    0xff, 0x80, 0x9, 0xff, 0xff, 0xff, 0xff, 0xff,
    0xff, 0xf4, 0x1, 0xdf, 0xff, 0xfb, 0x1e, 0xff,
    0xff, 0x60, 0x1c, 0xff, 0xff, 0xff, 0xff, 0xff,
    0xff, 0xff, 0xf7, 0x0, 0xaf, 0xff, 0xf8, 0x6f,
    0xfe, 0x30, 0x2d, 0xff, 0xff, 0xff, 0xff, 0xff,
    0xff, 0xff, 0xff, 0xfa, 0x0, 0x8f, 0xfe, 0x10,
    0x8c, 0x10, 0x4f, 0xff, 0xff, 0xff, 0xff, 0xff,
    0xff, 0xff, 0xff, 0xff, 0xfc, 0x0, 0x5e, 0x30,
    0x0, 0x0, 0x9, 0xff, 0xff, 0xff, 0xff, 0xff,
    0xff, 0xff, 0xff, 0xff, 0xff, 0xf3, 0x0, 0x0,
    0x0, 0x0, 0x0, 0x9f, 0xff, 0xff, 0xff, 0xff,
    0xff, 0xff, 0xff, 0xff, 0xff, 0xff, 0x30, 0x0,
    0x0, 0x0, 0x0, 0x9, 0xff, 0xff, 0xff, 0xff,
    0xbb, 0xbb, 0xdf, 0xff, 0xff, 0xff, 0xf3, 0x0,
    0x0, 0x0, 0x0, 0x0, 0x9f, 0xff, 0xff, 0xff,
    0xa0, 0x0, 0x0, 0xff, 0xff, 0xff, 0xff, 0x30,
    0x0, 0x0, 0x0, 0x0, 0x9, 0xff, 0xff, 0xff,
    0xf9, 0x0, 0x0, 0xf, 0xff, 0xff, 0xff, 0xf3,
    0x0, 0x0, 0x0, 0x0, 0x0, 0x9f, 0xff, 0xff,
    0xff, 0x90, 0x0, 0x0, 0xff, 0xff, 0xff, 0xff,
    0x30, 0x0, 0x0, 0x0, 0x0, 0x9, 0xff, 0xff,
    0xff, 0xf9, 0x0, 0x0, 0xf, 0xff, 0xff, 0xff,
    0xf3, 0x0, 0x0, 0x0, 0x0, 0x0, 0x9f, 0xff,
    0xff, 0xff, 0x90, 0x0, 0x0, 0xff, 0xff, 0xff,
    0xff, 0x30, 0x0, 0x0, 0x0, 0x0, 0x9, 0xff,
    0xff, 0xff, 0xf9, 0x0, 0x0, 0xf, 0xff, 0xff,
    0xff, 0xf3, 0x0, 0x0, 0x0, 0x0, 0x0, 0x5e,
    0xff, 0xff, 0xff, 0x60, 0x0, 0x0, 0xbf, 0xff,
    0xff, 0xfd, 0x10, 0x0, 0x0,

    /* U+F019 "" */
    0x0, 0x0, 0x0, 0x0, 0x0, 0x0, 0x23, 0x33,
    0x20, 0x0, 0x0, 0x0, 0x0, 0x0, 0x0, 0x0,
    0x0, 0x0, 0x0, 0x0, 0xdf, 0xff, 0xff, 0xd0,
    0x0, 0x0, 0x0, 0x0, 0x0, 0x0, 0x0, 0x0,
    0x0, 0x0, 0x1f, 0xff, 0xff, 0xff, 0x10, 0x0,
    0x0, 0x0, 0x0, 0x0, 0x0, 0x0, 0x0, 0x0,
    0x2, 0xff, 0xff, 0xff, 0xf2, 0x0, 0x0, 0x0,
    0x0, 0x0, 0x0, 0x0, 0x0, 0x0, 0x0, 0x2f,
    0xff, 0xff, 0xff, 0x20, 0x0, 0x0, 0x0, 0x0,
    0x0, 0x0, 0x0, 0x0, 0x0, 0x2, 0xff, 0xff,
    0xff, 0xf2, 0x0, 0x0, 0x0, 0x0, 0x0, 0x0,
    0x0, 0x0, 0x0, 0x0, 0x2f, 0xff, 0xff, 0xff,
    0x20, 0x0, 0x0, 0x0, 0x0, 0x0, 0x0, 0x0,
    0x0, 0x0, 0x2, 0xff, 0xff, 0xff, 0xf2, 0x0,
    0x0, 0x0, 0x0, 0x0, 0x0, 0x0, 0x0, 0x0,
    0x0, 0x2f, 0xff, 0xff, 0xff, 0x20, 0x0, 0x0,
    0x0, 0x0, 0x0, 0x0, 0x0, 0x0, 0x0, 0x2,
    0xff, 0xff, 0xff, 0xf2, 0x0, 0x0, 0x0, 0x0,
    0x0, 0x0, 0x0, 0x0, 0x0, 0x0, 0x2f, 0xff,
    0xff, 0xff, 0x20, 0x0, 0x0, 0x0, 0x0, 0x0,
    0x0, 0x0, 0x25, 0x55, 0x56, 0xff, 0xff, 0xff,
    0xf6, 0x55, 0x55, 0x20, 0x0, 0x0, 0x0, 0x0,
    0x1f, 0xff, 0xff, 0xff, 0xff, 0xff, 0xff, 0xff,
    0xff, 0xff, 0x10, 0x0, 0x0, 0x0, 0x0, 0xdf,
    0xff, 0xff, 0xff, 0xff, 0xff, 0xff, 0xff, 0xff,
    0xd0, 0x0, 0x0, 0x0, 0x0, 0x1, 0xdf, 0xff,
    0xff, 0xff, 0xff, 0xff, 0xff, 0xff, 0xd1, 0x0,
    0x0, 0x0, 0x0, 0x0, 0x1, 0xdf, 0xff, 0xff,
    0xff, 0xff, 0xff, 0xff, 0xd1, 0x0, 0x0, 0x0,
    0x0, 0x0, 0x0, 0x1, 0xdf, 0xff, 0xff, 0xff,
    0xff, 0xff, 0xd1, 0x0, 0x0, 0x0, 0x0, 0x0,
    0x0, 0x0, 0x1, 0xdf, 0xff, 0xff, 0xff, 0xff,
    0xd1, 0x0, 0x0, 0x0, 0x0, 0x0, 0x0, 0x0,
    0x0, 0x1, 0xdf, 0xff, 0xff, 0xff, 0xd1, 0x0,
    0x0, 0x0, 0x0, 0x0, 0x0, 0x0, 0x0, 0x0,
    0x1, 0xdf, 0xff, 0xff, 0xd1, 0x0, 0x0, 0x0,
    0x0, 0x0, 0x3, 0x44, 0x44, 0x44, 0x43, 0x1,
    0xdf, 0xff, 0xd1, 0x3, 0x44, 0x44, 0x44, 0x43,
    0xc, 0xff, 0xff, 0xff, 0xff, 0xf7, 0x1, 0xdf,
    0xd1, 0x7, 0xff, 0xff, 0xff, 0xff, 0xfc, 0xff,
    0xff, 0xff, 0xff, 0xff, 0xf8, 0x1, 0x61, 0x8,
    0xff, 0xff, 0xff, 0xff, 0xff, 0xff, 0xff, 0xff,
    0xff, 0xff, 0xff, 0xfa, 0x10, 0xa, 0xff, 0xff,
    0xff, 0xff, 0xff, 0xff, 0xff, 0xff, 0xff, 0xff,
    0xff, 0xff, 0xff, 0xdf, 0xff, 0xff, 0xff, 0xff,
    0xff, 0xff, 0xff, 0xff, 0xff, 0xff, 0xff, 0xff,
    0xff, 0xff, 0xff, 0xff, 0xff, 0xff, 0xff, 0xff,
    0xff, 0xff, 0xff, 0xff, 0xff, 0xff, 0xff, 0xff,
    0xff, 0xff, 0xfe, 0x14, 0xf9, 0x9, 0xff, 0xff,
    0xff, 0xff, 0xff, 0xff, 0xff, 0xff, 0xff, 0xff,
    0xff, 0xe1, 0x4f, 0x90, 0xaf, 0xff, 0xff, 0xff,
    0xff, 0xff, 0xff, 0xff, 0xff, 0xff, 0xff, 0xff,
    0xff, 0xff, 0xff, 0xff, 0xe4, 0x99, 0x99, 0x99,
    0x99, 0x99, 0x99, 0x99, 0x99, 0x99, 0x99, 0x99,
    0x99, 0x99, 0x94,

    /* U+F01C "" */
    0x0, 0x0, 0x0, 0x4, 0x9a, 0xaa, 0xaa, 0xaa,
    0xaa, 0xaa, 0xaa, 0xaa, 0x81, 0x0, 0x0, 0x0,
    0x0, 0x0, 0x0, 0x7, 0xff, 0xff, 0xff, 0xff,
    0xff, 0xff, 0xff, 0xff, 0xff, 0xf2, 0x0, 0x0,
    0x0, 0x0, 0x0, 0x3, 0xff, 0xff, 0xff, 0xff,
    0xff, 0xff, 0xff, 0xff, 0xff, 0xff, 0xc0, 0x0,
    0x0, 0x0, 0x0, 0x0, 0xdf, 0xff, 0xff, 0xff,
    0xff, 0xff, 0xff, 0xff, 0xff, 0xff, 0xff, 0x70,
    0x0, 0x0, 0x0, 0x0, 0x8f, 0xff, 0xc0, 0x0,
    0x0, 0x0, 0x0, 0x0, 0x0, 0x3, 0xff, 0xff,
    0x30, 0x0, 0x0, 0x0, 0x3f, 0xff, 0xf2, 0x0,
    0x0, 0x0, 0x0, 0x0, 0x0, 0x0, 0x8, 0xff,
    0xfd, 0x0, 0x0, 0x0, 0xd, 0xff, 0xf7, 0x0,
    0x0, 0x0, 0x0, 0x0, 0x0, 0x0, 0x0, 0xd,
    0xff, 0xf8, 0x0, 0x0, 0x8, 0xff, 0xfc, 0x0,
    0x0, 0x0, 0x0, 0x0, 0x0, 0x0, 0x0, 0x0,
    0x3f, 0xff, 0xf3, 0x0, 0x3, 0xff, 0xff, 0x20,
    0x0, 0x0, 0x0, 0x0, 0x0, 0x0, 0x0, 0x0,
    0x0, 0x7f, 0xff, 0xd0, 0x0, 0xdf, 0xff, 0x70,
    0x0, 0x0, 0x0, 0x0, 0x0, 0x0, 0x0, 0x0,
    0x0, 0x0, 0xcf, 0xff, 0x80, 0x8f, 0xff, 0xc0,
    0x0, 0x0, 0x0, 0x0, 0x0, 0x0, 0x0, 0x0,
    0x0, 0x0, 0x2, 0xff, 0xff, 0x2e, 0xff, 0xfe,
    0xee, 0xee, 0xee, 0x70, 0x0, 0x0, 0x0, 0x0,
    0xce, 0xee, 0xee, 0xef, 0xff, 0xf8, 0xff, 0xff,
    0xff, 0xff, 0xff, 0xff, 0x10, 0x0, 0x0, 0x0,
    0x6f, 0xff, 0xff, 0xff, 0xff, 0xff, 0xaf, 0xff,
    0xff, 0xff, 0xff, 0xff, 0xf8, 0x0, 0x0, 0x0,
    0xd, 0xff, 0xff, 0xff, 0xff, 0xff, 0xfa, 0xff,
    0xff, 0xff, 0xff, 0xff, 0xff, 0xf4, 0x44, 0x44,
    0x47, 0xff, 0xff, 0xff, 0xff, 0xff, 0xff, 0xaf,
    0xff, 0xff, 0xff, 0xff, 0xff, 0xff, 0xff, 0xff,
    0xff, 0xff, 0xff, 0xff, 0xff, 0xff, 0xff, 0xfa,
    0xff, 0xff, 0xff, 0xff, 0xff, 0xff, 0xff, 0xff,
    0xff, 0xff, 0xff, 0xff, 0xff, 0xff, 0xff, 0xff,
    0xaf, 0xff, 0xff, 0xff, 0xff, 0xff, 0xff, 0xff,
    0xff, 0xff, 0xff, 0xff, 0xff, 0xff, 0xff, 0xff,
    0xfa, 0xff, 0xff, 0xff, 0xff, 0xff, 0xff, 0xff,
    0xff, 0xff, 0xff, 0xff, 0xff, 0xff, 0xff, 0xff,
    0xff, 0xaf, 0xff, 0xff, 0xff, 0xff, 0xff, 0xff,
    0xff, 0xff, 0xff, 0xff, 0xff, 0xff, 0xff, 0xff,
    0xff, 0xf9, 0xaf, 0xff, 0xff, 0xff, 0xff, 0xff,
    0xff, 0xff, 0xff, 0xff, 0xff, 0xff, 0xff, 0xff,
    0xff, 0xff, 0x41, 0xaf, 0xff, 0xff, 0xff, 0xff,
    0xff, 0xff, 0xff, 0xff, 0xff, 0xff, 0xff, 0xff,
    0xff, 0xfe, 0x60,

    /* U+F021 "" */
    0x0, 0x0, 0x0, 0x0, 0x0, 0x0, 0x0, 0x0,
    0x0, 0x0, 0x0, 0x0, 0x7, 0x99, 0x70, 0x0,
    0x0, 0x0, 0x0, 0x15, 0x9c, 0xde, 0xdb, 0x73,
    0x0, 0x0, 0x0, 0xff, 0xff, 0x0, 0x0, 0x0,
    0x1, 0x9f, 0xff, 0xff, 0xff, 0xff, 0xfd, 0x60,
    0x0, 0xf, 0xff, 0xf0, 0x0, 0x0, 0x6, 0xff,
    0xff, 0xff, 0xff, 0xff, 0xff, 0xff, 0xd4, 0x0,
    0xef, 0xff, 0x0, 0x0, 0xa, 0xff, 0xff, 0xff,
    0xff, 0xff, 0xff, 0xff, 0xff, 0xf9, 0xd, 0xff,
    0xf0, 0x0, 0xb, 0xff, 0xff, 0xff, 0xa6, 0x32,
    0x36, 0xbf, 0xff, 0xff, 0xfa, 0xdf, 0xff, 0x0,
    0xa, 0xff, 0xff, 0xf9, 0x10, 0x0, 0x0, 0x0,
    0x2a, 0xff, 0xff, 0xff, 0xff, 0xf0, 0x5, 0xff,
    0xff, 0xe4, 0x0, 0x0, 0x0, 0x0, 0x0, 0x3,
    0xef, 0xff, 0xff, 0xff, 0x0, 0xef, 0xff, 0xe2,
    0x0, 0x0, 0x0, 0x0, 0x0, 0x0, 0x1, 0xdf,
    0xff, 0xff, 0xf0, 0x6f, 0xff, 0xf4, 0x0, 0x0,
    0x0, 0x0, 0x8, 0xed, 0xcc, 0xbc, 0xff, 0xff,
    0xff, 0xd, 0xff, 0xfa, 0x0, 0x0, 0x0, 0x0,
    0x0, 0xbf, 0xff, 0xff, 0xff, 0xff, 0xff, 0xf1,
    0xff, 0xff, 0x20, 0x0, 0x0, 0x0, 0x0, 0xb,
    0xff, 0xff, 0xff, 0xff, 0xff, 0xff, 0x3f, 0xff,
    0xc0, 0x0, 0x0, 0x0, 0x0, 0x0, 0x9f, 0xff,
    0xff, 0xff, 0xff, 0xff, 0xe0, 0x11, 0x10, 0x0,
    0x0, 0x0, 0x0, 0x0, 0x0, 0x11, 0x11, 0x11,
    0x11, 0x11, 0x10, 0x0, 0x0, 0x0, 0x0, 0x0,
    0x0, 0x0, 0x0, 0x0, 0x0, 0x0, 0x0, 0x0,
    0x0, 0x0, 0x0, 0x0, 0x0, 0x0, 0x0, 0x0,
    0x0, 0x0, 0x0, 0x0, 0x0, 0x0, 0x0, 0x0,
    0x0, 0x0, 0x0, 0x0, 0x0, 0x0, 0x0, 0x0,
    0x0, 0x0, 0x0, 0x0, 0x0, 0x0, 0xe, 0xff,
    0xff, 0xff, 0xff, 0xff, 0xf9, 0x0, 0x0, 0x0,
    0x0, 0x0, 0xc, 0xff, 0xf3, 0xff, 0xff, 0xff,
    0xff, 0xff, 0xff, 0xb0, 0x0, 0x0, 0x0, 0x0,
    0x2, 0xff, 0xff, 0x1f, 0xff, 0xff, 0xff, 0xff,
    0xff, 0xfb, 0x0, 0x0, 0x0, 0x0, 0x0, 0xaf,
    0xff, 0xc0, 0xff, 0xff, 0xff, 0xdc, 0xcd, 0xef,
    0x80, 0x0, 0x0, 0x0, 0x0, 0x3f, 0xff, 0xf6,
    0xf, 0xff, 0xff, 0xfd, 0x10, 0x0, 0x0, 0x0,
    0x0, 0x0, 0x0, 0x1e, 0xff, 0xfe, 0x0, 0xff,
    0xff, 0xff, 0xfc, 0x20, 0x0, 0x0, 0x0, 0x0,
    0x0, 0x2e, 0xff, 0xff, 0x60, 0xf, 0xff, 0xff,
    0xff, 0xff, 0x60, 0x0, 0x0, 0x0, 0x0, 0x6f,
    0xff, 0xff, 0xb0, 0x0, 0xff, 0xfe, 0xdf, 0xff,
    0xff, 0xe7, 0x30, 0x0, 0x27, 0xdf, 0xff, 0xff,
    0xd1, 0x0, 0xf, 0xff, 0xd1, 0xcf, 0xff, 0xff,
    0xff, 0xff, 0xff, 0xff, 0xff, 0xff, 0xc1, 0x0,
    0x0, 0xff, 0xfe, 0x0, 0x8f, 0xff, 0xff, 0xff,
    0xff, 0xff, 0xff, 0xff, 0x90, 0x0, 0x0, 0xf,
    0xff, 0xf0, 0x0, 0x2a, 0xff, 0xff, 0xff, 0xff,
    0xff, 0xfc, 0x40, 0x0, 0x0, 0x0, 0xff, 0xff,
    0x0, 0x0, 0x1, 0x7b, 0xff, 0xff, 0xfd, 0x83,
    0x0, 0x0, 0x0, 0x0, 0x8, 0xaa, 0x80, 0x0,
    0x0, 0x0, 0x0, 0x12, 0x10, 0x0, 0x0, 0x0,
    0x0, 0x0, 0x0,

    /* U+F026 "" */
    0x0, 0x0, 0x0, 0x0, 0x0, 0x0, 0x46, 0x0,
    0x0, 0x0, 0x0, 0x0, 0x0, 0x7f, 0xf6, 0x0,
    0x0, 0x0, 0x0, 0x0, 0x7f, 0xff, 0x80, 0x0,
    0x0, 0x0, 0x0, 0x7f, 0xff, 0xf8, 0x0, 0x0,
    0x0, 0x0, 0x7f, 0xff, 0xff, 0x80, 0x11, 0x11,
    0x11, 0x7f, 0xff, 0xff, 0xf8, 0xaf, 0xff, 0xff,
    0xff, 0xff, 0xff, 0xff, 0x8f, 0xff, 0xff, 0xff,
    0xff, 0xff, 0xff, 0xf8, 0xff, 0xff, 0xff, 0xff,
    0xff, 0xff, 0xff, 0x8f, 0xff, 0xff, 0xff, 0xff,
    0xff, 0xff, 0xf8, 0xff, 0xff, 0xff, 0xff, 0xff,
    0xff, 0xff, 0x8f, 0xff, 0xff, 0xff, 0xff, 0xff,
    0xff, 0xf8, 0xff, 0xff, 0xff, 0xff, 0xff, 0xff,
    0xff, 0x8f, 0xff, 0xff, 0xff, 0xff, 0xff, 0xff,
    0xf8, 0xff, 0xff, 0xff, 0xff, 0xff, 0xff, 0xff,
    0x8f, 0xff, 0xff, 0xff, 0xff, 0xff, 0xff, 0xf8,
    0x6c, 0xcc, 0xcc, 0xcf, 0xff, 0xff, 0xff, 0x80,
    0x0, 0x0, 0x0, 0x3e, 0xff, 0xff, 0xf8, 0x0,
    0x0, 0x0, 0x0, 0x3f, 0xff, 0xff, 0x80, 0x0,
    0x0, 0x0, 0x0, 0x3f, 0xff, 0xf8, 0x0, 0x0,
    0x0, 0x0, 0x0, 0x3f, 0xff, 0x70, 0x0, 0x0,
    0x0, 0x0, 0x0, 0x3e, 0xf4, 0x0, 0x0, 0x0,
    0x0, 0x0, 0x0, 0x11, 0x0,

    /* U+F027 "" */
    0x0, 0x0, 0x0, 0x0, 0x0, 0x0, 0x45, 0x0,
    0x0, 0x0, 0x0, 0x0, 0x0, 0x0, 0x0, 0x0,
    0x6, 0xff, 0x60, 0x0, 0x0, 0x0, 0x0, 0x0,
    0x0, 0x0, 0x0, 0x6f, 0xff, 0x80, 0x0, 0x0,
    0x0, 0x0, 0x0, 0x0, 0x0, 0x6, 0xff, 0xff,
    0x80, 0x0, 0x0, 0x0, 0x0, 0x0, 0x0, 0x0,
    0x6f, 0xff, 0xff, 0x80, 0x0, 0x0, 0x0, 0x0,
    0x0, 0x0, 0x6, 0xff, 0xff, 0xff, 0x80, 0x0,
    0x0, 0x0, 0xaf, 0xff, 0xff, 0xff, 0xff, 0xff,
    0xff, 0x80, 0x0, 0x40, 0x0, 0xff, 0xff, 0xff,
    0xff, 0xff, 0xff, 0xff, 0x80, 0xb, 0xfd, 0x20,
    0xff, 0xff, 0xff, 0xff, 0xff, 0xff, 0xff, 0x80,
    0xb, 0xff, 0xd0, 0xff, 0xff, 0xff, 0xff, 0xff,
    0xff, 0xff, 0x80, 0x1, 0xbf, 0xf6, 0xff, 0xff,
    0xff, 0xff, 0xff, 0xff, 0xff, 0x80, 0x0, 0x1f,
    0xfa, 0xff, 0xff, 0xff, 0xff, 0xff, 0xff, 0xff,
    0x80, 0x0, 0xf, 0xfb, 0xff, 0xff, 0xff, 0xff,
    0xff, 0xff, 0xff, 0x80, 0x0, 0x7f, 0xf8, 0xff,
    0xff, 0xff, 0xff, 0xff, 0xff, 0xff, 0x80, 0x7,
    0xff, 0xf2, 0xff, 0xff, 0xff, 0xff, 0xff, 0xff,
    0xff, 0x80, 0xc, 0xff, 0x60, 0xff, 0xff, 0xff,
    0xff, 0xff, 0xff, 0xff, 0x80, 0x4, 0xa4, 0x0,
    0x7d, 0xdd, 0xdd, 0xdf, 0xff, 0xff, 0xff, 0x80,
    0x0, 0x0, 0x0, 0x0, 0x0, 0x0, 0x3, 0xff,
    0xff, 0xff, 0x80, 0x0, 0x0, 0x0, 0x0, 0x0,
    0x0, 0x0, 0x3f, 0xff, 0xff, 0x80, 0x0, 0x0,
    0x0, 0x0, 0x0, 0x0, 0x0, 0x3, 0xff, 0xff,
    0x80, 0x0, 0x0, 0x0, 0x0, 0x0, 0x0, 0x0,
    0x0, 0x3f, 0xff, 0x70, 0x0, 0x0, 0x0, 0x0,
    0x0, 0x0, 0x0, 0x0, 0x3, 0xff, 0x40, 0x0,
    0x0, 0x0, 0x0, 0x0, 0x0, 0x0, 0x0, 0x0,
    0x12, 0x0, 0x0, 0x0, 0x0,

    /* U+F028 "" */
    0x0, 0x0, 0x0, 0x0, 0x0, 0x0, 0x0, 0x0,
    0x0, 0x0, 0x0, 0x0, 0x62, 0x0, 0x0, 0x0,
    0x0, 0x0, 0x0, 0x0, 0x0, 0x0, 0x0, 0x0,
    0x0, 0x0, 0x0, 0x0, 0xaf, 0xf6, 0x0, 0x0,
    0x0, 0x0, 0x0, 0x0, 0x0, 0x0, 0x0, 0x0,
    0x0, 0x0, 0x0, 0x0, 0x8, 0xff, 0xf8, 0x0,
    0x0, 0x0, 0x0, 0x0, 0x0, 0x0, 0x0, 0x4,
    0x60, 0x0, 0x0, 0x0, 0x0, 0x7, 0xff, 0xf8,
    0x0, 0x0, 0x0, 0x0, 0x0, 0x0, 0x0, 0x7,
    0xff, 0x60, 0x0, 0x0, 0x0, 0x0, 0x5, 0xff,
    0xf5, 0x0, 0x0, 0x0, 0x0, 0x0, 0x0, 0x7,
    0xff, 0xf8, 0x0, 0x0, 0x5, 0xe9, 0x0, 0x5,
    0xff, 0xf1, 0x0, 0x0, 0x0, 0x0, 0x0, 0x7,
    0xff, 0xff, 0x80, 0x0, 0x0, 0xbf, 0xfc, 0x10,
    0x9, 0xff, 0xa0, 0x0, 0x0, 0x0, 0x0, 0x7,
    0xff, 0xff, 0xf8, 0x0, 0x0, 0x3, 0xef, 0xfc,
    0x0, 0xe, 0xff, 0x20, 0x1, 0x11, 0x11, 0x17,
    0xff, 0xff, 0xff, 0x80, 0x0, 0x0, 0x2, 0xdf,
    0xf8, 0x0, 0x6f, 0xf9, 0xa, 0xff, 0xff, 0xff,
    0xff, 0xff, 0xff, 0xf8, 0x0, 0x15, 0x10, 0x2,
    0xff, 0xf2, 0x0, 0xef, 0xe0, 0xff, 0xff, 0xff,
    0xff, 0xff, 0xff, 0xff, 0x80, 0xb, 0xfe, 0x20,
    0x7, 0xff, 0x80, 0xa, 0xff, 0x3f, 0xff, 0xff,
    0xff, 0xff, 0xff, 0xff, 0xf8, 0x0, 0xbf, 0xfd,
    0x0, 0xf, 0xfd, 0x0, 0x6f, 0xf6, 0xff, 0xff,
    0xff, 0xff, 0xff, 0xff, 0xff, 0x80, 0x0, 0xaf,
    0xf6, 0x0, 0xbf, 0xf0, 0x3, 0xff, 0x8f, 0xff,
    0xff, 0xff, 0xff, 0xff, 0xff, 0xf8, 0x0, 0x1,
    0xff, 0xa0, 0x9, 0xff, 0x20, 0x2f, 0xf9, 0xff,
    0xff, 0xff, 0xff, 0xff, 0xff, 0xff, 0x80, 0x0,
    0xf, 0xfb, 0x0, 0x9f, 0xf2, 0x2, 0xff, 0x9f,
    0xff, 0xff, 0xff, 0xff, 0xff, 0xff, 0xf8, 0x0,
    0x7, 0xff, 0x80, 0xa, 0xff, 0x10, 0x3f, 0xf8,
    0xff, 0xff, 0xff, 0xff, 0xff, 0xff, 0xff, 0x80,
    0x8, 0xff, 0xf1, 0x0, 0xef, 0xe0, 0x5, 0xff,
    0x6f, 0xff, 0xff, 0xff, 0xff, 0xff, 0xff, 0xf8,
    0x0, 0xcf, 0xf5, 0x0, 0x5f, 0xfa, 0x0, 0x9f,
    0xf3, 0xff, 0xff, 0xff, 0xff, 0xff, 0xff, 0xff,
    0x80, 0x3, 0x93, 0x0, 0xd, 0xff, 0x30, 0xd,
    0xff, 0x6, 0xcc, 0xcc, 0xcc, 0xff, 0xff, 0xff,
    0xf8, 0x0, 0x0, 0x0, 0xb, 0xff, 0xb0, 0x4,
    0xff, 0xa0, 0x0, 0x0, 0x0, 0x3, 0xef, 0xff,
    0xff, 0x80, 0x0, 0x0, 0x1c, 0xff, 0xe1, 0x0,
    0xcf, 0xf4, 0x0, 0x0, 0x0, 0x0, 0x3, 0xff,
    0xff, 0xf8, 0x0, 0x0, 0xa, 0xff, 0xe3, 0x0,
    0x6f, 0xfc, 0x0, 0x0, 0x0, 0x0, 0x0, 0x3,
    0xff, 0xff, 0x80, 0x0, 0x0, 0x8f, 0xc2, 0x0,
    0x2f, 0xff, 0x30, 0x0, 0x0, 0x0, 0x0, 0x0,
    0x3, 0xff, 0xf7, 0x0, 0x0, 0x0, 0x20, 0x0,
    0x2e, 0xff, 0x90, 0x0, 0x0, 0x0, 0x0, 0x0,
    0x0, 0x3, 0xef, 0x40, 0x0, 0x0, 0x0, 0x0,
    0x4e, 0xff, 0xc0, 0x0, 0x0, 0x0, 0x0, 0x0,
    0x0, 0x0, 0x1, 0x10, 0x0, 0x0, 0x0, 0x0,
    0x5f, 0xff, 0xc0, 0x0, 0x0, 0x0, 0x0, 0x0,
    0x0, 0x0, 0x0, 0x0, 0x0, 0x0, 0x0, 0x0,
    0xb, 0xff, 0xa0, 0x0, 0x0, 0x0, 0x0, 0x0,
    0x0, 0x0, 0x0, 0x0, 0x0, 0x0, 0x0, 0x0,
    0x0, 0x2a, 0x60, 0x0, 0x0, 0x0,

    /* U+F03E "" */
    0x9, 0xef, 0xff, 0xff, 0xff, 0xff, 0xff, 0xff,
    0xff, 0xff, 0xff, 0xff, 0xff, 0xe9, 0xa, 0xff,
    0xff, 0xff, 0xff, 0xff, 0xff, 0xff, 0xff, 0xff,
    0xff, 0xff, 0xff, 0xff, 0xfa, 0xff, 0xff, 0xff,
    0xff, 0xff, 0xff, 0xff, 0xff, 0xff, 0xff, 0xff,
    0xff, 0xff, 0xff, 0xff, 0xff, 0xfd, 0x64, 0x8f,
    0xff, 0xff, 0xff, 0xff, 0xff, 0xff, 0xff, 0xff,
    0xff, 0xff, 0xff, 0xfd, 0x0, 0x0, 0x3f, 0xff,
    0xff, 0xff, 0xff, 0xff, 0xff, 0xff, 0xff, 0xff,
    0xff, 0xff, 0x50, 0x0, 0x0, 0xbf, 0xff, 0xff,
    0xff, 0xff, 0xff, 0xff, 0xff, 0xff, 0xff, 0xff,
    0xf3, 0x0, 0x0, 0x8, 0xff, 0xff, 0xff, 0xff,
    0xff, 0xff, 0xff, 0xff, 0xff, 0xff, 0xff, 0x60,
    0x0, 0x0, 0xbf, 0xff, 0xff, 0xff, 0xfe, 0x23,
    0xff, 0xff, 0xff, 0xff, 0xff, 0xfd, 0x0, 0x0,
    0x3f, 0xff, 0xff, 0xff, 0xfe, 0x20, 0x3, 0xff,
    0xff, 0xff, 0xff, 0xff, 0xfd, 0x64, 0x8f, 0xff,
    0xff, 0xff, 0xfe, 0x20, 0x0, 0x3, 0xff, 0xff,
    0xff, 0xff, 0xff, 0xff, 0xff, 0xff, 0xff, 0xff,
    0xfe, 0x20, 0x0, 0x0, 0x3, 0xff, 0xff, 0xff,
    0xff, 0xff, 0xff, 0xc9, 0xff, 0xff, 0xfe, 0x20,
    0x0, 0x0, 0x0, 0x3, 0xff, 0xff, 0xff, 0xff,
    0xff, 0xb0, 0x7, 0xff, 0xfe, 0x20, 0x0, 0x0,
    0x0, 0x0, 0xa, 0xff, 0xff, 0xff, 0xff, 0xb0,
    0x0, 0x7, 0xfe, 0x20, 0x0, 0x0, 0x0, 0x0,
    0x0, 0xaf, 0xff, 0xff, 0xff, 0xb0, 0x0, 0x0,
    0x6, 0x20, 0x0, 0x0, 0x0, 0x0, 0x0, 0xa,
    0xff, 0xff, 0xff, 0xc0, 0x0, 0x0, 0x0, 0x0,
    0x0, 0x0, 0x0, 0x0, 0x0, 0x0, 0xaf, 0xff,
    0xff, 0xfa, 0x0, 0x0, 0x0, 0x0, 0x0, 0x0,
    0x0, 0x0, 0x0, 0x0, 0xa, 0xff, 0xff, 0xff,
    0xa0, 0x0, 0x0, 0x0, 0x0, 0x0, 0x0, 0x0,
    0x0, 0x0, 0x0, 0xaf, 0xff, 0xff, 0xfd, 0xaa,
    0xaa, 0xaa, 0xaa, 0xaa, 0xaa, 0xaa, 0xaa, 0xaa,
    0xaa, 0xad, 0xff, 0xff, 0xff, 0xff, 0xff, 0xff,
    0xff, 0xff, 0xff, 0xff, 0xff, 0xff, 0xff, 0xff,
    0xff, 0xff, 0xaf, 0xff, 0xff, 0xff, 0xff, 0xff,
    0xff, 0xff, 0xff, 0xff, 0xff, 0xff, 0xff, 0xff,
    0xa1, 0xaf, 0xff, 0xff, 0xff, 0xff, 0xff, 0xff,
    0xff, 0xff, 0xff, 0xff, 0xff, 0xff, 0xa1,

    /* U+F043 "" */
    0x0, 0x0, 0x0, 0x0, 0x5, 0x50, 0x0, 0x0,
    0x0, 0x0, 0x0, 0x0, 0x0, 0x0, 0x8f, 0xf7,
    0x0, 0x0, 0x0, 0x0, 0x0, 0x0, 0x0, 0x0,
    0xef, 0xfd, 0x0, 0x0, 0x0, 0x0, 0x0, 0x0,
    0x0, 0x4, 0xff, 0xff, 0x30, 0x0, 0x0, 0x0,
    0x0, 0x0, 0x0, 0xa, 0xff, 0xff, 0x90, 0x0,
    0x0, 0x0, 0x0, 0x0, 0x0, 0x2f, 0xff, 0xff,
    0xf1, 0x0, 0x0, 0x0, 0x0, 0x0, 0x0, 0x9f,
    0xff, 0xff, 0xf9, 0x0, 0x0, 0x0, 0x0, 0x0,
    0x2, 0xff, 0xff, 0xff, 0xff, 0x10, 0x0, 0x0,
    0x0, 0x0, 0xb, 0xff, 0xff, 0xff, 0xff, 0xa0,
    0x0, 0x0, 0x0, 0x0, 0x4f, 0xff, 0xff, 0xff,
    0xff, 0xf4, 0x0, 0x0, 0x0, 0x1, 0xef, 0xff,
    0xff, 0xff, 0xff, 0xfd, 0x0, 0x0, 0x0, 0xb,
    0xff, 0xff, 0xff, 0xff, 0xff, 0xff, 0xa0, 0x0,
    0x0, 0x6f, 0xff, 0xff, 0xff, 0xff, 0xff, 0xff,
    0xf5, 0x0, 0x1, 0xff, 0xff, 0xff, 0xff, 0xff,
    0xff, 0xff, 0xff, 0x10, 0xa, 0xff, 0xff, 0xff,
    0xff, 0xff, 0xff, 0xff, 0xff, 0x90, 0x1f, 0xff,
    0xff, 0xff, 0xff, 0xff, 0xff, 0xff, 0xff, 0xf1,
    0x7f, 0xff, 0xff, 0xff, 0xff, 0xff, 0xff, 0xff,
    0xff, 0xf6, 0xcf, 0xff, 0xff, 0xff, 0xff, 0xff,
    0xff, 0xff, 0xff, 0xfb, 0xef, 0xff, 0xcf, 0xff,
    0xff, 0xff, 0xff, 0xff, 0xff, 0xfd, 0xff, 0xfb,
    0x9, 0xff, 0xff, 0xff, 0xff, 0xff, 0xff, 0xfe,
    0xef, 0xfb, 0x7, 0xff, 0xff, 0xff, 0xff, 0xff,
    0xff, 0xfd, 0xcf, 0xfe, 0x2, 0xff, 0xff, 0xff,
    0xff, 0xff, 0xff, 0xfb, 0x8f, 0xff, 0x50, 0x7f,
    0xff, 0xff, 0xff, 0xff, 0xff, 0xf7, 0x3f, 0xff,
    0xe1, 0x6, 0xef, 0xff, 0xff, 0xff, 0xff, 0xf2,
    0xb, 0xff, 0xfd, 0x10, 0x1, 0x7f, 0xff, 0xff,
    0xff, 0x90, 0x2, 0xef, 0xff, 0xf8, 0x30, 0x5f,
    0xff, 0xff, 0xfe, 0x10, 0x0, 0x4f, 0xff, 0xff,
    0xff, 0xff, 0xff, 0xff, 0xf3, 0x0, 0x0, 0x3,
    0xef, 0xff, 0xff, 0xff, 0xff, 0xfd, 0x20, 0x0,
    0x0, 0x0, 0x18, 0xff, 0xff, 0xff, 0xff, 0x80,
    0x0, 0x0, 0x0, 0x0, 0x0, 0x4, 0x79, 0x97,
    0x40, 0x0, 0x0, 0x0,

    /* U+F048 "" */
    0x6, 0x66, 0x40, 0x0, 0x0, 0x0, 0x0, 0x0,
    0x45, 0x2, 0xff, 0xfe, 0x0, 0x0, 0x0, 0x0,
    0x0, 0x8f, 0xfb, 0x2f, 0xff, 0xe0, 0x0, 0x0,
    0x0, 0x0, 0x9f, 0xff, 0xf2, 0xff, 0xfe, 0x0,
    0x0, 0x0, 0x0, 0xaf, 0xff, 0xff, 0x2f, 0xff,
    0xe0, 0x0, 0x0, 0x0, 0xbf, 0xff, 0xff, 0xf2,
    0xff, 0xfe, 0x0, 0x0, 0x1, 0xcf, 0xff, 0xff,
    0xff, 0x2f, 0xff, 0xe0, 0x0, 0x1, 0xdf, 0xff,
    0xff, 0xff, 0xf2, 0xff, 0xfe, 0x0, 0x2, 0xef,
    0xff, 0xff, 0xff, 0xff, 0x2f, 0xff, 0xe0, 0x3,
    0xef, 0xff, 0xff, 0xff, 0xff, 0xf2, 0xff, 0xfe,
    0x4, 0xff, 0xff, 0xff, 0xff, 0xff, 0xff, 0x2f,
    0xff, 0xe5, 0xff, 0xff, 0xff, 0xff, 0xff, 0xff,
    0xf2, 0xff, 0xff, 0xff, 0xff, 0xff, 0xff, 0xff,
    0xff, 0xff, 0x2f, 0xff, 0xff, 0xff, 0xff, 0xff,
    0xff, 0xff, 0xff, 0xf2, 0xff, 0xff, 0xff, 0xff,
    0xff, 0xff, 0xff, 0xff, 0xff, 0x2f, 0xff, 0xff,
    0xff, 0xff, 0xff, 0xff, 0xff, 0xff, 0xf2, 0xff,
    0xff, 0xdf, 0xff, 0xff, 0xff, 0xff, 0xff, 0xff,
    0x2f, 0xff, 0xe1, 0xcf, 0xff, 0xff, 0xff, 0xff,
    0xff, 0xf2, 0xff, 0xfe, 0x0, 0xbf, 0xff, 0xff,
    0xff, 0xff, 0xff, 0x2f, 0xff, 0xe0, 0x0, 0xaf,
    0xff, 0xff, 0xff, 0xff, 0xf2, 0xff, 0xfe, 0x0,
    0x0, 0x9f, 0xff, 0xff, 0xff, 0xff, 0x2f, 0xff,
    0xe0, 0x0, 0x0, 0x7f, 0xff, 0xff, 0xff, 0xf2,
    0xff, 0xfe, 0x0, 0x0, 0x0, 0x6f, 0xff, 0xff,
    0xff, 0x2f, 0xff, 0xe0, 0x0, 0x0, 0x0, 0x5f,
    0xff, 0xff, 0xf2, 0xff, 0xfe, 0x0, 0x0, 0x0,
    0x0, 0x4f, 0xff, 0xff, 0x2f, 0xff, 0xe0, 0x0,
    0x0, 0x0, 0x0, 0x3e, 0xff, 0xe1, 0xef, 0xfc,
    0x0, 0x0, 0x0, 0x0, 0x0, 0x2d, 0xe5, 0x0,
    0x0, 0x0, 0x0, 0x0, 0x0, 0x0, 0x0, 0x0,
    0x0,

    /* U+F04B "" */
    0x1, 0x53, 0x0, 0x0, 0x0, 0x0, 0x0, 0x0,
    0x0, 0x0, 0x0, 0x0, 0x0, 0x4f, 0xff, 0xb2,
    0x0, 0x0, 0x0, 0x0, 0x0, 0x0, 0x0, 0x0,
    0x0, 0x0, 0xdf, 0xff, 0xff, 0x80, 0x0, 0x0,
    0x0, 0x0, 0x0, 0x0, 0x0, 0x0, 0x0, 0xff,
    0xff, 0xff, 0xfe, 0x50, 0x0, 0x0, 0x0, 0x0,
    0x0, 0x0, 0x0, 0x0, 0xff, 0xff, 0xff, 0xff,
    0xfc, 0x30, 0x0, 0x0, 0x0, 0x0, 0x0, 0x0,
    0x0, 0xff, 0xff, 0xff, 0xff, 0xff, 0xf9, 0x10,
    0x0, 0x0, 0x0, 0x0, 0x0, 0x0, 0xff, 0xff,
    0xff, 0xff, 0xff, 0xff, 0xe6, 0x0, 0x0, 0x0,
    0x0, 0x0, 0x0, 0xff, 0xff, 0xff, 0xff, 0xff,
    0xff, 0xff, 0xc3, 0x0, 0x0, 0x0, 0x0, 0x0,
    0xff, 0xff, 0xff, 0xff, 0xff, 0xff, 0xff, 0xff,
    0xa1, 0x0, 0x0, 0x0, 0x0, 0xff, 0xff, 0xff,
    0xff, 0xff, 0xff, 0xff, 0xff, 0xff, 0x70, 0x0,
    0x0, 0x0, 0xff, 0xff, 0xff, 0xff, 0xff, 0xff,
    0xff, 0xff, 0xff, 0xfd, 0x40, 0x0, 0x0, 0xff,
    0xff, 0xff, 0xff, 0xff, 0xff, 0xff, 0xff, 0xff,
    0xff, 0xfb, 0x20, 0x0, 0xff, 0xff, 0xff, 0xff,
    0xff, 0xff, 0xff, 0xff, 0xff, 0xff, 0xff, 0xf8,
    0x0, 0xff, 0xff, 0xff, 0xff, 0xff, 0xff, 0xff,
    0xff, 0xff, 0xff, 0xff, 0xff, 0xc0, 0xff, 0xff,
    0xff, 0xff, 0xff, 0xff, 0xff, 0xff, 0xff, 0xff,
    0xff, 0xff, 0xf4, 0xff, 0xff, 0xff, 0xff, 0xff,
    0xff, 0xff, 0xff, 0xff, 0xff, 0xff, 0xff, 0xf5,
    0xff, 0xff, 0xff, 0xff, 0xff, 0xff, 0xff, 0xff,
    0xff, 0xff, 0xff, 0xff, 0xe1, 0xff, 0xff, 0xff,
    0xff, 0xff, 0xff, 0xff, 0xff, 0xff, 0xff, 0xff,
    0xfc, 0x20, 0xff, 0xff, 0xff, 0xff, 0xff, 0xff,
    0xff, 0xff, 0xff, 0xff, 0xfe, 0x50, 0x0, 0xff,
    0xff, 0xff, 0xff, 0xff, 0xff, 0xff, 0xff, 0xff,
    0xff, 0x80, 0x0, 0x0, 0xff, 0xff, 0xff, 0xff,
    0xff, 0xff, 0xff, 0xff, 0xff, 0xb2, 0x0, 0x0,
    0x0, 0xff, 0xff, 0xff, 0xff, 0xff, 0xff, 0xff,
    0xff, 0xd4, 0x0, 0x0, 0x0, 0x0, 0xff, 0xff,
    0xff, 0xff, 0xff, 0xff, 0xff, 0xf7, 0x0, 0x0,
    0x0, 0x0, 0x0, 0xff, 0xff, 0xff, 0xff, 0xff,
    0xff, 0xfa, 0x10, 0x0, 0x0, 0x0, 0x0, 0x0,
    0xff, 0xff, 0xff, 0xff, 0xff, 0xfd, 0x40, 0x0,
    0x0, 0x0, 0x0, 0x0, 0x0, 0xff, 0xff, 0xff,
    0xff, 0xff, 0x70, 0x0, 0x0, 0x0, 0x0, 0x0,
    0x0, 0x0, 0xff, 0xff, 0xff, 0xff, 0x91, 0x0,
    0x0, 0x0, 0x0, 0x0, 0x0, 0x0, 0x0, 0xef,
    0xff, 0xff, 0xc3, 0x0, 0x0, 0x0, 0x0, 0x0,
    0x0, 0x0, 0x0, 0x0, 0x7f, 0xff, 0xe6, 0x0,
    0x0, 0x0, 0x0, 0x0, 0x0, 0x0, 0x0, 0x0,
    0x0, 0x4, 0x97, 0x10, 0x0, 0x0, 0x0, 0x0,
    0x0, 0x0, 0x0, 0x0, 0x0, 0x0, 0x0, 0x0,
    0x0, 0x0, 0x0, 0x0, 0x0, 0x0, 0x0, 0x0,
    0x0, 0x0, 0x0,

    /* U+F04C "" */
    0x1, 0x56, 0x66, 0x66, 0x51, 0x0, 0x0, 0x0,
    0x56, 0x66, 0x66, 0x62, 0x0, 0x4f, 0xff, 0xff,
    0xff, 0xfe, 0x20, 0x0, 0x1d, 0xff, 0xff, 0xff,
    0xff, 0x60, 0xdf, 0xff, 0xff, 0xff, 0xff, 0xb0,
    0x0, 0x8f, 0xff, 0xff, 0xff, 0xff, 0xf0, 0xff,
    0xff, 0xff, 0xff, 0xff, 0xd0, 0x0, 0xbf, 0xff,
    0xff, 0xff, 0xff, 0xf2, 0xff, 0xff, 0xff, 0xff,
    0xff, 0xe0, 0x0, 0xbf, 0xff, 0xff, 0xff, 0xff,
    0xf2, 0xff, 0xff, 0xff, 0xff, 0xff, 0xe0, 0x0,
    0xbf, 0xff, 0xff, 0xff, 0xff, 0xf2, 0xff, 0xff,
    0xff, 0xff, 0xff, 0xe0, 0x0, 0xbf, 0xff, 0xff,
    0xff, 0xff, 0xf2, 0xff, 0xff, 0xff, 0xff, 0xff,
    0xe0, 0x0, 0xbf, 0xff, 0xff, 0xff, 0xff, 0xf2,
    0xff, 0xff, 0xff, 0xff, 0xff, 0xe0, 0x0, 0xbf,
    0xff, 0xff, 0xff, 0xff, 0xf2, 0xff, 0xff, 0xff,
    0xff, 0xff, 0xe0, 0x0, 0xbf, 0xff, 0xff, 0xff,
    0xff, 0xf2, 0xff, 0xff, 0xff, 0xff, 0xff, 0xe0,
    0x0, 0xbf, 0xff, 0xff, 0xff, 0xff, 0xf2, 0xff,
    0xff, 0xff, 0xff, 0xff, 0xe0, 0x0, 0xbf, 0xff,
    0xff, 0xff, 0xff, 0xf2, 0xff, 0xff, 0xff, 0xff,
    0xff, 0xe0, 0x0, 0xbf, 0xff, 0xff, 0xff, 0xff,
    0xf2, 0xff, 0xff, 0xff, 0xff, 0xff, 0xe0, 0x0,
    0xbf, 0xff, 0xff, 0xff, 0xff, 0xf2, 0xff, 0xff,
    0xff, 0xff, 0xff, 0xe0, 0x0, 0xbf, 0xff, 0xff,
    0xff, 0xff, 0xf2, 0xff, 0xff, 0xff, 0xff, 0xff,
    0xe0, 0x0, 0xbf, 0xff, 0xff, 0xff, 0xff, 0xf2,
    0xff, 0xff, 0xff, 0xff, 0xff, 0xe0, 0x0, 0xbf,
    0xff, 0xff, 0xff, 0xff, 0xf2, 0xff, 0xff, 0xff,
    0xff, 0xff, 0xe0, 0x0, 0xbf, 0xff, 0xff, 0xff,
    0xff, 0xf2, 0xff, 0xff, 0xff, 0xff, 0xff, 0xe0,
    0x0, 0xbf, 0xff, 0xff, 0xff, 0xff, 0xf2, 0xff,
    0xff, 0xff, 0xff, 0xff, 0xe0, 0x0, 0xbf, 0xff,
    0xff, 0xff, 0xff, 0xf2, 0xff, 0xff, 0xff, 0xff,
    0xff, 0xe0, 0x0, 0xbf, 0xff, 0xff, 0xff, 0xff,
    0xf2, 0xff, 0xff, 0xff, 0xff, 0xff, 0xe0, 0x0,
    0xbf, 0xff, 0xff, 0xff, 0xff, 0xf2, 0xff, 0xff,
    0xff, 0xff, 0xff, 0xe0, 0x0, 0xbf, 0xff, 0xff,
    0xff, 0xff, 0xf2, 0xff, 0xff, 0xff, 0xff, 0xff,
    0xd0, 0x0, 0xaf, 0xff, 0xff, 0xff, 0xff, 0xf1,
    0xaf, 0xff, 0xff, 0xff, 0xff, 0x80, 0x0, 0x5f,
    0xff, 0xff, 0xff, 0xff, 0xc0, 0x9, 0xef, 0xff,
    0xff, 0xe8, 0x0, 0x0, 0x7, 0xdf, 0xff, 0xff,
    0xeb, 0x10,

    /* U+F04D "" */
    0x1, 0x56, 0x66, 0x66, 0x66, 0x66, 0x66, 0x66,
    0x66, 0x66, 0x66, 0x63, 0x0, 0x4f, 0xff, 0xff,
    0xff, 0xff, 0xff, 0xff, 0xff, 0xff, 0xff, 0xff,
    0xff, 0x90, 0xdf, 0xff, 0xff, 0xff, 0xff, 0xff,
    0xff, 0xff, 0xff, 0xff, 0xff, 0xff, 0xf3, 0xff,
    0xff, 0xff, 0xff, 0xff, 0xff, 0xff, 0xff, 0xff,
    0xff, 0xff, 0xff, 0xf5, 0xff, 0xff, 0xff, 0xff,
    0xff, 0xff, 0xff, 0xff, 0xff, 0xff, 0xff, 0xff,
    0xf6, 0xff, 0xff, 0xff, 0xff, 0xff, 0xff, 0xff,
    0xff, 0xff, 0xff, 0xff, 0xff, 0xf6, 0xff, 0xff,
    0xff, 0xff, 0xff, 0xff, 0xff, 0xff, 0xff, 0xff,
    0xff, 0xff, 0xf6, 0xff, 0xff, 0xff, 0xff, 0xff,
    0xff, 0xff, 0xff, 0xff, 0xff, 0xff, 0xff, 0xf6,
    0xff, 0xff, 0xff, 0xff, 0xff, 0xff, 0xff, 0xff,
    0xff, 0xff, 0xff, 0xff, 0xf6, 0xff, 0xff, 0xff,
    0xff, 0xff, 0xff, 0xff, 0xff, 0xff, 0xff, 0xff,
    0xff, 0xf6, 0xff, 0xff, 0xff, 0xff, 0xff, 0xff,
    0xff, 0xff, 0xff, 0xff, 0xff, 0xff, 0xf6, 0xff,
    0xff, 0xff, 0xff, 0xff, 0xff, 0xff, 0xff, 0xff,
    0xff, 0xff, 0xff, 0xf6, 0xff, 0xff, 0xff, 0xff,
    0xff, 0xff, 0xff, 0xff, 0xff, 0xff, 0xff, 0xff,
    0xf6, 0xff, 0xff, 0xff, 0xff, 0xff, 0xff, 0xff,
    0xff, 0xff, 0xff, 0xff, 0xff, 0xf6, 0xff, 0xff,
    0xff, 0xff, 0xff, 0xff, 0xff, 0xff, 0xff, 0xff,
    0xff, 0xff, 0xf6, 0xff, 0xff, 0xff, 0xff, 0xff,
    0xff, 0xff, 0xff, 0xff, 0xff, 0xff, 0xff, 0xf6,
    0xff, 0xff, 0xff, 0xff, 0xff, 0xff, 0xff, 0xff,
    0xff, 0xff, 0xff, 0xff, 0xf6, 0xff, 0xff, 0xff,
    0xff, 0xff, 0xff, 0xff, 0xff, 0xff, 0xff, 0xff,
    0xff, 0xf6, 0xff, 0xff, 0xff, 0xff, 0xff, 0xff,
    0xff, 0xff, 0xff, 0xff, 0xff, 0xff, 0xf6, 0xff,
    0xff, 0xff, 0xff, 0xff, 0xff, 0xff, 0xff, 0xff,
    0xff, 0xff, 0xff, 0xf6, 0xff, 0xff, 0xff, 0xff,
    0xff, 0xff, 0xff, 0xff, 0xff, 0xff, 0xff, 0xff,
    0xf6, 0xff, 0xff, 0xff, 0xff, 0xff, 0xff, 0xff,
    0xff, 0xff, 0xff, 0xff, 0xff, 0xf6, 0xff, 0xff,
    0xff, 0xff, 0xff, 0xff, 0xff, 0xff, 0xff, 0xff,
    0xff, 0xff, 0xf6, 0xff, 0xff, 0xff, 0xff, 0xff,
    0xff, 0xff, 0xff, 0xff, 0xff, 0xff, 0xff, 0xf5,
    0xaf, 0xff, 0xff, 0xff, 0xff, 0xff, 0xff, 0xff,
    0xff, 0xff, 0xff, 0xff, 0xe1, 0x9, 0xef, 0xff,
    0xff, 0xff, 0xff, 0xff, 0xff, 0xff, 0xff, 0xff,
    0xfc, 0x30,

    /* U+F051 "" */
    0x1, 0x63, 0x0, 0x0, 0x0, 0x0, 0x0, 0x6,
    0x66, 0x40, 0xef, 0xf5, 0x0, 0x0, 0x0, 0x0,
    0x2, 0xff, 0xfe, 0x3f, 0xff, 0xf6, 0x0, 0x0,
    0x0, 0x0, 0x2f, 0xff, 0xe3, 0xff, 0xff, 0xf8,
    0x0, 0x0, 0x0, 0x2, 0xff, 0xfe, 0x3f, 0xff,
    0xff, 0xf9, 0x0, 0x0, 0x0, 0x2f, 0xff, 0xe3,
    0xff, 0xff, 0xff, 0xfa, 0x0, 0x0, 0x2, 0xff,
    0xfe, 0x3f, 0xff, 0xff, 0xff, 0xfb, 0x0, 0x0,
    0x2f, 0xff, 0xe3, 0xff, 0xff, 0xff, 0xff, 0xfc,
    0x10, 0x2, 0xff, 0xfe, 0x3f, 0xff, 0xff, 0xff,
    0xff, 0xfd, 0x10, 0x2f, 0xff, 0xe3, 0xff, 0xff,
    0xff, 0xff, 0xff, 0xfe, 0x22, 0xff, 0xfe, 0x3f,
    0xff, 0xff, 0xff, 0xff, 0xff, 0xfe, 0x5f, 0xff,
    0xe3, 0xff, 0xff, 0xff, 0xff, 0xff, 0xff, 0xff,
    0xff, 0xfe, 0x3f, 0xff, 0xff, 0xff, 0xff, 0xff,
    0xff, 0xff, 0xff, 0xe3, 0xff, 0xff, 0xff, 0xff,
    0xff, 0xff, 0xff, 0xff, 0xfe, 0x3f, 0xff, 0xff,
    0xff, 0xff, 0xff, 0xff, 0xff, 0xff, 0xe3, 0xff,
    0xff, 0xff, 0xff, 0xff, 0xff, 0xfb, 0xff, 0xfe,
    0x3f, 0xff, 0xff, 0xff, 0xff, 0xff, 0xf8, 0x2f,
    0xff, 0xe3, 0xff, 0xff, 0xff, 0xff, 0xff, 0xf7,
    0x2, 0xff, 0xfe, 0x3f, 0xff, 0xff, 0xff, 0xff,
    0xf6, 0x0, 0x2f, 0xff, 0xe3, 0xff, 0xff, 0xff,
    0xff, 0xf5, 0x0, 0x2, 0xff, 0xfe, 0x3f, 0xff,
    0xff, 0xff, 0xf4, 0x0, 0x0, 0x2f, 0xff, 0xe3,
    0xff, 0xff, 0xff, 0xe3, 0x0, 0x0, 0x2, 0xff,
    0xfe, 0x3f, 0xff, 0xff, 0xe2, 0x0, 0x0, 0x0,
    0x2f, 0xff, 0xe3, 0xff, 0xff, 0xd1, 0x0, 0x0,
    0x0, 0x2, 0xff, 0xfe, 0x2f, 0xff, 0xc1, 0x0,
    0x0, 0x0, 0x0, 0x2f, 0xff, 0xe0, 0x8f, 0xb0,
    0x0, 0x0, 0x0, 0x0, 0x1, 0xef, 0xfc, 0x0,
    0x0, 0x0, 0x0, 0x0, 0x0, 0x0, 0x0, 0x0,
    0x0,

    /* U+F052 "" */
    0x0, 0x0, 0x0, 0x0, 0x0, 0x0, 0x14, 0x20,
    0x0, 0x0, 0x0, 0x0, 0x0, 0x0, 0x0, 0x0,
    0x0, 0x0, 0x0, 0x4e, 0xff, 0x90, 0x0, 0x0,
    0x0, 0x0, 0x0, 0x0, 0x0, 0x0, 0x0, 0x0,
    0x3f, 0xff, 0xff, 0x80, 0x0, 0x0, 0x0, 0x0,
    0x0, 0x0, 0x0, 0x0, 0x0, 0x2e, 0xff, 0xff,
    0xff, 0x70, 0x0, 0x0, 0x0, 0x0, 0x0, 0x0,
    0x0, 0x0, 0x1e, 0xff, 0xff, 0xff, 0xff, 0x60,
    0x0, 0x0, 0x0, 0x0, 0x0, 0x0, 0x0, 0x1d,
    0xff, 0xff, 0xff, 0xff, 0xff, 0x40, 0x0, 0x0,
    0x0, 0x0, 0x0, 0x0, 0xc, 0xff, 0xff, 0xff,
    0xff, 0xff, 0xff, 0x30, 0x0, 0x0, 0x0, 0x0,
    0x0, 0xb, 0xff, 0xff, 0xff, 0xff, 0xff, 0xff,
    0xff, 0x20, 0x0, 0x0, 0x0, 0x0, 0xa, 0xff,
    0xff, 0xff, 0xff, 0xff, 0xff, 0xff, 0xfe, 0x20,
    0x0, 0x0, 0x0, 0x9, 0xff, 0xff, 0xff, 0xff,
    0xff, 0xff, 0xff, 0xff, 0xfd, 0x10, 0x0, 0x0,
    0x8, 0xff, 0xff, 0xff, 0xff, 0xff, 0xff, 0xff,
    0xff, 0xff, 0xfd, 0x0, 0x0, 0x6, 0xff, 0xff,
    0xff, 0xff, 0xff, 0xff, 0xff, 0xff, 0xff, 0xff,
    0xfc, 0x0, 0x4, 0xff, 0xff, 0xff, 0xff, 0xff,
    0xff, 0xff, 0xff, 0xff, 0xff, 0xff, 0xfa, 0x0,
    0xdf, 0xff, 0xff, 0xff, 0xff, 0xff, 0xff, 0xff,
    0xff, 0xff, 0xff, 0xff, 0xf3, 0xf, 0xff, 0xff,
    0xff, 0xff, 0xff, 0xff, 0xff, 0xff, 0xff, 0xff,
    0xff, 0xff, 0x50, 0xaf, 0xff, 0xff, 0xff, 0xff,
    0xff, 0xff, 0xff, 0xff, 0xff, 0xff, 0xff, 0xe1,
    0x1, 0xae, 0xff, 0xff, 0xff, 0xff, 0xff, 0xff,
    0xff, 0xff, 0xff, 0xff, 0xc3, 0x0, 0x0, 0x0,
    0x0, 0x0, 0x0, 0x0, 0x0, 0x0, 0x0, 0x0,
    0x0, 0x0, 0x0, 0x0, 0x34, 0x44, 0x44, 0x44,
    0x44, 0x44, 0x44, 0x44, 0x44, 0x44, 0x44, 0x41,
    0x0, 0x9f, 0xff, 0xff, 0xff, 0xff, 0xff, 0xff,
    0xff, 0xff, 0xff, 0xff, 0xff, 0xe1, 0xf, 0xff,
    0xff, 0xff, 0xff, 0xff, 0xff, 0xff, 0xff, 0xff,
    0xff, 0xff, 0xff, 0x50, 0xff, 0xff, 0xff, 0xff,
    0xff, 0xff, 0xff, 0xff, 0xff, 0xff, 0xff, 0xff,
    0xf6, 0xf, 0xff, 0xff, 0xff, 0xff, 0xff, 0xff,
    0xff, 0xff, 0xff, 0xff, 0xff, 0xff, 0x60, 0xff,
    0xff, 0xff, 0xff, 0xff, 0xff, 0xff, 0xff, 0xff,
    0xff, 0xff, 0xff, 0xf6, 0xe, 0xff, 0xff, 0xff,
    0xff, 0xff, 0xff, 0xff, 0xff, 0xff, 0xff, 0xff,
    0xff, 0x40, 0x5e, 0xff, 0xff, 0xff, 0xff, 0xff,
    0xff, 0xff, 0xff, 0xff, 0xff, 0xfe, 0x90,

    /* U+F053 "" */
    0x0, 0x0, 0x0, 0x0, 0x0, 0x0, 0x0, 0x0,
    0x0, 0x0, 0x0, 0x0, 0x0, 0x4, 0xfe, 0x30,
    0x0, 0x0, 0x0, 0x0, 0x0, 0x4f, 0xff, 0xe2,
    0x0, 0x0, 0x0, 0x0, 0x4, 0xff, 0xff, 0xf8,
    0x0, 0x0, 0x0, 0x0, 0x4f, 0xff, 0xff, 0xe2,
    0x0, 0x0, 0x0, 0x4, 0xff, 0xff, 0xfe, 0x30,
    0x0, 0x0, 0x0, 0x4f, 0xff, 0xff, 0xe3, 0x0,
    0x0, 0x0, 0x4, 0xff, 0xff, 0xfe, 0x30, 0x0,
    0x0, 0x0, 0x4f, 0xff, 0xff, 0xe3, 0x0, 0x0,
    0x0, 0x4, 0xff, 0xff, 0xfe, 0x30, 0x0, 0x0,
    0x0, 0x4f, 0xff, 0xff, 0xe3, 0x0, 0x0, 0x0,
    0x4, 0xff, 0xff, 0xfe, 0x30, 0x0, 0x0, 0x0,
    0x3f, 0xff, 0xff, 0xe3, 0x0, 0x0, 0x0, 0x0,
    0x6f, 0xff, 0xff, 0xb0, 0x0, 0x0, 0x0, 0x0,
    0xa, 0xff, 0xff, 0xfb, 0x0, 0x0, 0x0, 0x0,
    0x0, 0xaf, 0xff, 0xff, 0xb0, 0x0, 0x0, 0x0,
    0x0, 0xa, 0xff, 0xff, 0xfb, 0x0, 0x0, 0x0,
    0x0, 0x0, 0xaf, 0xff, 0xff, 0xb0, 0x0, 0x0,
    0x0, 0x0, 0xa, 0xff, 0xff, 0xfb, 0x0, 0x0,
    0x0, 0x0, 0x0, 0xaf, 0xff, 0xff, 0xb0, 0x0,
    0x0, 0x0, 0x0, 0xa, 0xff, 0xff, 0xfb, 0x0,
    0x0, 0x0, 0x0, 0x0, 0xaf, 0xff, 0xff, 0xb0,
    0x0, 0x0, 0x0, 0x0, 0xa, 0xff, 0xff, 0xf7,
    0x0, 0x0, 0x0, 0x0, 0x0, 0xaf, 0xff, 0xf5,
    0x0, 0x0, 0x0, 0x0, 0x0, 0xa, 0xff, 0x80,
    0x0, 0x0, 0x0, 0x0, 0x0, 0x0, 0x65, 0x0,

    /* U+F054 "" */
    0x0, 0x1, 0x0, 0x0, 0x0, 0x0, 0x0, 0x0,
    0x2, 0xdf, 0x60, 0x0, 0x0, 0x0, 0x0, 0x0,
    0x1e, 0xff, 0xf6, 0x0, 0x0, 0x0, 0x0, 0x0,
    0x6f, 0xff, 0xff, 0x60, 0x0, 0x0, 0x0, 0x0,
    0x1e, 0xff, 0xff, 0xf6, 0x0, 0x0, 0x0, 0x0,
    0x2, 0xef, 0xff, 0xff, 0x60, 0x0, 0x0, 0x0,
    0x0, 0x2e, 0xff, 0xff, 0xf6, 0x0, 0x0, 0x0,
    0x0, 0x2, 0xef, 0xff, 0xff, 0x60, 0x0, 0x0,
    0x0, 0x0, 0x2e, 0xff, 0xff, 0xf6, 0x0, 0x0,
    0x0, 0x0, 0x2, 0xef, 0xff, 0xff, 0x60, 0x0,
    0x0, 0x0, 0x0, 0x2e, 0xff, 0xff, 0xf6, 0x0,
    0x0, 0x0, 0x0, 0x2, 0xef, 0xff, 0xff, 0x60,
    0x0, 0x0, 0x0, 0x0, 0x2e, 0xff, 0xff, 0xf4,
    0x0, 0x0, 0x0, 0x0, 0xa, 0xff, 0xff, 0xf7,
    0x0, 0x0, 0x0, 0x0, 0x9f, 0xff, 0xff, 0xc0,
    0x0, 0x0, 0x0, 0x9, 0xff, 0xff, 0xfc, 0x0,
    0x0, 0x0, 0x0, 0x9f, 0xff, 0xff, 0xc0, 0x0,
    0x0, 0x0, 0x9, 0xff, 0xff, 0xfc, 0x0, 0x0,
    0x0, 0x0, 0x9f, 0xff, 0xff, 0xc0, 0x0, 0x0,
    0x0, 0x9, 0xff, 0xff, 0xfc, 0x0, 0x0, 0x0,
    0x0, 0x9f, 0xff, 0xff, 0xc0, 0x0, 0x0, 0x0,
    0x9, 0xff, 0xff, 0xfc, 0x0, 0x0, 0x0, 0x0,
    0x5f, 0xff, 0xff, 0xc0, 0x0, 0x0, 0x0, 0x0,
    0x3f, 0xff, 0xfc, 0x0, 0x0, 0x0, 0x0, 0x0,
    0x6, 0xff, 0xc0, 0x0, 0x0, 0x0, 0x0, 0x0,
    0x0, 0x47, 0x0, 0x0, 0x0, 0x0, 0x0, 0x0,

    /* U+F067 "" */
    0x0, 0x0, 0x0, 0x0, 0x0, 0x17, 0x87, 0x30,
    0x0, 0x0, 0x0, 0x0, 0x0, 0x0, 0x0, 0x0,
    0x0, 0x0, 0xcf, 0xff, 0xf2, 0x0, 0x0, 0x0,
    0x0, 0x0, 0x0, 0x0, 0x0, 0x0, 0x0, 0xff,
    0xff, 0xf6, 0x0, 0x0, 0x0, 0x0, 0x0, 0x0,
    0x0, 0x0, 0x0, 0x0, 0xff, 0xff, 0xf6, 0x0,
    0x0, 0x0, 0x0, 0x0, 0x0, 0x0, 0x0, 0x0,
    0x0, 0xff, 0xff, 0xf6, 0x0, 0x0, 0x0, 0x0,
    0x0, 0x0, 0x0, 0x0, 0x0, 0x0, 0xff, 0xff,
    0xf6, 0x0, 0x0, 0x0, 0x0, 0x0, 0x0, 0x0,
    0x0, 0x0, 0x0, 0xff, 0xff, 0xf6, 0x0, 0x0,
    0x0, 0x0, 0x0, 0x0, 0x0, 0x0, 0x0, 0x0,
    0xff, 0xff, 0xf6, 0x0, 0x0, 0x0, 0x0, 0x0,
    0x0, 0x0, 0x0, 0x0, 0x0, 0xff, 0xff, 0xf6,
    0x0, 0x0, 0x0, 0x0, 0x0, 0x0, 0x0, 0x0,
    0x0, 0x0, 0xff, 0xff, 0xf6, 0x0, 0x0, 0x0,
    0x0, 0x0, 0x17, 0x88, 0x88, 0x88, 0x88, 0xff,
    0xff, 0xfb, 0x88, 0x88, 0x88, 0x88, 0x30, 0xcf,
    0xff, 0xff, 0xff, 0xff, 0xff, 0xff, 0xff, 0xff,
    0xff, 0xff, 0xff, 0xf2, 0xff, 0xff, 0xff, 0xff,
    0xff, 0xff, 0xff, 0xff, 0xff, 0xff, 0xff, 0xff,
    0xf5, 0xff, 0xff, 0xff, 0xff, 0xff, 0xff, 0xff,
    0xff, 0xff, 0xff, 0xff, 0xff, 0xf6, 0xef, 0xff,
    0xff, 0xff, 0xff, 0xff, 0xff, 0xff, 0xff, 0xff,
    0xff, 0xff, 0xf4, 0x4d, 0xee, 0xee, 0xee, 0xee,
    0xff, 0xff, 0xfe, 0xee, 0xee, 0xee, 0xed, 0x80,
    0x0, 0x0, 0x0, 0x0, 0x0, 0xff, 0xff, 0xf6,
    0x0, 0x0, 0x0, 0x0, 0x0, 0x0, 0x0, 0x0,
    0x0, 0x0, 0xff, 0xff, 0xf6, 0x0, 0x0, 0x0,
    0x0, 0x0, 0x0, 0x0, 0x0, 0x0, 0x0, 0xff,
    0xff, 0xf6, 0x0, 0x0, 0x0, 0x0, 0x0, 0x0,
    0x0, 0x0, 0x0, 0x0, 0xff, 0xff, 0xf6, 0x0,
    0x0, 0x0, 0x0, 0x0, 0x0, 0x0, 0x0, 0x0,
    0x0, 0xff, 0xff, 0xf6, 0x0, 0x0, 0x0, 0x0,
    0x0, 0x0, 0x0, 0x0, 0x0, 0x0, 0xff, 0xff,
    0xf6, 0x0, 0x0, 0x0, 0x0, 0x0, 0x0, 0x0,
    0x0, 0x0, 0x0, 0xff, 0xff, 0xf6, 0x0, 0x0,
    0x0, 0x0, 0x0, 0x0, 0x0, 0x0, 0x0, 0x0,
    0xff, 0xff, 0xf6, 0x0, 0x0, 0x0, 0x0, 0x0,
    0x0, 0x0, 0x0, 0x0, 0x0, 0xef, 0xff, 0xf4,
    0x0, 0x0, 0x0, 0x0, 0x0, 0x0, 0x0, 0x0,
    0x0, 0x0, 0x4c, 0xdd, 0x80, 0x0, 0x0, 0x0,
    0x0, 0x0,

    /* U+F068 "" */
    0x6, 0x77, 0x77, 0x77, 0x77, 0x77, 0x77, 0x77,
    0x77, 0x77, 0x77, 0x77, 0x20, 0xbf, 0xff, 0xff,
    0xff, 0xff, 0xff, 0xff, 0xff, 0xff, 0xff, 0xff,
    0xff, 0xf2, 0xff, 0xff, 0xff, 0xff, 0xff, 0xff,
    0xff, 0xff, 0xff, 0xff, 0xff, 0xff, 0xf5, 0xff,
    0xff, 0xff, 0xff, 0xff, 0xff, 0xff, 0xff, 0xff,
    0xff, 0xff, 0xff, 0xf6, 0xef, 0xff, 0xff, 0xff,
    0xff, 0xff, 0xff, 0xff, 0xff, 0xff, 0xff, 0xff,
    0xf4, 0x5e, 0xff, 0xff, 0xff, 0xff, 0xff, 0xff,
    0xff, 0xff, 0xff, 0xff, 0xfe, 0x90,

    /* U+F06E "" */
    0x0, 0x0, 0x0, 0x0, 0x0, 0x1, 0x48, 0x9b,
    0xba, 0x97, 0x30, 0x0, 0x0, 0x0, 0x0, 0x0,
    0x0, 0x0, 0x0, 0x0, 0x0, 0x5b, 0xff, 0xff,
    0xff, 0xff, 0xff, 0xfa, 0x40, 0x0, 0x0, 0x0,
    0x0, 0x0, 0x0, 0x0, 0x5, 0xdf, 0xff, 0xff,
    0xff, 0xff, 0xff, 0xff, 0xff, 0xb3, 0x0, 0x0,
    0x0, 0x0, 0x0, 0x0, 0x1b, 0xff, 0xff, 0xfe,
    0x73, 0x0, 0x14, 0x9f, 0xff, 0xff, 0xf8, 0x0,
    0x0, 0x0, 0x0, 0x0, 0x3e, 0xff, 0xff, 0xf9,
    0x0, 0x0, 0x0, 0x0, 0x1b, 0xff, 0xff, 0xfc,
    0x10, 0x0, 0x0, 0x0, 0x4f, 0xff, 0xff, 0xf7,
    0x0, 0x0, 0x1, 0x0, 0x0, 0xa, 0xff, 0xff,
    0xfd, 0x10, 0x0, 0x0, 0x3f, 0xff, 0xff, 0xf9,
    0x0, 0x0, 0xd, 0xff, 0xa2, 0x0, 0xd, 0xff,
    0xff, 0xfe, 0x10, 0x0, 0x1e, 0xff, 0xff, 0xff,
    0x10, 0x0, 0x0, 0xaf, 0xff, 0xe3, 0x0, 0x4f,
    0xff, 0xff, 0xfc, 0x0, 0xb, 0xff, 0xff, 0xff,
    0x90, 0x0, 0x0, 0xc, 0xff, 0xff, 0xe0, 0x0,
    0xdf, 0xff, 0xff, 0xf8, 0x5, 0xff, 0xff, 0xff,
    0xf5, 0x0, 0x10, 0x8, 0xff, 0xff, 0xff, 0x60,
    0x9, 0xff, 0xff, 0xff, 0xf2, 0xdf, 0xff, 0xff,
    0xff, 0x30, 0xf, 0xde, 0xff, 0xff, 0xff, 0xfa,
    0x0, 0x7f, 0xff, 0xff, 0xff, 0x9e, 0xff, 0xff,
    0xff, 0xf3, 0x1, 0xff, 0xff, 0xff, 0xff, 0xff,
    0xb0, 0x6, 0xff, 0xff, 0xff, 0xfa, 0x7f, 0xff,
    0xff, 0xff, 0x40, 0xf, 0xff, 0xff, 0xff, 0xff,
    0xf9, 0x0, 0x8f, 0xff, 0xff, 0xff, 0x40, 0xdf,
    0xff, 0xff, 0xf8, 0x0, 0x9f, 0xff, 0xff, 0xff,
    0xff, 0x40, 0xc, 0xff, 0xff, 0xff, 0xa0, 0x3,
    0xff, 0xff, 0xff, 0xd0, 0x1, 0xef, 0xff, 0xff,
    0xff, 0xa0, 0x2, 0xff, 0xff, 0xff, 0xe1, 0x0,
    0x6, 0xff, 0xff, 0xff, 0x70, 0x2, 0xdf, 0xff,
    0xff, 0xa0, 0x0, 0xaf, 0xff, 0xff, 0xf3, 0x0,
    0x0, 0x7, 0xff, 0xff, 0xff, 0x30, 0x0, 0x6a,
    0xb9, 0x40, 0x0, 0x7f, 0xff, 0xff, 0xf4, 0x0,
    0x0, 0x0, 0x7, 0xff, 0xff, 0xff, 0x50, 0x0,
    0x0, 0x0, 0x0, 0x8f, 0xff, 0xff, 0xf3, 0x0,
    0x0, 0x0, 0x0, 0x3, 0xef, 0xff, 0xff, 0xb3,
    0x0, 0x0, 0x5, 0xcf, 0xff, 0xff, 0xc2, 0x0,
    0x0, 0x0, 0x0, 0x0, 0x1, 0x8f, 0xff, 0xff,
    0xfe, 0xcb, 0xdf, 0xff, 0xff, 0xfe, 0x70, 0x0,
    0x0, 0x0, 0x0, 0x0, 0x0, 0x0, 0x19, 0xff,
    0xff, 0xff, 0xff, 0xff, 0xff, 0xe8, 0x10, 0x0,
    0x0, 0x0, 0x0, 0x0, 0x0, 0x0, 0x0, 0x0,
    0x48, 0xce, 0xff, 0xed, 0xb7, 0x30, 0x0, 0x0,
    0x0, 0x0, 0x0,

    /* U+F070 "" */
    0x2, 0x30, 0x0, 0x0, 0x0, 0x0, 0x0, 0x0,
    0x0, 0x0, 0x0, 0x0, 0x0, 0x0, 0x0, 0x0,
    0x0, 0x0, 0x2, 0xff, 0x70, 0x0, 0x0, 0x0,
    0x0, 0x0, 0x0, 0x0, 0x0, 0x0, 0x0, 0x0,
    0x0, 0x0, 0x0, 0x0, 0x0, 0xdf, 0xff, 0xb0,
    0x0, 0x0, 0x0, 0x0, 0x0, 0x0, 0x0, 0x0,
    0x0, 0x0, 0x0, 0x0, 0x0, 0x0, 0x0, 0xb,
    0xff, 0xff, 0xd2, 0x0, 0x0, 0x0, 0x0, 0x0,
    0x0, 0x0, 0x0, 0x0, 0x0, 0x0, 0x0, 0x0,
    0x0, 0x0, 0x9, 0xff, 0xff, 0xf5, 0x0, 0x0,
    0x0, 0x37, 0xab, 0xba, 0x96, 0x20, 0x0, 0x0,
    0x0, 0x0, 0x0, 0x0, 0x0, 0x5, 0xff, 0xff,
    0xf9, 0x0, 0x6b, 0xff, 0xff, 0xff, 0xff, 0xff,
    0xe8, 0x20, 0x0, 0x0, 0x0, 0x0, 0x0, 0x0,
    0x2, 0xdf, 0xff, 0xfd, 0xef, 0xff, 0xff, 0xff,
    0xff, 0xff, 0xff, 0xff, 0x91, 0x0, 0x0, 0x0,
    0x0, 0x0, 0x0, 0x0, 0xaf, 0xff, 0xff, 0xff,
    0xfe, 0x73, 0x0, 0x15, 0xbf, 0xff, 0xff, 0xe4,
    0x0, 0x0, 0x0, 0x0, 0x0, 0x0, 0x0, 0x7f,
    0xff, 0xff, 0xf7, 0x0, 0x0, 0x0, 0x0, 0x4e,
    0xff, 0xff, 0xf8, 0x0, 0x0, 0x0, 0x0, 0x0,
    0x0, 0x0, 0x3e, 0xff, 0xff, 0xb1, 0x0, 0x34,
    0x20, 0x0, 0x2e, 0xff, 0xff, 0xf9, 0x0, 0x0,
    0x0, 0x0, 0x0, 0x0, 0x0, 0x1c, 0xff, 0xff,
    0xe3, 0xf, 0xff, 0xc2, 0x0, 0x3f, 0xff, 0xff,
    0xf9, 0x0, 0x0, 0x0, 0x0, 0x38, 0x0, 0x0,
    0x8, 0xff, 0xff, 0xf6, 0xdf, 0xff, 0xf3, 0x0,
    0x9f, 0xff, 0xff, 0xf6, 0x0, 0x0, 0x0, 0xd,
    0xfb, 0x10, 0x0, 0x5, 0xff, 0xff, 0xff, 0xff,
    0xff, 0xd0, 0x3, 0xff, 0xff, 0xff, 0xf2, 0x0,
    0x0, 0x8, 0xff, 0xfe, 0x30, 0x0, 0x2, 0xdf,
    0xff, 0xff, 0xff, 0xff, 0x40, 0xe, 0xff, 0xff,
    0xff, 0xb0, 0x0, 0x1, 0xff, 0xff, 0xff, 0x60,
    0x0, 0x0, 0xaf, 0xff, 0xff, 0xff, 0xf8, 0x0,
    0xdf, 0xff, 0xff, 0xff, 0x30, 0x0, 0x1f, 0xff,
    0xff, 0xff, 0xa0, 0x0, 0x0, 0x6f, 0xff, 0xff,
    0xff, 0x80, 0xc, 0xff, 0xff, 0xff, 0xf4, 0x0,
    0x0, 0xbf, 0xff, 0xff, 0xff, 0x20, 0x0, 0x0,
    0x3e, 0xff, 0xff, 0xf6, 0x0, 0xef, 0xff, 0xff,
    0xfd, 0x0, 0x0, 0x2, 0xff, 0xff, 0xff, 0xf6,
    0x0, 0x0, 0x0, 0x1b, 0xff, 0xff, 0xe3, 0x3f,
    0xff, 0xff, 0xff, 0x40, 0x0, 0x0, 0x6, 0xff,
    0xff, 0xff, 0xc0, 0x0, 0x0, 0x0, 0x8, 0xff,
    0xff, 0xfc, 0xff, 0xff, 0xff, 0x80, 0x0, 0x0,
    0x0, 0x9, 0xff, 0xff, 0xff, 0x40, 0x0, 0x0,
    0x0, 0x4, 0xef, 0xff, 0xff, 0xff, 0xff, 0xb0,
    0x0, 0x0, 0x0, 0x0, 0xa, 0xff, 0xff, 0xfe,
    0x20, 0x0, 0x0, 0x0, 0x2, 0xcf, 0xff, 0xff,
    0xff, 0xc0, 0x0, 0x0, 0x0, 0x0, 0x0, 0xa,
    0xff, 0xff, 0xfe, 0x30, 0x0, 0x0, 0x0, 0x0,
    0x9f, 0xff, 0xff, 0xd0, 0x0, 0x0, 0x0, 0x0,
    0x0, 0x0, 0x6, 0xff, 0xff, 0xff, 0x93, 0x0,
    0x0, 0x0, 0x0, 0x5f, 0xff, 0xff, 0x80, 0x0,
    0x0, 0x0, 0x0, 0x0, 0x0, 0x2, 0xbf, 0xff,
    0xff, 0xfe, 0xcc, 0xc3, 0x0, 0x0, 0x2d, 0xff,
    0xff, 0xc1, 0x0, 0x0, 0x0, 0x0, 0x0, 0x0,
    0x0, 0x4b, 0xff, 0xff, 0xff, 0xff, 0xf6, 0x0,
    0x0, 0xb, 0xff, 0xff, 0xe4, 0x0, 0x0, 0x0,
    0x0, 0x0, 0x0, 0x0, 0x1, 0x69, 0xce, 0xff,
    0xed, 0xa2, 0x0, 0x0, 0x7, 0xff, 0xff, 0xf7,
    0x0, 0x0, 0x0, 0x0, 0x0, 0x0, 0x0, 0x0,
    0x0, 0x0, 0x0, 0x0, 0x0, 0x0, 0x0, 0x4,
    0xef, 0xff, 0xfb, 0x0, 0x0, 0x0, 0x0, 0x0,
    0x0, 0x0, 0x0, 0x0, 0x0, 0x0, 0x0, 0x0,
    0x0, 0x0, 0x1, 0xcf, 0xff, 0xf1, 0x0, 0x0,
    0x0, 0x0, 0x0, 0x0, 0x0, 0x0, 0x0, 0x0,
    0x0, 0x0, 0x0, 0x0, 0x0, 0x0, 0x9f, 0xf8,
    0x0, 0x0, 0x0, 0x0, 0x0, 0x0, 0x0, 0x0,
    0x0, 0x0, 0x0, 0x0, 0x0, 0x0, 0x0, 0x0,
    0x0, 0x47, 0x0,

    /* U+F071 "" */
    0x0, 0x0, 0x0, 0x0, 0x0, 0x0, 0x0, 0x0,
    0x1, 0x0, 0x0, 0x0, 0x0, 0x0, 0x0, 0x0,
    0x0, 0x0, 0x0, 0x0, 0x0, 0x0, 0x0, 0x0,
    0x0, 0x7f, 0xfd, 0x20, 0x0, 0x0, 0x0, 0x0,
    0x0, 0x0, 0x0, 0x0, 0x0, 0x0, 0x0, 0x0,
    0x0, 0x0, 0x3f, 0xff, 0xfd, 0x0, 0x0, 0x0,
    0x0, 0x0, 0x0, 0x0, 0x0, 0x0, 0x0, 0x0,
    0x0, 0x0, 0x0, 0xc, 0xff, 0xff, 0xf7, 0x0,
    0x0, 0x0, 0x0, 0x0, 0x0, 0x0, 0x0, 0x0,
    0x0, 0x0, 0x0, 0x0, 0x6, 0xff, 0xff, 0xff,
    0xe1, 0x0, 0x0, 0x0, 0x0, 0x0, 0x0, 0x0,
    0x0, 0x0, 0x0, 0x0, 0x0, 0x0, 0xef, 0xff,
    0xff, 0xff, 0x90, 0x0, 0x0, 0x0, 0x0, 0x0,
    0x0, 0x0, 0x0, 0x0, 0x0, 0x0, 0x0, 0x8f,
    0xff, 0xff, 0xff, 0xff, 0x30, 0x0, 0x0, 0x0,
    0x0, 0x0, 0x0, 0x0, 0x0, 0x0, 0x0, 0x0,
    0x2f, 0xff, 0xff, 0xff, 0xff, 0xfc, 0x0, 0x0,
    0x0, 0x0, 0x0, 0x0, 0x0, 0x0, 0x0, 0x0,
    0x0, 0xb, 0xff, 0xff, 0xff, 0xff, 0xff, 0xf5,
    0x0, 0x0, 0x0, 0x0, 0x0, 0x0, 0x0, 0x0,
    0x0, 0x0, 0x4, 0xff, 0xff, 0xff, 0xff, 0xff,
    0xff, 0xe0, 0x0, 0x0, 0x0, 0x0, 0x0, 0x0,
    0x0, 0x0, 0x0, 0x0, 0xdf, 0xff, 0xfd, 0xdd,
    0xde, 0xff, 0xff, 0x80, 0x0, 0x0, 0x0, 0x0,
    0x0, 0x0, 0x0, 0x0, 0x0, 0x7f, 0xff, 0xfe,
    0x0, 0x0, 0x4f, 0xff, 0xff, 0x10, 0x0, 0x0,
    0x0, 0x0, 0x0, 0x0, 0x0, 0x0, 0x1f, 0xff,
    0xff, 0xe0, 0x0, 0x3, 0xff, 0xff, 0xfa, 0x0,
    0x0, 0x0, 0x0, 0x0, 0x0, 0x0, 0x0, 0x9,
    0xff, 0xff, 0xff, 0x0, 0x0, 0x4f, 0xff, 0xff,
    0xf3, 0x0, 0x0, 0x0, 0x0, 0x0, 0x0, 0x0,
    0x3, 0xff, 0xff, 0xff, 0xf0, 0x0, 0x5, 0xff,
    0xff, 0xff, 0xc0, 0x0, 0x0, 0x0, 0x0, 0x0,
    0x0, 0x0, 0xcf, 0xff, 0xff, 0xff, 0x0, 0x0,
    0x6f, 0xff, 0xff, 0xff, 0x60, 0x0, 0x0, 0x0,
    0x0, 0x0, 0x0, 0x5f, 0xff, 0xff, 0xff, 0xf1,
    0x0, 0x7, 0xff, 0xff, 0xff, 0xfe, 0x10, 0x0,
    0x0, 0x0, 0x0, 0x0, 0xe, 0xff, 0xff, 0xff,
    0xff, 0x20, 0x0, 0x8f, 0xff, 0xff, 0xff, 0xf9,
    0x0, 0x0, 0x0, 0x0, 0x0, 0x8, 0xff, 0xff,
    0xff, 0xff, 0xf3, 0x0, 0x9, 0xff, 0xff, 0xff,
    0xff, 0xf2, 0x0, 0x0, 0x0, 0x0, 0x2, 0xff,
    0xff, 0xff, 0xff, 0xff, 0x72, 0x22, 0xcf, 0xff,
    0xff, 0xff, 0xff, 0xb0, 0x0, 0x0, 0x0, 0x0,
    0xaf, 0xff, 0xff, 0xff, 0xff, 0xff, 0xff, 0xff,
    0xff, 0xff, 0xff, 0xff, 0xff, 0x40, 0x0, 0x0,
    0x0, 0x4f, 0xff, 0xff, 0xff, 0xff, 0xff, 0xa1,
    0x3, 0xef, 0xff, 0xff, 0xff, 0xff, 0xfd, 0x0,
    0x0, 0x0, 0xd, 0xff, 0xff, 0xff, 0xff, 0xff,
    0xe0, 0x0, 0x5, 0xff, 0xff, 0xff, 0xff, 0xff,
    0xf7, 0x0, 0x0, 0x6, 0xff, 0xff, 0xff, 0xff,
    0xff, 0xfc, 0x0, 0x0, 0x2f, 0xff, 0xff, 0xff,
    0xff, 0xff, 0xf1, 0x0, 0x1, 0xef, 0xff, 0xff,
    0xff, 0xff, 0xff, 0xe1, 0x0, 0x6, 0xff, 0xff,
    0xff, 0xff, 0xff, 0xff, 0xa0, 0x0, 0x9f, 0xff,
    0xff, 0xff, 0xff, 0xff, 0xff, 0xc3, 0x15, 0xff,
    0xff, 0xff, 0xff, 0xff, 0xff, 0xff, 0x30, 0xf,
    0xff, 0xff, 0xff, 0xff, 0xff, 0xff, 0xff, 0xff,
    0xff, 0xff, 0xff, 0xff, 0xff, 0xff, 0xff, 0xf9,
    0x0, 0xef, 0xff, 0xff, 0xff, 0xff, 0xff, 0xff,
    0xff, 0xff, 0xff, 0xff, 0xff, 0xff, 0xff, 0xff,
    0xff, 0x80, 0x7, 0xff, 0xff, 0xff, 0xff, 0xff,
    0xff, 0xff, 0xff, 0xff, 0xff, 0xff, 0xff, 0xff,
    0xff, 0xff, 0xf2, 0x0, 0x6, 0xab, 0xbb, 0xbb,
    0xbb, 0xbb, 0xbb, 0xbb, 0xbb, 0xbb, 0xbb, 0xbb,
    0xbb, 0xbb, 0xba, 0x93, 0x0,

    /* U+F074 "" */
    0x0, 0x0, 0x0, 0x0, 0x0, 0x0, 0x0, 0x0,
    0x0, 0x0, 0x0, 0x57, 0x0, 0x0, 0x0, 0x0,
    0x0, 0x0, 0x0, 0x0, 0x0, 0x0, 0x0, 0x0,
    0x0, 0x2f, 0xfb, 0x0, 0x0, 0x0, 0x0, 0x0,
    0x0, 0x0, 0x0, 0x0, 0x0, 0x0, 0x0, 0x4,
    0xff, 0xfb, 0x0, 0x0, 0x0, 0x0, 0x0, 0x0,
    0x0, 0x0, 0x0, 0x0, 0x0, 0x0, 0x4f, 0xff,
    0xfb, 0x0, 0xdf, 0xff, 0xff, 0xfa, 0x0, 0x0,
    0x0, 0x0, 0x5, 0xef, 0xff, 0xff, 0xff, 0xfb,
    0xf, 0xff, 0xff, 0xff, 0xf9, 0x0, 0x0, 0x0,
    0x4, 0xff, 0xff, 0xff, 0xff, 0xff, 0xfa, 0xff,
    0xff, 0xff, 0xff, 0xf8, 0x0, 0x0, 0x3, 0xff,
    0xff, 0xff, 0xff, 0xff, 0xff, 0xff, 0xff, 0xff,
    0xff, 0xff, 0xf7, 0x0, 0x3, 0xff, 0xff, 0xff,
    0xff, 0xff, 0xff, 0xf6, 0x79, 0x99, 0x9b, 0xff,
    0xff, 0xf3, 0x2, 0xef, 0xff, 0xfe, 0x9a, 0xff,
    0xff, 0xf6, 0x0, 0x0, 0x0, 0xa, 0xff, 0xf8,
    0x2, 0xef, 0xff, 0xfe, 0x20, 0x4f, 0xff, 0xf6,
    0x0, 0x0, 0x0, 0x0, 0xb, 0xf9, 0x1, 0xdf,
    0xff, 0xff, 0x30, 0x3, 0xff, 0xf6, 0x0, 0x0,
    0x0, 0x0, 0x0, 0x7, 0x1, 0xdf, 0xff, 0xff,
    0x30, 0x0, 0x1e, 0xf6, 0x0, 0x0, 0x0, 0x0,
    0x0, 0x0, 0x0, 0xcf, 0xff, 0xff, 0x40, 0x0,
    0x0, 0x1, 0x0, 0x0, 0x0, 0x0, 0x0, 0x0,
    0x0, 0xcf, 0xff, 0xff, 0x50, 0x0, 0x0, 0x0,
    0x0, 0x0, 0x0, 0x0, 0x0, 0x0, 0x0, 0xbf,
    0xff, 0xff, 0x50, 0x32, 0x0, 0x0, 0xdf, 0x50,
    0x0, 0x0, 0x0, 0x0, 0x0, 0xaf, 0xff, 0xff,
    0x60, 0x3f, 0xe2, 0x0, 0x3f, 0xff, 0x50, 0x0,
    0x0, 0x0, 0x0, 0x9f, 0xff, 0xff, 0x70, 0x2e,
    0xff, 0xd1, 0x4, 0xff, 0xff, 0x50, 0x6, 0x77,
    0x77, 0xaf, 0xff, 0xff, 0x80, 0xd, 0xff, 0xff,
    0xd7, 0x9f, 0xff, 0xff, 0x50, 0xff, 0xff, 0xff,
    0xff, 0xff, 0x90, 0x0, 0x3f, 0xff, 0xff, 0xff,
    0xff, 0xff, 0xff, 0x4f, 0xff, 0xff, 0xff, 0xff,
    0xa0, 0x0, 0x0, 0x4f, 0xff, 0xff, 0xff, 0xff,
    0xff, 0xfe, 0xff, 0xff, 0xff, 0xff, 0xb0, 0x0,
    0x0, 0x0, 0x5f, 0xff, 0xff, 0xff, 0xff, 0xff,
    0xbe, 0xff, 0xff, 0xff, 0xb0, 0x0, 0x0, 0x0,
    0x0, 0x6f, 0xff, 0xff, 0xff, 0xff, 0xc1, 0x0,
    0x0, 0x0, 0x0, 0x0, 0x0, 0x0, 0x0, 0x0,
    0x0, 0x4, 0xff, 0xff, 0xc1, 0x0, 0x0, 0x0,
    0x0, 0x0, 0x0, 0x0, 0x0, 0x0, 0x0, 0x0,
    0x4f, 0xff, 0xc1, 0x0, 0x0, 0x0, 0x0, 0x0,
    0x0, 0x0, 0x0, 0x0, 0x0, 0x0, 0x2, 0xff,
    0xc1, 0x0, 0x0, 0x0, 0x0, 0x0, 0x0, 0x0,
    0x0, 0x0, 0x0, 0x0, 0x0, 0x7, 0x81, 0x0,
    0x0,

    /* U+F077 "" */
    0x0, 0x0, 0x0, 0x0, 0x0, 0x0, 0x51, 0x0,
    0x0, 0x0, 0x0, 0x0, 0x0, 0x0, 0x0, 0x0,
    0x0, 0x0, 0xb, 0xfe, 0x20, 0x0, 0x0, 0x0,
    0x0, 0x0, 0x0, 0x0, 0x0, 0x0, 0x0, 0xbf,
    0xff, 0xe2, 0x0, 0x0, 0x0, 0x0, 0x0, 0x0,
    0x0, 0x0, 0x0, 0xb, 0xff, 0xff, 0xfe, 0x20,
    0x0, 0x0, 0x0, 0x0, 0x0, 0x0, 0x0, 0x0,
    0xbf, 0xff, 0xff, 0xff, 0xe2, 0x0, 0x0, 0x0,
    0x0, 0x0, 0x0, 0x0, 0xb, 0xff, 0xff, 0xff,
    0xff, 0xfe, 0x20, 0x0, 0x0, 0x0, 0x0, 0x0,
    0x0, 0xbf, 0xff, 0xff, 0xcf, 0xff, 0xff, 0xe2,
    0x0, 0x0, 0x0, 0x0, 0x0, 0xb, 0xff, 0xff,
    0xfa, 0x5, 0xff, 0xff, 0xfe, 0x20, 0x0, 0x0,
    0x0, 0x0, 0xbf, 0xff, 0xff, 0xa0, 0x0, 0x5f,
    0xff, 0xff, 0xe2, 0x0, 0x0, 0x0, 0xb, 0xff,
    0xff, 0xfa, 0x0, 0x0, 0x5, 0xff, 0xff, 0xfe,
    0x20, 0x0, 0x0, 0xbf, 0xff, 0xff, 0xa0, 0x0,
    0x0, 0x0, 0x5f, 0xff, 0xff, 0xe2, 0x0, 0xb,
    0xff, 0xff, 0xfa, 0x0, 0x0, 0x0, 0x0, 0x5,
    0xff, 0xff, 0xfe, 0x20, 0x8f, 0xff, 0xff, 0xa0,
    0x0, 0x0, 0x0, 0x0, 0x0, 0x5f, 0xff, 0xff,
    0xe0, 0x8f, 0xff, 0xfa, 0x0, 0x0, 0x0, 0x0,
    0x0, 0x0, 0x5, 0xff, 0xff, 0xe0, 0xb, 0xff,
    0xa0, 0x0, 0x0, 0x0, 0x0, 0x0, 0x0, 0x0,
    0x5f, 0xfe, 0x20, 0x0, 0x77, 0x0, 0x0, 0x0,
    0x0, 0x0, 0x0, 0x0, 0x0, 0x4, 0x92, 0x0,

    /* U+F078 "" */
    0x0, 0x33, 0x0, 0x0, 0x0, 0x0, 0x0, 0x0,
    0x0, 0x0, 0x1, 0x50, 0x0, 0x7, 0xff, 0x60,
    0x0, 0x0, 0x0, 0x0, 0x0, 0x0, 0x0, 0x2e,
    0xfc, 0x0, 0x5f, 0xff, 0xf6, 0x0, 0x0, 0x0,
    0x0, 0x0, 0x0, 0x2, 0xef, 0xff, 0xb0, 0x9f,
    0xff, 0xff, 0x60, 0x0, 0x0, 0x0, 0x0, 0x0,
    0x2e, 0xff, 0xff, 0xf0, 0x1d, 0xff, 0xff, 0xf6,
    0x0, 0x0, 0x0, 0x0, 0x2, 0xef, 0xff, 0xff,
    0x50, 0x1, 0xdf, 0xff, 0xff, 0x60, 0x0, 0x0,
    0x0, 0x2e, 0xff, 0xff, 0xf5, 0x0, 0x0, 0x1d,
    0xff, 0xff, 0xf6, 0x0, 0x0, 0x2, 0xef, 0xff,
    0xff, 0x50, 0x0, 0x0, 0x1, 0xdf, 0xff, 0xff,
    0x60, 0x0, 0x2e, 0xff, 0xff, 0xf5, 0x0, 0x0,
    0x0, 0x0, 0x1d, 0xff, 0xff, 0xf6, 0x2, 0xef,
    0xff, 0xff, 0x50, 0x0, 0x0, 0x0, 0x0, 0x1,
    0xdf, 0xff, 0xff, 0x8e, 0xff, 0xff, 0xf5, 0x0,
    0x0, 0x0, 0x0, 0x0, 0x0, 0x1d, 0xff, 0xff,
    0xff, 0xff, 0xff, 0x50, 0x0, 0x0, 0x0, 0x0,
    0x0, 0x0, 0x1, 0xdf, 0xff, 0xff, 0xff, 0xf5,
    0x0, 0x0, 0x0, 0x0, 0x0, 0x0, 0x0, 0x0,
    0x1d, 0xff, 0xff, 0xff, 0x50, 0x0, 0x0, 0x0,
    0x0, 0x0, 0x0, 0x0, 0x0, 0x1, 0xdf, 0xff,
    0xf5, 0x0, 0x0, 0x0, 0x0, 0x0, 0x0, 0x0,
    0x0, 0x0, 0x0, 0x1d, 0xff, 0x50, 0x0, 0x0,
    0x0, 0x0, 0x0, 0x0, 0x0, 0x0, 0x0, 0x0,
    0x1, 0x94, 0x0, 0x0, 0x0, 0x0, 0x0, 0x0,

    /* U+F079 "" */
    0x0, 0x0, 0x0, 0xad, 0x40, 0x0, 0x0, 0x0,
    0x0, 0x0, 0x0, 0x0, 0x0, 0x0, 0x0, 0x0,
    0x0, 0x0, 0x0, 0x0, 0xb, 0xff, 0xf4, 0x0,
    0x0, 0x0, 0x0, 0x0, 0x0, 0x0, 0x0, 0x0,
    0x0, 0x0, 0x0, 0x0, 0x0, 0x0, 0xbf, 0xff,
    0xff, 0x40, 0x0, 0x6e, 0xff, 0xff, 0xff, 0xff,
    0xff, 0xff, 0xfe, 0x40, 0x0, 0x0, 0x0, 0xc,
    0xff, 0xff, 0xff, 0xf5, 0x0, 0xcf, 0xff, 0xff,
    0xff, 0xff, 0xff, 0xff, 0xff, 0xa0, 0x0, 0x0,
    0x0, 0xcf, 0xff, 0xff, 0xff, 0xff, 0x50, 0x4f,
    0xff, 0xff, 0xff, 0xff, 0xff, 0xff, 0xff, 0xb0,
    0x0, 0x0, 0xc, 0xff, 0xff, 0xff, 0xff, 0xff,
    0xf5, 0x4, 0xaa, 0xaa, 0xaa, 0xaa, 0xaa, 0xaf,
    0xff, 0xb0, 0x0, 0x0, 0xaf, 0xff, 0xfc, 0xff,
    0xfb, 0xff, 0xff, 0x20, 0x0, 0x0, 0x0, 0x0,
    0x0, 0xe, 0xff, 0xb0, 0x0, 0x0, 0xbf, 0xff,
    0x49, 0xff, 0xf1, 0xbf, 0xff, 0x30, 0x0, 0x0,
    0x0, 0x0, 0x0, 0xe, 0xff, 0xb0, 0x0, 0x0,
    0x1c, 0xf5, 0x9, 0xff, 0xf1, 0xb, 0xf7, 0x0,
    0x0, 0x0, 0x0, 0x0, 0x0, 0xe, 0xff, 0xb0,
    0x0, 0x0, 0x0, 0x0, 0x9, 0xff, 0xf1, 0x0,
    0x0, 0x0, 0x0, 0x0, 0x0, 0x0, 0x0, 0xe,
    0xff, 0xb0, 0x0, 0x0, 0x0, 0x0, 0x9, 0xff,
    0xf1, 0x0, 0x0, 0x0, 0x0, 0x0, 0x0, 0x0,
    0x0, 0xe, 0xff, 0xb0, 0x0, 0x0, 0x0, 0x0,
    0x9, 0xff, 0xf1, 0x0, 0x0, 0x0, 0x0, 0x0,
    0x0, 0x0, 0x0, 0xe, 0xff, 0xb0, 0x0, 0x0,
    0x0, 0x0, 0x9, 0xff, 0xf1, 0x0, 0x0, 0x0,
    0x0, 0x0, 0x0, 0x0, 0x0, 0xe, 0xff, 0xb0,
    0x0, 0x0, 0x0, 0x0, 0x9, 0xff, 0xf1, 0x0,
    0x0, 0x0, 0x0, 0x0, 0x0, 0x3d, 0xb0, 0xe,
    0xff, 0xb0, 0x2c, 0xc1, 0x0, 0x0, 0x9, 0xff,
    0xf1, 0x0, 0x0, 0x0, 0x0, 0x0, 0x1, 0xff,
    0xfc, 0xe, 0xff, 0xb1, 0xef, 0xfc, 0x0, 0x0,
    0x9, 0xff, 0xf1, 0x0, 0x0, 0x0, 0x0, 0x0,
    0x1, 0xff, 0xff, 0xbe, 0xff, 0xcd, 0xff, 0xfd,
    0x0, 0x0, 0x9, 0xff, 0xf9, 0x99, 0x99, 0x99,
    0x99, 0x99, 0x40, 0x5f, 0xff, 0xff, 0xff, 0xff,
    0xff, 0xe2, 0x0, 0x0, 0x9, 0xff, 0xff, 0xff,
    0xff, 0xff, 0xff, 0xff, 0xf5, 0x4, 0xff, 0xff,
    0xff, 0xff, 0xfe, 0x20, 0x0, 0x0, 0x8, 0xff,
    0xff, 0xff, 0xff, 0xff, 0xff, 0xff, 0xfe, 0x0,
    0x4f, 0xff, 0xff, 0xff, 0xe2, 0x0, 0x0, 0x0,
    0x4, 0xff, 0xff, 0xff, 0xff, 0xff, 0xff, 0xff,
    0xf9, 0x0, 0x4, 0xff, 0xff, 0xfe, 0x20, 0x0,
    0x0, 0x0, 0x0, 0x0, 0x0, 0x0, 0x0, 0x0,
    0x0, 0x0, 0x0, 0x0, 0x0, 0x4f, 0xff, 0xd2,
    0x0, 0x0, 0x0, 0x0, 0x0, 0x0, 0x0, 0x0,
    0x0, 0x0, 0x0, 0x0, 0x0, 0x0, 0x0, 0x3,
    0xed, 0x10, 0x0, 0x0, 0x0, 0x0, 0x0, 0x0,
    0x0, 0x0, 0x0, 0x0, 0x0, 0x0, 0x0, 0x0,
    0x0, 0x0, 0x0, 0x0, 0x0, 0x0,

    /* U+F07B "" */
    0x6, 0xbc, 0xcc, 0xcc, 0xcc, 0xcb, 0x20, 0x0,
    0x0, 0x0, 0x0, 0x0, 0x0, 0x0, 0x8, 0xff,
    0xff, 0xff, 0xff, 0xff, 0xfe, 0x20, 0x0, 0x0,
    0x0, 0x0, 0x0, 0x0, 0x0, 0xef, 0xff, 0xff,
    0xff, 0xff, 0xff, 0xfe, 0x20, 0x0, 0x0, 0x0,
    0x0, 0x0, 0x0, 0xf, 0xff, 0xff, 0xff, 0xff,
    0xff, 0xff, 0xfe, 0x32, 0x22, 0x22, 0x22, 0x22,
    0x21, 0x0, 0xff, 0xff, 0xff, 0xff, 0xff, 0xff,
    0xff, 0xff, 0xff, 0xff, 0xff, 0xff, 0xff, 0xfc,
    0x1f, 0xff, 0xff, 0xff, 0xff, 0xff, 0xff, 0xff,
    0xff, 0xff, 0xff, 0xff, 0xff, 0xff, 0xfb, 0xff,
    0xff, 0xff, 0xff, 0xff, 0xff, 0xff, 0xff, 0xff,
    0xff, 0xff, 0xff, 0xff, 0xff, 0xff, 0xff, 0xff,
    0xff, 0xff, 0xff, 0xff, 0xff, 0xff, 0xff, 0xff,
    0xff, 0xff, 0xff, 0xff, 0xff, 0xff, 0xff, 0xff,
    0xff, 0xff, 0xff, 0xff, 0xff, 0xff, 0xff, 0xff,
    0xff, 0xff, 0xff, 0xff, 0xff, 0xff, 0xff, 0xff,
    0xff, 0xff, 0xff, 0xff, 0xff, 0xff, 0xff, 0xff,
    0xff, 0xff, 0xff, 0xff, 0xff, 0xff, 0xff, 0xff,
    0xff, 0xff, 0xff, 0xff, 0xff, 0xff, 0xff, 0xff,
    0xff, 0xff, 0xff, 0xff, 0xff, 0xff, 0xff, 0xff,
    0xff, 0xff, 0xff, 0xff, 0xff, 0xff, 0xff, 0xff,
    0xff, 0xff, 0xff, 0xff, 0xff, 0xff, 0xff, 0xff,
    0xff, 0xff, 0xff, 0xff, 0xff, 0xff, 0xff, 0xff,
    0xff, 0xff, 0xff, 0xff, 0xff, 0xff, 0xff, 0xff,
    0xff, 0xff, 0xff, 0xff, 0xff, 0xff, 0xff, 0xff,
    0xff, 0xff, 0xff, 0xff, 0xff, 0xff, 0xff, 0xff,
    0xff, 0xff, 0xff, 0xff, 0xff, 0xff, 0xff, 0xff,
    0xff, 0xff, 0xff, 0xff, 0xff, 0xff, 0xff, 0xff,
    0xff, 0xff, 0xff, 0xff, 0xff, 0xff, 0xff, 0xff,
    0xff, 0xff, 0xff, 0xff, 0xff, 0xff, 0xff, 0xff,
    0xff, 0xff, 0xff, 0xff, 0xff, 0xff, 0xff, 0xff,
    0xff, 0xff, 0xff, 0xff, 0xff, 0xff, 0xff, 0xff,
    0xff, 0xff, 0xff, 0xff, 0xff, 0xff, 0xff, 0xff,
    0xff, 0xff, 0xff, 0xff, 0xff, 0xff, 0xff, 0xff,
    0xff, 0xff, 0xff, 0xff, 0xff, 0xff, 0xff, 0xff,
    0xff, 0xff, 0xaf, 0xff, 0xff, 0xff, 0xff, 0xff,
    0xff, 0xff, 0xff, 0xff, 0xff, 0xff, 0xff, 0xff,
    0xa1, 0xaf, 0xff, 0xff, 0xff, 0xff, 0xff, 0xff,
    0xff, 0xff, 0xff, 0xff, 0xff, 0xff, 0xa1,

    /* U+F093 "" */
    0x0, 0x0, 0x0, 0x0, 0x0, 0x0, 0x0, 0x20,
    0x0, 0x0, 0x0, 0x0, 0x0, 0x0, 0x0, 0x0,
    0x0, 0x0, 0x0, 0x0, 0x0, 0x9f, 0x90, 0x0,
    0x0, 0x0, 0x0, 0x0, 0x0, 0x0, 0x0, 0x0,
    0x0, 0x0, 0x0, 0xaf, 0xff, 0xa0, 0x0, 0x0,
    0x0, 0x0, 0x0, 0x0, 0x0, 0x0, 0x0, 0x0,
    0x0, 0xaf, 0xff, 0xff, 0xa0, 0x0, 0x0, 0x0,
    0x0, 0x0, 0x0, 0x0, 0x0, 0x0, 0x0, 0xaf,
    0xff, 0xff, 0xff, 0xa0, 0x0, 0x0, 0x0, 0x0,
    0x0, 0x0, 0x0, 0x0, 0x0, 0xaf, 0xff, 0xff,
    0xff, 0xff, 0xa0, 0x0, 0x0, 0x0, 0x0, 0x0,
    0x0, 0x0, 0x0, 0xaf, 0xff, 0xff, 0xff, 0xff,
    0xff, 0xa0, 0x0, 0x0, 0x0, 0x0, 0x0, 0x0,
    0x0, 0xaf, 0xff, 0xff, 0xff, 0xff, 0xff, 0xff,
    0xa0, 0x0, 0x0, 0x0, 0x0, 0x0, 0x0, 0xaf,
    0xff, 0xff, 0xff, 0xff, 0xff, 0xff, 0xff, 0xa0,
    0x0, 0x0, 0x0, 0x0, 0x0, 0xaf, 0xff, 0xff,
    0xff, 0xff, 0xff, 0xff, 0xff, 0xff, 0xa0, 0x0,
    0x0, 0x0, 0x0, 0x2f, 0xff, 0xff, 0xff, 0xff,
    0xff, 0xff, 0xff, 0xff, 0xff, 0x20, 0x0, 0x0,
    0x0, 0x0, 0x8b, 0xbb, 0xbb, 0xff, 0xff, 0xff,
    0xfb, 0xbb, 0xbb, 0x80, 0x0, 0x0, 0x0, 0x0,
    0x0, 0x0, 0x0, 0x2f, 0xff, 0xff, 0xff, 0x20,
    0x0, 0x0, 0x0, 0x0, 0x0, 0x0, 0x0, 0x0,
    0x0, 0x2, 0xff, 0xff, 0xff, 0xf2, 0x0, 0x0,
    0x0, 0x0, 0x0, 0x0, 0x0, 0x0, 0x0, 0x0,
    0x2f, 0xff, 0xff, 0xff, 0x20, 0x0, 0x0, 0x0,
    0x0, 0x0, 0x0, 0x0, 0x0, 0x0, 0x2, 0xff,
    0xff, 0xff, 0xf2, 0x0, 0x0, 0x0, 0x0, 0x0,
    0x0, 0x0, 0x0, 0x0, 0x0, 0x2f, 0xff, 0xff,
    0xff, 0x20, 0x0, 0x0, 0x0, 0x0, 0x0, 0x0,
    0x0, 0x0, 0x0, 0x2, 0xff, 0xff, 0xff, 0xf2,
    0x0, 0x0, 0x0, 0x0, 0x0, 0x0, 0x0, 0x0,
    0x0, 0x0, 0x2f, 0xff, 0xff, 0xff, 0x20, 0x0,
    0x0, 0x0, 0x0, 0x0, 0x0, 0x0, 0x0, 0x0,
    0x2, 0xff, 0xff, 0xff, 0xf2, 0x0, 0x0, 0x0,
    0x0, 0x0, 0x3, 0x44, 0x44, 0x44, 0x40, 0x2f,
    0xff, 0xff, 0xff, 0x20, 0x44, 0x44, 0x44, 0x43,
    0xc, 0xff, 0xff, 0xff, 0xff, 0x20, 0xff, 0xff,
    0xff, 0xf0, 0x2f, 0xff, 0xff, 0xff, 0xfc, 0xff,
    0xff, 0xff, 0xff, 0xf7, 0x3, 0x77, 0x77, 0x73,
    0x7, 0xff, 0xff, 0xff, 0xff, 0xff, 0xff, 0xff,
    0xff, 0xff, 0xf6, 0x0, 0x0, 0x0, 0x6, 0xff,
    0xff, 0xff, 0xff, 0xff, 0xff, 0xff, 0xff, 0xff,
    0xff, 0xff, 0xdd, 0xdd, 0xdf, 0xff, 0xff, 0xff,
    0xff, 0xff, 0xff, 0xff, 0xff, 0xff, 0xff, 0xff,
    0xff, 0xff, 0xff, 0xff, 0xff, 0xff, 0xff, 0xff,
    0xff, 0xff, 0xff, 0xff, 0xff, 0xff, 0xff, 0xff,
    0xff, 0xff, 0xfe, 0x14, 0xf9, 0x9, 0xff, 0xff,
    0xff, 0xff, 0xff, 0xff, 0xff, 0xff, 0xff, 0xff,
    0xff, 0xe1, 0x4f, 0x90, 0xaf, 0xff, 0xff, 0xff,
    0xff, 0xff, 0xff, 0xff, 0xff, 0xff, 0xff, 0xff,
    0xff, 0xff, 0xff, 0xff, 0xe4, 0x99, 0x99, 0x99,
    0x99, 0x99, 0x99, 0x99, 0x99, 0x99, 0x99, 0x99,
    0x99, 0x99, 0x94,

    /* U+F095 "" */
    0x0, 0x0, 0x0, 0x0, 0x0, 0x0, 0x0, 0x0,
    0x0, 0x0, 0x0, 0x53, 0x0, 0x0, 0x0, 0x0,
    0x0, 0x0, 0x0, 0x0, 0x0, 0x0, 0x0, 0x0,
    0x0, 0x8, 0xff, 0xfb, 0x84, 0x0, 0x0, 0x0,
    0x0, 0x0, 0x0, 0x0, 0x0, 0x0, 0x0, 0x0,
    0xe, 0xff, 0xff, 0xff, 0xf9, 0x0, 0x0, 0x0,
    0x0, 0x0, 0x0, 0x0, 0x0, 0x0, 0x0, 0x6f,
    0xff, 0xff, 0xff, 0xff, 0x0, 0x0, 0x0, 0x0,
    0x0, 0x0, 0x0, 0x0, 0x0, 0x0, 0xdf, 0xff,
    0xff, 0xff, 0xff, 0x0, 0x0, 0x0, 0x0, 0x0,
    0x0, 0x0, 0x0, 0x0, 0x4, 0xff, 0xff, 0xff,
    0xff, 0xfe, 0x0, 0x0, 0x0, 0x0, 0x0, 0x0,
    0x0, 0x0, 0x0, 0xa, 0xff, 0xff, 0xff, 0xff,
    0xfc, 0x0, 0x0, 0x0, 0x0, 0x0, 0x0, 0x0,
    0x0, 0x0, 0x1f, 0xff, 0xff, 0xff, 0xff, 0xfa,
    0x0, 0x0, 0x0, 0x0, 0x0, 0x0, 0x0, 0x0,
    0x0, 0x4f, 0xff, 0xff, 0xff, 0xff, 0xf8, 0x0,
    0x0, 0x0, 0x0, 0x0, 0x0, 0x0, 0x0, 0x0,
    0x9, 0xff, 0xff, 0xff, 0xff, 0xf4, 0x0, 0x0,
    0x0, 0x0, 0x0, 0x0, 0x0, 0x0, 0x0, 0x0,
    0x7f, 0xff, 0xff, 0xff, 0xf0, 0x0, 0x0, 0x0,
    0x0, 0x0, 0x0, 0x0, 0x0, 0x0, 0x0, 0x4,
    0xff, 0xff, 0xff, 0xc0, 0x0, 0x0, 0x0, 0x0,
    0x0, 0x0, 0x0, 0x0, 0x0, 0x0, 0x0, 0x9f,
    0xff, 0xff, 0x60, 0x0, 0x0, 0x0, 0x0, 0x0,
    0x0, 0x0, 0x0, 0x0, 0x0, 0x2, 0xff, 0xff,
    0xff, 0x10, 0x0, 0x0, 0x0, 0x0, 0x0, 0x0,
    0x0, 0x0, 0x0, 0x0, 0xb, 0xff, 0xff, 0xf8,
    0x0, 0x0, 0x0, 0x0, 0x0, 0x0, 0x0, 0x0,
    0x0, 0x0, 0x0, 0x6f, 0xff, 0xff, 0xf1, 0x0,
    0x0, 0x0, 0x0, 0x0, 0x0, 0x0, 0x0, 0x0,
    0x0, 0x2, 0xff, 0xff, 0xff, 0x80, 0x0, 0x0,
    0x0, 0x0, 0x0, 0x0, 0x0, 0x0, 0x0, 0x0,
    0x1e, 0xff, 0xff, 0xfd, 0x0, 0x0, 0x0, 0x0,
    0x0, 0x4, 0xa6, 0x0, 0x0, 0x0, 0x2, 0xdf,
    0xff, 0xff, 0xf3, 0x0, 0x0, 0x0, 0x0, 0x7,
    0xdf, 0xff, 0x50, 0x0, 0x0, 0x3e, 0xff, 0xff,
    0xff, 0x70, 0x0, 0x0, 0x0, 0x29, 0xff, 0xff,
    0xff, 0xf3, 0x0, 0x7, 0xff, 0xff, 0xff, 0xf9,
    0x0, 0x0, 0x0, 0x9, 0xff, 0xff, 0xff, 0xff,
    0xfe, 0x14, 0xdf, 0xff, 0xff, 0xff, 0xa0, 0x0,
    0x0, 0x0, 0xf, 0xff, 0xff, 0xff, 0xff, 0xff,
    0xff, 0xff, 0xff, 0xff, 0xfa, 0x0, 0x0, 0x0,
    0x0, 0xb, 0xff, 0xff, 0xff, 0xff, 0xff, 0xff,
    0xff, 0xff, 0xff, 0x80, 0x0, 0x0, 0x0, 0x0,
    0x8, 0xff, 0xff, 0xff, 0xff, 0xff, 0xff, 0xff,
    0xff, 0xf5, 0x0, 0x0, 0x0, 0x0, 0x0, 0x4,
    0xff, 0xff, 0xff, 0xff, 0xff, 0xff, 0xff, 0xfb,
    0x20, 0x0, 0x0, 0x0, 0x0, 0x0, 0x0, 0xff,
    0xff, 0xff, 0xff, 0xff, 0xff, 0xfd, 0x50, 0x0,
    0x0, 0x0, 0x0, 0x0, 0x0, 0x0, 0xdf, 0xff,
    0xff, 0xff, 0xff, 0xfc, 0x50, 0x0, 0x0, 0x0,
    0x0, 0x0, 0x0, 0x0, 0x0, 0x9f, 0xff, 0xff,
    0xff, 0xc8, 0x20, 0x0, 0x0, 0x0, 0x0, 0x0,
    0x0, 0x0, 0x0, 0x0, 0x19, 0x98, 0x75, 0x30,
    0x0, 0x0, 0x0, 0x0, 0x0, 0x0, 0x0, 0x0,
    0x0, 0x0,

    /* U+F0C4 "" */
    0x0, 0x3, 0x78, 0x72, 0x0, 0x0, 0x0, 0x0,
    0x0, 0x0, 0x0, 0x0, 0x0, 0x1, 0xbf, 0xff,
    0xff, 0x90, 0x0, 0x0, 0x0, 0x0, 0x1, 0x79,
    0x95, 0x0, 0xc, 0xff, 0xff, 0xff, 0xfb, 0x0,
    0x0, 0x0, 0x0, 0x4f, 0xff, 0xff, 0xc0, 0x7f,
    0xff, 0xff, 0xff, 0xff, 0x50, 0x0, 0x0, 0x5,
    0xff, 0xff, 0xff, 0xf3, 0xdf, 0xff, 0x61, 0x7f,
    0xff, 0xb0, 0x0, 0x0, 0x5f, 0xff, 0xff, 0xff,
    0x60, 0xff, 0xfb, 0x0, 0xd, 0xff, 0xd0, 0x0,
    0x6, 0xff, 0xff, 0xff, 0xf6, 0x0, 0xef, 0xfd,
    0x0, 0xe, 0xff, 0xc0, 0x0, 0x6f, 0xff, 0xff,
    0xff, 0x60, 0x0, 0xbf, 0xff, 0xc8, 0xdf, 0xff,
    0x90, 0x7, 0xff, 0xff, 0xff, 0xf6, 0x0, 0x0,
    0x4f, 0xff, 0xff, 0xff, 0xff, 0xf5, 0x7f, 0xff,
    0xff, 0xff, 0x60, 0x0, 0x0, 0x7, 0xff, 0xff,
    0xff, 0xff, 0xff, 0xff, 0xff, 0xff, 0xf6, 0x0,
    0x0, 0x0, 0x0, 0x4c, 0xff, 0xff, 0xff, 0xff,
    0xff, 0xff, 0xff, 0x60, 0x0, 0x0, 0x0, 0x0,
    0x0, 0x1, 0x6f, 0xff, 0xff, 0xff, 0xff, 0xf6,
    0x0, 0x0, 0x0, 0x0, 0x0, 0x0, 0x0, 0x7,
    0xff, 0xff, 0xff, 0xff, 0x60, 0x0, 0x0, 0x0,
    0x0, 0x0, 0x0, 0x0, 0x6, 0xff, 0xff, 0xff,
    0xff, 0x20, 0x0, 0x0, 0x0, 0x0, 0x0, 0x0,
    0x0, 0x5f, 0xff, 0xff, 0xff, 0xff, 0xe2, 0x0,
    0x0, 0x0, 0x0, 0x0, 0x3b, 0xff, 0xff, 0xff,
    0xff, 0xff, 0xff, 0xfe, 0x20, 0x0, 0x0, 0x0,
    0x5, 0xff, 0xff, 0xff, 0xff, 0xff, 0xff, 0xff,
    0xff, 0xe2, 0x0, 0x0, 0x0, 0x2f, 0xff, 0xff,
    0xff, 0xff, 0xf6, 0x9f, 0xff, 0xff, 0xfe, 0x20,
    0x0, 0x0, 0xaf, 0xff, 0xd9, 0xef, 0xff, 0x90,
    0x9, 0xff, 0xff, 0xff, 0xe2, 0x0, 0x0, 0xef,
    0xfe, 0x0, 0x1f, 0xff, 0xc0, 0x0, 0x9f, 0xff,
    0xff, 0xfe, 0x20, 0x0, 0xff, 0xfa, 0x0, 0xc,
    0xff, 0xd0, 0x0, 0x8, 0xff, 0xff, 0xff, 0xe2,
    0x0, 0xef, 0xfe, 0x20, 0x3f, 0xff, 0xb0, 0x0,
    0x0, 0x8f, 0xff, 0xff, 0xfe, 0x20, 0x9f, 0xff,
    0xfd, 0xff, 0xff, 0x70, 0x0, 0x0, 0x8, 0xff,
    0xff, 0xff, 0xe1, 0x1e, 0xff, 0xff, 0xff, 0xfd,
    0x0, 0x0, 0x0, 0x0, 0x8f, 0xff, 0xff, 0xe2,
    0x3, 0xef, 0xff, 0xff, 0xd2, 0x0, 0x0, 0x0,
    0x0, 0x5, 0xce, 0xea, 0x20, 0x0, 0x17, 0xcd,
    0xb7, 0x0, 0x0, 0x0, 0x0, 0x0, 0x0, 0x0,
    0x0, 0x0,

    /* U+F0C5 "" */
    0x0, 0x0, 0x0, 0x0, 0x56, 0x66, 0x66, 0x66,
    0x66, 0x0, 0x50, 0x0, 0x0, 0x0, 0x0, 0x0,
    0xa, 0xff, 0xff, 0xff, 0xff, 0xff, 0x11, 0xfb,
    0x0, 0x0, 0x0, 0x0, 0x0, 0xc, 0xff, 0xff,
    0xff, 0xff, 0xff, 0x11, 0xff, 0xb0, 0x0, 0x0,
    0x0, 0x0, 0xc, 0xff, 0xff, 0xff, 0xff, 0xff,
    0x11, 0xff, 0xfb, 0x0, 0x0, 0x0, 0x0, 0xc,
    0xff, 0xff, 0xff, 0xff, 0xff, 0x11, 0xff, 0xff,
    0xb0, 0x0, 0x0, 0x0, 0xc, 0xff, 0xff, 0xff,
    0xff, 0xff, 0x11, 0xff, 0xff, 0xf5, 0x8e, 0xff,
    0xf6, 0xc, 0xff, 0xff, 0xff, 0xff, 0xff, 0x10,
    0x11, 0x11, 0x10, 0xff, 0xff, 0xf7, 0xc, 0xff,
    0xff, 0xff, 0xff, 0xff, 0x92, 0x22, 0x22, 0x20,
    0xff, 0xff, 0xf7, 0xc, 0xff, 0xff, 0xff, 0xff,
    0xff, 0xff, 0xff, 0xff, 0xf6, 0xff, 0xff, 0xf7,
    0xc, 0xff, 0xff, 0xff, 0xff, 0xff, 0xff, 0xff,
    0xff, 0xf6, 0xff, 0xff, 0xf7, 0xc, 0xff, 0xff,
    0xff, 0xff, 0xff, 0xff, 0xff, 0xff, 0xf6, 0xff,
    0xff, 0xf7, 0xc, 0xff, 0xff, 0xff, 0xff, 0xff,
    0xff, 0xff, 0xff, 0xf6, 0xff, 0xff, 0xf7, 0xc,
    0xff, 0xff, 0xff, 0xff, 0xff, 0xff, 0xff, 0xff,
    0xf6, 0xff, 0xff, 0xf7, 0xc, 0xff, 0xff, 0xff,
    0xff, 0xff, 0xff, 0xff, 0xff, 0xf6, 0xff, 0xff,
    0xf7, 0xc, 0xff, 0xff, 0xff, 0xff, 0xff, 0xff,
    0xff, 0xff, 0xf6, 0xff, 0xff, 0xf7, 0xc, 0xff,
    0xff, 0xff, 0xff, 0xff, 0xff, 0xff, 0xff, 0xf6,
    0xff, 0xff, 0xf7, 0xc, 0xff, 0xff, 0xff, 0xff,
    0xff, 0xff, 0xff, 0xff, 0xf6, 0xff, 0xff, 0xf7,
    0xc, 0xff, 0xff, 0xff, 0xff, 0xff, 0xff, 0xff,
    0xff, 0xf6, 0xff, 0xff, 0xf7, 0xc, 0xff, 0xff,
    0xff, 0xff, 0xff, 0xff, 0xff, 0xff, 0xf6, 0xff,
    0xff, 0xf7, 0xc, 0xff, 0xff, 0xff, 0xff, 0xff,
    0xff, 0xff, 0xff, 0xf6, 0xff, 0xff, 0xf7, 0xc,
    0xff, 0xff, 0xff, 0xff, 0xff, 0xff, 0xff, 0xff,
    0xf6, 0xff, 0xff, 0xf7, 0xc, 0xff, 0xff, 0xff,
    0xff, 0xff, 0xff, 0xff, 0xff, 0xf6, 0xff, 0xff,
    0xf7, 0xc, 0xff, 0xff, 0xff, 0xff, 0xff, 0xff,
    0xff, 0xff, 0xf5, 0xff, 0xff, 0xf9, 0x8, 0xff,
    0xff, 0xff, 0xff, 0xff, 0xff, 0xff, 0xff, 0xf2,
    0xff, 0xff, 0xfe, 0x10, 0x23, 0x33, 0x33, 0x33,
    0x33, 0x33, 0x33, 0x33, 0x10, 0xff, 0xff, 0xff,
    0xd4, 0x0, 0x0, 0x0, 0x0, 0x0, 0x0, 0x0,
    0x0, 0x0, 0xff, 0xff, 0xff, 0xff, 0xff, 0xff,
    0xff, 0xff, 0xff, 0x10, 0x0, 0x0, 0x0, 0xff,
    0xff, 0xff, 0xff, 0xff, 0xff, 0xff, 0xff, 0xff,
    0x10, 0x0, 0x0, 0x0, 0xff, 0xff, 0xff, 0xff,
    0xff, 0xff, 0xff, 0xff, 0xff, 0x0, 0x0, 0x0,
    0x0, 0x49, 0xaa, 0xaa, 0xaa, 0xaa, 0xaa, 0xaa,
    0xaa, 0x95, 0x0, 0x0, 0x0, 0x0,

    /* U+F0C7 "" */
    0x3, 0x89, 0x99, 0x99, 0x99, 0x99, 0x99, 0x99,
    0x99, 0x71, 0x0, 0x0, 0x0, 0x6f, 0xff, 0xff,
    0xff, 0xff, 0xff, 0xff, 0xff, 0xff, 0xfe, 0x20,
    0x0, 0x0, 0xdf, 0xff, 0xff, 0xff, 0xff, 0xff,
    0xff, 0xff, 0xff, 0xff, 0xe2, 0x0, 0x0, 0xff,
    0xff, 0xff, 0xff, 0xff, 0xff, 0xff, 0xff, 0xff,
    0xff, 0xfe, 0x20, 0x0, 0xff, 0xfb, 0x10, 0x0,
    0x0, 0x0, 0x0, 0x0, 0x3, 0xff, 0xff, 0xe2,
    0x0, 0xff, 0xfa, 0x0, 0x0, 0x0, 0x0, 0x0,
    0x0, 0x0, 0xef, 0xff, 0xfe, 0x20, 0xff, 0xfa,
    0x0, 0x0, 0x0, 0x0, 0x0, 0x0, 0x0, 0xef,
    0xff, 0xff, 0xd0, 0xff, 0xfa, 0x0, 0x0, 0x0,
    0x0, 0x0, 0x0, 0x0, 0xef, 0xff, 0xff, 0xf3,
    0xff, 0xfa, 0x0, 0x0, 0x0, 0x0, 0x0, 0x0,
    0x0, 0xef, 0xff, 0xff, 0xf5, 0xff, 0xfa, 0x0,
    0x0, 0x0, 0x0, 0x0, 0x0, 0x0, 0xef, 0xff,
    0xff, 0xf5, 0xff, 0xfa, 0x0, 0x0, 0x0, 0x0,
    0x0, 0x0, 0x0, 0xff, 0xff, 0xff, 0xf5, 0xff,
    0xff, 0xba, 0xaa, 0xaa, 0xaa, 0xaa, 0xaa, 0xab,
    0xff, 0xff, 0xff, 0xf5, 0xff, 0xff, 0xff, 0xff,
    0xff, 0xff, 0xff, 0xff, 0xff, 0xff, 0xff, 0xff,
    0xf5, 0xff, 0xff, 0xff, 0xff, 0xff, 0xff, 0xff,
    0xff, 0xff, 0xff, 0xff, 0xff, 0xf5, 0xff, 0xff,
    0xff, 0xff, 0xff, 0xff, 0xff, 0xff, 0xff, 0xff,
    0xff, 0xff, 0xf5, 0xff, 0xff, 0xff, 0xff, 0xff,
    0xa2, 0x1, 0x7f, 0xff, 0xff, 0xff, 0xff, 0xf5,
    0xff, 0xff, 0xff, 0xff, 0xfb, 0x0, 0x0, 0x6,
    0xff, 0xff, 0xff, 0xff, 0xf5, 0xff, 0xff, 0xff,
    0xff, 0xf3, 0x0, 0x0, 0x0, 0xef, 0xff, 0xff,
    0xff, 0xf5, 0xff, 0xff, 0xff, 0xff, 0xf1, 0x0,
    0x0, 0x0, 0xcf, 0xff, 0xff, 0xff, 0xf5, 0xff,
    0xff, 0xff, 0xff, 0xf2, 0x0, 0x0, 0x0, 0xdf,
    0xff, 0xff, 0xff, 0xf5, 0xff, 0xff, 0xff, 0xff,
    0xf8, 0x0, 0x0, 0x3, 0xff, 0xff, 0xff, 0xff,
    0xf5, 0xff, 0xff, 0xff, 0xff, 0xff, 0x60, 0x0,
    0x3e, 0xff, 0xff, 0xff, 0xff, 0xf5, 0xff, 0xff,
    0xff, 0xff, 0xff, 0xfd, 0xbc, 0xff, 0xff, 0xff,
    0xff, 0xff, 0xf5, 0xff, 0xff, 0xff, 0xff, 0xff,
    0xff, 0xff, 0xff, 0xff, 0xff, 0xff, 0xff, 0xf4,
    0xaf, 0xff, 0xff, 0xff, 0xff, 0xff, 0xff, 0xff,
    0xff, 0xff, 0xff, 0xff, 0xe0, 0x9, 0xef, 0xff,
    0xff, 0xff, 0xff, 0xff, 0xff, 0xff, 0xff, 0xff,
    0xfc, 0x30,

    /* U+F0C9 "" */
    0xcf, 0xff, 0xff, 0xff, 0xff, 0xff, 0xff, 0xff,
    0xff, 0xff, 0xff, 0xff, 0xf3, 0xff, 0xff, 0xff,
    0xff, 0xff, 0xff, 0xff, 0xff, 0xff, 0xff, 0xff,
    0xff, 0xf6, 0xff, 0xff, 0xff, 0xff, 0xff, 0xff,
    0xff, 0xff, 0xff, 0xff, 0xff, 0xff, 0xf6, 0xdf,
    0xff, 0xff, 0xff, 0xff, 0xff, 0xff, 0xff, 0xff,
    0xff, 0xff, 0xff, 0xf4, 0x1, 0x11, 0x11, 0x11,
    0x11, 0x11, 0x11, 0x11, 0x11, 0x11, 0x11, 0x11,
    0x0, 0x0, 0x0, 0x0, 0x0, 0x0, 0x0, 0x0,
    0x0, 0x0, 0x0, 0x0, 0x0, 0x0, 0x0, 0x0,
    0x0, 0x0, 0x0, 0x0, 0x0, 0x0, 0x0, 0x0,
    0x0, 0x0, 0x0, 0x0, 0x0, 0x0, 0x0, 0x0,
    0x0, 0x0, 0x0, 0x0, 0x0, 0x0, 0x0, 0x0,
    0x0, 0x0, 0x0, 0x0, 0x0, 0x0, 0x0, 0x0,
    0x0, 0x0, 0x0, 0x0, 0x0, 0xbf, 0xff, 0xff,
    0xff, 0xff, 0xff, 0xff, 0xff, 0xff, 0xff, 0xff,
    0xff, 0xe3, 0xff, 0xff, 0xff, 0xff, 0xff, 0xff,
    0xff, 0xff, 0xff, 0xff, 0xff, 0xff, 0xf6, 0xff,
    0xff, 0xff, 0xff, 0xff, 0xff, 0xff, 0xff, 0xff,
    0xff, 0xff, 0xff, 0xf6, 0xdf, 0xff, 0xff, 0xff,
    0xff, 0xff, 0xff, 0xff, 0xff, 0xff, 0xff, 0xff,
    0xf4, 0x2, 0x22, 0x22, 0x22, 0x22, 0x22, 0x22,
    0x22, 0x22, 0x22, 0x22, 0x22, 0x10, 0x0, 0x0,
    0x0, 0x0, 0x0, 0x0, 0x0, 0x0, 0x0, 0x0,
    0x0, 0x0, 0x0, 0x0, 0x0, 0x0, 0x0, 0x0,
    0x0, 0x0, 0x0, 0x0, 0x0, 0x0, 0x0, 0x0,
    0x0, 0x0, 0x0, 0x0, 0x0, 0x0, 0x0, 0x0,
    0x0, 0x0, 0x0, 0x0, 0x0, 0x0, 0x0, 0x0,
    0x0, 0x0, 0x0, 0x0, 0x0, 0x0, 0x0, 0x0,
    0x0, 0x0, 0xbf, 0xff, 0xff, 0xff, 0xff, 0xff,
    0xff, 0xff, 0xff, 0xff, 0xff, 0xff, 0xe3, 0xff,
    0xff, 0xff, 0xff, 0xff, 0xff, 0xff, 0xff, 0xff,
    0xff, 0xff, 0xff, 0xf6, 0xff, 0xff, 0xff, 0xff,
    0xff, 0xff, 0xff, 0xff, 0xff, 0xff, 0xff, 0xff,
    0xf6, 0xdf, 0xff, 0xff, 0xff, 0xff, 0xff, 0xff,
    0xff, 0xff, 0xff, 0xff, 0xff, 0xf4, 0x2, 0x22,
    0x22, 0x22, 0x22, 0x22, 0x22, 0x22, 0x22, 0x22,
    0x22, 0x22, 0x10,

    /* U+F0E0 "" */
    0x3, 0x78, 0x88, 0x88, 0x88, 0x88, 0x88, 0x88,
    0x88, 0x88, 0x88, 0x88, 0x88, 0x73, 0x5, 0xff,
    0xff, 0xff, 0xff, 0xff, 0xff, 0xff, 0xff, 0xff,
    0xff, 0xff, 0xff, 0xff, 0xf5, 0xdf, 0xff, 0xff,
    0xff, 0xff, 0xff, 0xff, 0xff, 0xff, 0xff, 0xff,
    0xff, 0xff, 0xff, 0xdf, 0xff, 0xff, 0xff, 0xff,
    0xff, 0xff, 0xff, 0xff, 0xff, 0xff, 0xff, 0xff,
    0xff, 0xff, 0xef, 0xff, 0xff, 0xff, 0xff, 0xff,
    0xff, 0xff, 0xff, 0xff, 0xff, 0xff, 0xff, 0xff,
    0xe4, 0xff, 0xff, 0xff, 0xff, 0xff, 0xff, 0xff,
    0xff, 0xff, 0xff, 0xff, 0xff, 0xff, 0xf4, 0x2,
    0xcf, 0xff, 0xff, 0xff, 0xff, 0xff, 0xff, 0xff,
    0xff, 0xff, 0xff, 0xff, 0xc2, 0x4, 0x0, 0x9f,
    0xff, 0xff, 0xff, 0xff, 0xff, 0xff, 0xff, 0xff,
    0xff, 0xff, 0x90, 0x7, 0xfa, 0x10, 0x5f, 0xff,
    0xff, 0xff, 0xff, 0xff, 0xff, 0xff, 0xff, 0xff,
    0x50, 0x2d, 0xff, 0xfe, 0x30, 0x2c, 0xff, 0xff,
    0xff, 0xff, 0xff, 0xff, 0xff, 0xfc, 0x20, 0x5f,
    0xff, 0xff, 0xff, 0x80, 0x8, 0xff, 0xff, 0xff,
    0xff, 0xff, 0xff, 0xf8, 0x0, 0xaf, 0xff, 0xff,
    0xff, 0xff, 0xc2, 0x4, 0xef, 0xff, 0xff, 0xff,
    0xff, 0xe4, 0x3, 0xdf, 0xff, 0xff, 0xff, 0xff,
    0xff, 0xf5, 0x1, 0xbf, 0xff, 0xff, 0xff, 0xb1,
    0x7, 0xff, 0xff, 0xff, 0xff, 0xff, 0xff, 0xff,
    0xfa, 0x10, 0x7f, 0xff, 0xff, 0x70, 0x1b, 0xff,
    0xff, 0xff, 0xff, 0xff, 0xff, 0xff, 0xff, 0xfd,
    0x20, 0x2a, 0xea, 0x20, 0x3e, 0xff, 0xff, 0xff,
    0xff, 0xff, 0xff, 0xff, 0xff, 0xff, 0xff, 0x70,
    0x0, 0x0, 0x8f, 0xff, 0xff, 0xff, 0xff, 0xff,
    0xff, 0xff, 0xff, 0xff, 0xff, 0xff, 0xe9, 0x79,
    0xef, 0xff, 0xff, 0xff, 0xff, 0xff, 0xff, 0xff,
    0xff, 0xff, 0xff, 0xff, 0xff, 0xff, 0xff, 0xff,
    0xff, 0xff, 0xff, 0xff, 0xff, 0xff, 0xff, 0xff,
    0xff, 0xff, 0xff, 0xff, 0xff, 0xff, 0xff, 0xff,
    0xff, 0xff, 0xff, 0xff, 0xff, 0xff, 0xff, 0xff,
    0xff, 0xff, 0xff, 0xff, 0xff, 0xff, 0xff, 0xff,
    0xff, 0xff, 0xaf, 0xff, 0xff, 0xff, 0xff, 0xff,
    0xff, 0xff, 0xff, 0xff, 0xff, 0xff, 0xff, 0xff,
    0xa1, 0xaf, 0xff, 0xff, 0xff, 0xff, 0xff, 0xff,
    0xff, 0xff, 0xff, 0xff, 0xff, 0xff, 0xa1,

    /* U+F0E7 "" */
    0x0, 0x2, 0x55, 0x55, 0x55, 0x55, 0x40, 0x0,
    0x0, 0x0, 0x0, 0x1f, 0xff, 0xff, 0xff, 0xff,
    0xf8, 0x0, 0x0, 0x0, 0x0, 0x4f, 0xff, 0xff,
    0xff, 0xff, 0xf8, 0x0, 0x0, 0x0, 0x0, 0x6f,
    0xff, 0xff, 0xff, 0xff, 0xf4, 0x0, 0x0, 0x0,
    0x0, 0x8f, 0xff, 0xff, 0xff, 0xff, 0xe0, 0x0,
    0x0, 0x0, 0x0, 0xaf, 0xff, 0xff, 0xff, 0xff,
    0x90, 0x0, 0x0, 0x0, 0x0, 0xdf, 0xff, 0xff,
    0xff, 0xff, 0x40, 0x0, 0x0, 0x0, 0x0, 0xff,
    0xff, 0xff, 0xff, 0xfe, 0x0, 0x0, 0x0, 0x0,
    0x1, 0xff, 0xff, 0xff, 0xff, 0xfa, 0x0, 0x0,
    0x0, 0x0, 0x3, 0xff, 0xff, 0xff, 0xff, 0xf8,
    0x44, 0x44, 0x44, 0x10, 0x5, 0xff, 0xff, 0xff,
    0xff, 0xff, 0xff, 0xff, 0xff, 0xe0, 0x7, 0xff,
    0xff, 0xff, 0xff, 0xff, 0xff, 0xff, 0xff, 0xf0,
    0x9, 0xff, 0xff, 0xff, 0xff, 0xff, 0xff, 0xff,
    0xff, 0x80, 0xb, 0xff, 0xff, 0xff, 0xff, 0xff,
    0xff, 0xff, 0xfe, 0x0, 0xe, 0xff, 0xff, 0xff,
    0xff, 0xff, 0xff, 0xff, 0xf5, 0x0, 0xf, 0xff,
    0xff, 0xff, 0xff, 0xff, 0xff, 0xff, 0xc0, 0x0,
    0x8, 0xef, 0xff, 0xff, 0xff, 0xff, 0xff, 0xff,
    0x30, 0x0, 0x0, 0x0, 0x0, 0x0, 0xf, 0xff,
    0xff, 0xf9, 0x0, 0x0, 0x0, 0x0, 0x0, 0x0,
    0x4f, 0xff, 0xff, 0xf1, 0x0, 0x0, 0x0, 0x0,
    0x0, 0x0, 0x8f, 0xff, 0xff, 0x70, 0x0, 0x0,
    0x0, 0x0, 0x0, 0x0, 0xbf, 0xff, 0xfd, 0x0,
    0x0, 0x0, 0x0, 0x0, 0x0, 0x0, 0xff, 0xff,
    0xf4, 0x0, 0x0, 0x0, 0x0, 0x0, 0x0, 0x3,
    0xff, 0xff, 0xb0, 0x0, 0x0, 0x0, 0x0, 0x0,
    0x0, 0x7, 0xff, 0xff, 0x20, 0x0, 0x0, 0x0,
    0x0, 0x0, 0x0, 0xb, 0xff, 0xf9, 0x0, 0x0,
    0x0, 0x0, 0x0, 0x0, 0x0, 0xe, 0xff, 0xe1,
    0x0, 0x0, 0x0, 0x0, 0x0, 0x0, 0x0, 0x2f,
    0xff, 0x60, 0x0, 0x0, 0x0, 0x0, 0x0, 0x0,
    0x0, 0x6f, 0xfd, 0x0, 0x0, 0x0, 0x0, 0x0,
    0x0, 0x0, 0x0, 0x7f, 0xf4, 0x0, 0x0, 0x0,
    0x0, 0x0, 0x0, 0x0, 0x0, 0x18, 0x50, 0x0,
    0x0, 0x0, 0x0, 0x0,

    /* U+F0EA "" */
    0x0, 0x0, 0x0, 0x1, 0x45, 0x10, 0x0, 0x0,
    0x0, 0x0, 0x0, 0x0, 0x0, 0x0, 0x0, 0x0,
    0x4f, 0xff, 0xf6, 0x0, 0x0, 0x0, 0x0, 0x0,
    0x0, 0x0, 0x38, 0x99, 0x99, 0xff, 0xff, 0xff,
    0x99, 0x99, 0x84, 0x0, 0x0, 0x0, 0x0, 0xef,
    0xff, 0xff, 0xfe, 0x10, 0xdf, 0xff, 0xff, 0xff,
    0x10, 0x0, 0x0, 0x0, 0xff, 0xff, 0xff, 0xfc,
    0x0, 0xaf, 0xff, 0xff, 0xff, 0x20, 0x0, 0x0,
    0x0, 0xff, 0xff, 0xff, 0xff, 0x77, 0xff, 0xff,
    0xff, 0xff, 0x20, 0x0, 0x0, 0x0, 0xff, 0xff,
    0xff, 0xff, 0xff, 0xff, 0xff, 0xff, 0xff, 0x20,
    0x0, 0x0, 0x0, 0xff, 0xff, 0xff, 0xff, 0xff,
    0xff, 0xff, 0xff, 0xff, 0x10, 0x0, 0x0, 0x0,
    0xff, 0xff, 0xff, 0xff, 0xa2, 0x0, 0x0, 0x0,
    0x0, 0x0, 0x0, 0x0, 0x0, 0xff, 0xff, 0xff,
    0xfc, 0x0, 0x45, 0x55, 0x55, 0x55, 0x0, 0x40,
    0x0, 0x0, 0xff, 0xff, 0xff, 0xf5, 0xc, 0xff,
    0xff, 0xff, 0xff, 0x21, 0xfa, 0x0, 0x0, 0xff,
    0xff, 0xff, 0xf4, 0xe, 0xff, 0xff, 0xff, 0xff,
    0x21, 0xff, 0xa0, 0x0, 0xff, 0xff, 0xff, 0xf4,
    0xf, 0xff, 0xff, 0xff, 0xff, 0x21, 0xff, 0xfa,
    0x0, 0xff, 0xff, 0xff, 0xf4, 0xf, 0xff, 0xff,
    0xff, 0xff, 0x21, 0xff, 0xff, 0xa0, 0xff, 0xff,
    0xff, 0xf4, 0xf, 0xff, 0xff, 0xff, 0xff, 0x21,
    0xff, 0xff, 0xf4, 0xff, 0xff, 0xff, 0xf4, 0xf,
    0xff, 0xff, 0xff, 0xff, 0x20, 0x22, 0x22, 0x20,
    0xff, 0xff, 0xff, 0xf4, 0xf, 0xff, 0xff, 0xff,
    0xff, 0x81, 0x0, 0x0, 0x0, 0xff, 0xff, 0xff,
    0xf4, 0xf, 0xff, 0xff, 0xff, 0xff, 0xff, 0xff,
    0xff, 0xf6, 0xff, 0xff, 0xff, 0xf4, 0xf, 0xff,
    0xff, 0xff, 0xff, 0xff, 0xff, 0xff, 0xf6, 0xff,
    0xff, 0xff, 0xf4, 0xf, 0xff, 0xff, 0xff, 0xff,
    0xff, 0xff, 0xff, 0xf6, 0xff, 0xff, 0xff, 0xf4,
    0xf, 0xff, 0xff, 0xff, 0xff, 0xff, 0xff, 0xff,
    0xf6, 0xff, 0xff, 0xff, 0xf4, 0xf, 0xff, 0xff,
    0xff, 0xff, 0xff, 0xff, 0xff, 0xf6, 0xff, 0xff,
    0xff, 0xf4, 0xf, 0xff, 0xff, 0xff, 0xff, 0xff,
    0xff, 0xff, 0xf6, 0xcf, 0xff, 0xff, 0xf4, 0xf,
    0xff, 0xff, 0xff, 0xff, 0xff, 0xff, 0xff, 0xf6,
    0x3, 0x33, 0x33, 0x30, 0xf, 0xff, 0xff, 0xff,
    0xff, 0xff, 0xff, 0xff, 0xf6, 0x0, 0x0, 0x0,
    0x0, 0xf, 0xff, 0xff, 0xff, 0xff, 0xff, 0xff,
    0xff, 0xf6, 0x0, 0x0, 0x0, 0x0, 0xf, 0xff,
    0xff, 0xff, 0xff, 0xff, 0xff, 0xff, 0xf6, 0x0,
    0x0, 0x0, 0x0, 0xf, 0xff, 0xff, 0xff, 0xff,
    0xff, 0xff, 0xff, 0xf6, 0x0, 0x0, 0x0, 0x0,
    0xe, 0xff, 0xff, 0xff, 0xff, 0xff, 0xff, 0xff,
    0xf5, 0x0, 0x0, 0x0, 0x0, 0x4, 0x9a, 0xaa,
    0xaa, 0xaa, 0xaa, 0xaa, 0xaa, 0x70,

    /* U+F0F3 "" */
    0x0, 0x0, 0x0, 0x0, 0x0, 0x1, 0x74, 0x0,
    0x0, 0x0, 0x0, 0x0, 0x0, 0x0, 0x0, 0x0,
    0x0, 0x0, 0xd, 0xff, 0x30, 0x0, 0x0, 0x0,
    0x0, 0x0, 0x0, 0x0, 0x0, 0x0, 0x0, 0x1f,
    0xff, 0x70, 0x0, 0x0, 0x0, 0x0, 0x0, 0x0,
    0x0, 0x0, 0x0, 0x1, 0x7f, 0xff, 0xb3, 0x0,
    0x0, 0x0, 0x0, 0x0, 0x0, 0x0, 0x0, 0x2,
    0xaf, 0xff, 0xff, 0xff, 0xd4, 0x0, 0x0, 0x0,
    0x0, 0x0, 0x0, 0x0, 0x5f, 0xff, 0xff, 0xff,
    0xff, 0xff, 0x90, 0x0, 0x0, 0x0, 0x0, 0x0,
    0x4, 0xff, 0xff, 0xff, 0xff, 0xff, 0xff, 0xf9,
    0x0, 0x0, 0x0, 0x0, 0x0, 0x1e, 0xff, 0xff,
    0xff, 0xff, 0xff, 0xff, 0xff, 0x50, 0x0, 0x0,
    0x0, 0x0, 0x8f, 0xff, 0xff, 0xff, 0xff, 0xff,
    0xff, 0xff, 0xe0, 0x0, 0x0, 0x0, 0x0, 0xef,
    0xff, 0xff, 0xff, 0xff, 0xff, 0xff, 0xff, 0xf4,
    0x0, 0x0, 0x0, 0x3, 0xff, 0xff, 0xff, 0xff,
    0xff, 0xff, 0xff, 0xff, 0xf8, 0x0, 0x0, 0x0,
    0x5, 0xff, 0xff, 0xff, 0xff, 0xff, 0xff, 0xff,
    0xff, 0xfa, 0x0, 0x0, 0x0, 0x6, 0xff, 0xff,
    0xff, 0xff, 0xff, 0xff, 0xff, 0xff, 0xfc, 0x0,
    0x0, 0x0, 0x7, 0xff, 0xff, 0xff, 0xff, 0xff,
    0xff, 0xff, 0xff, 0xfd, 0x0, 0x0, 0x0, 0x8,
    0xff, 0xff, 0xff, 0xff, 0xff, 0xff, 0xff, 0xff,
    0xfe, 0x0, 0x0, 0x0, 0xb, 0xff, 0xff, 0xff,
    0xff, 0xff, 0xff, 0xff, 0xff, 0xff, 0x10, 0x0,
    0x0, 0xe, 0xff, 0xff, 0xff, 0xff, 0xff, 0xff,
    0xff, 0xff, 0xff, 0x40, 0x0, 0x0, 0x3f, 0xff,
    0xff, 0xff, 0xff, 0xff, 0xff, 0xff, 0xff, 0xff,
    0x90, 0x0, 0x0, 0x9f, 0xff, 0xff, 0xff, 0xff,
    0xff, 0xff, 0xff, 0xff, 0xff, 0xe0, 0x0, 0x3,
    0xff, 0xff, 0xff, 0xff, 0xff, 0xff, 0xff, 0xff,
    0xff, 0xff, 0xf9, 0x0, 0x2e, 0xff, 0xff, 0xff,
    0xff, 0xff, 0xff, 0xff, 0xff, 0xff, 0xff, 0xff,
    0x70, 0xcf, 0xff, 0xff, 0xff, 0xff, 0xff, 0xff,
    0xff, 0xff, 0xff, 0xff, 0xff, 0xf2, 0xef, 0xff,
    0xff, 0xff, 0xff, 0xff, 0xff, 0xff, 0xff, 0xff,
    0xff, 0xff, 0xf5, 0x6f, 0xff, 0xff, 0xff, 0xff,
    0xff, 0xff, 0xff, 0xff, 0xff, 0xff, 0xff, 0xb0,
    0x0, 0x0, 0x0, 0x0, 0x0, 0x0, 0x0, 0x0,
    0x0, 0x0, 0x0, 0x0, 0x0, 0x0, 0x0, 0x0,
    0x0, 0x0, 0x0, 0x0, 0x0, 0x0, 0x0, 0x0,
    0x0, 0x0, 0x0, 0x0, 0x0, 0x0, 0xe, 0xff,
    0xff, 0xff, 0x40, 0x0, 0x0, 0x0, 0x0, 0x0,
    0x0, 0x0, 0x0, 0x9, 0xff, 0xff, 0xfe, 0x0,
    0x0, 0x0, 0x0, 0x0, 0x0, 0x0, 0x0, 0x0,
    0x1, 0xdf, 0xff, 0xf4, 0x0, 0x0, 0x0, 0x0,
    0x0, 0x0, 0x0, 0x0, 0x0, 0x0, 0x6, 0x98,
    0x20, 0x0, 0x0, 0x0, 0x0, 0x0,

    /* U+F11C "" */
    0x5, 0x9a, 0xaa, 0xaa, 0xaa, 0xaa, 0xaa, 0xaa,
    0xaa, 0xaa, 0xaa, 0xaa, 0xaa, 0xaa, 0xaa, 0x82,
    0x7, 0xff, 0xff, 0xff, 0xff, 0xff, 0xff, 0xff,
    0xff, 0xff, 0xff, 0xff, 0xff, 0xff, 0xff, 0xff,
    0xf2, 0xef, 0xff, 0xff, 0xff, 0xff, 0xff, 0xff,
    0xff, 0xff, 0xff, 0xff, 0xff, 0xff, 0xff, 0xff,
    0xff, 0x8f, 0xff, 0xff, 0xff, 0xff, 0xff, 0xff,
    0xff, 0xff, 0xff, 0xff, 0xff, 0xff, 0xff, 0xff,
    0xff, 0xf9, 0xff, 0xfb, 0x0, 0xd, 0xf2, 0x0,
    0x2f, 0xc0, 0x0, 0xef, 0x0, 0xb, 0xf3, 0x0,
    0x1f, 0xff, 0xaf, 0xff, 0xa0, 0x0, 0xcf, 0x10,
    0x1, 0xfb, 0x0, 0xe, 0xf0, 0x0, 0xaf, 0x20,
    0x0, 0xff, 0xfa, 0xff, 0xfa, 0x0, 0xc, 0xf1,
    0x0, 0x1f, 0xb0, 0x0, 0xef, 0x0, 0xa, 0xf2,
    0x0, 0xf, 0xff, 0xaf, 0xff, 0xfb, 0xbb, 0xff,
    0xdb, 0xbd, 0xff, 0xbb, 0xcf, 0xfc, 0xbb, 0xff,
    0xdb, 0xbc, 0xff, 0xfa, 0xff, 0xff, 0xff, 0xff,
    0xff, 0xff, 0xff, 0xff, 0xff, 0xff, 0xff, 0xff,
    0xff, 0xff, 0xff, 0xff, 0xaf, 0xff, 0xff, 0xf8,
    0x11, 0x3f, 0xf2, 0x11, 0x9f, 0x71, 0x16, 0xfa,
    0x11, 0x1d, 0xff, 0xff, 0xfa, 0xff, 0xff, 0xff,
    0x50, 0x0, 0xff, 0x0, 0x6, 0xf4, 0x0, 0x3f,
    0x80, 0x0, 0xbf, 0xff, 0xff, 0xaf, 0xff, 0xff,
    0xf5, 0x0, 0xf, 0xf0, 0x0, 0x6f, 0x40, 0x3,
    0xf8, 0x0, 0xb, 0xff, 0xff, 0xfa, 0xff, 0xff,
    0xff, 0x80, 0x2, 0xff, 0x20, 0x9, 0xf7, 0x0,
    0x5f, 0xa0, 0x1, 0xdf, 0xff, 0xff, 0xaf, 0xff,
    0xff, 0xff, 0xff, 0xff, 0xff, 0xff, 0xff, 0xff,
    0xff, 0xff, 0xff, 0xff, 0xff, 0xff, 0xfa, 0xff,
    0xff, 0xcc, 0xcf, 0xfd, 0xcc, 0xcc, 0xcc, 0xcc,
    0xcc, 0xcc, 0xcf, 0xfe, 0xcc, 0xdf, 0xff, 0xaf,
    0xff, 0xa0, 0x0, 0xcf, 0x10, 0x0, 0x0, 0x0,
    0x0, 0x0, 0x0, 0xbf, 0x30, 0x0, 0xff, 0xfa,
    0xff, 0xfa, 0x0, 0xc, 0xf1, 0x0, 0x0, 0x0,
    0x0, 0x0, 0x0, 0xa, 0xf2, 0x0, 0xf, 0xff,
    0xaf, 0xff, 0xa0, 0x0, 0xcf, 0x10, 0x0, 0x0,
    0x0, 0x0, 0x0, 0x0, 0xaf, 0x20, 0x0, 0xff,
    0xfa, 0xff, 0xff, 0xaa, 0xaf, 0xfb, 0xaa, 0xaa,
    0xaa, 0xaa, 0xaa, 0xaa, 0xaf, 0xfc, 0xaa, 0xbf,
    0xff, 0xaf, 0xff, 0xff, 0xff, 0xff, 0xff, 0xff,
    0xff, 0xff, 0xff, 0xff, 0xff, 0xff, 0xff, 0xff,
    0xff, 0xf9, 0xaf, 0xff, 0xff, 0xff, 0xff, 0xff,
    0xff, 0xff, 0xff, 0xff, 0xff, 0xff, 0xff, 0xff,
    0xff, 0xff, 0x41, 0xaf, 0xff, 0xff, 0xff, 0xff,
    0xff, 0xff, 0xff, 0xff, 0xff, 0xff, 0xff, 0xff,
    0xff, 0xfe, 0x60,

    /* U+F124 "" */
    0x0, 0x0, 0x0, 0x0, 0x0, 0x0, 0x0, 0x0,
    0x0, 0x0, 0x0, 0x0, 0x0, 0x35, 0x0, 0x0,
    0x0, 0x0, 0x0, 0x0, 0x0, 0x0, 0x0, 0x0,
    0x0, 0x0, 0x0, 0x5, 0xdf, 0xfe, 0x20, 0x0,
    0x0, 0x0, 0x0, 0x0, 0x0, 0x0, 0x0, 0x0,
    0x0, 0x0, 0x7e, 0xff, 0xff, 0xfc, 0x0, 0x0,
    0x0, 0x0, 0x0, 0x0, 0x0, 0x0, 0x0, 0x0,
    0x18, 0xff, 0xff, 0xff, 0xff, 0xf0, 0x0, 0x0,
    0x0, 0x0, 0x0, 0x0, 0x0, 0x0, 0x2, 0x9f,
    0xff, 0xff, 0xff, 0xff, 0xfb, 0x0, 0x0, 0x0,
    0x0, 0x0, 0x0, 0x0, 0x0, 0x3b, 0xff, 0xff,
    0xff, 0xff, 0xff, 0xff, 0x40, 0x0, 0x0, 0x0,
    0x0, 0x0, 0x0, 0x5, 0xcf, 0xff, 0xff, 0xff,
    0xff, 0xff, 0xff, 0xd0, 0x0, 0x0, 0x0, 0x0,
    0x0, 0x0, 0x6d, 0xff, 0xff, 0xff, 0xff, 0xff,
    0xff, 0xff, 0xf5, 0x0, 0x0, 0x0, 0x0, 0x0,
    0x17, 0xef, 0xff, 0xff, 0xff, 0xff, 0xff, 0xff,
    0xff, 0xfe, 0x0, 0x0, 0x0, 0x0, 0x1, 0x8f,
    0xff, 0xff, 0xff, 0xff, 0xff, 0xff, 0xff, 0xff,
    0xff, 0x70, 0x0, 0x0, 0x0, 0x2a, 0xff, 0xff,
    0xff, 0xff, 0xff, 0xff, 0xff, 0xff, 0xff, 0xff,
    0xe0, 0x0, 0x0, 0x3, 0xbf, 0xff, 0xff, 0xff,
    0xff, 0xff, 0xff, 0xff, 0xff, 0xff, 0xff, 0xf8,
    0x0, 0x0, 0x5, 0xff, 0xff, 0xff, 0xff, 0xff,
    0xff, 0xff, 0xff, 0xff, 0xff, 0xff, 0xff, 0x10,
    0x0, 0x0, 0xef, 0xff, 0xff, 0xff, 0xff, 0xff,
    0xff, 0xff, 0xff, 0xff, 0xff, 0xff, 0x90, 0x0,
    0x0, 0xf, 0xff, 0xff, 0xff, 0xff, 0xff, 0xff,
    0xff, 0xff, 0xff, 0xff, 0xff, 0xf2, 0x0, 0x0,
    0x0, 0xaf, 0xff, 0xff, 0xff, 0xff, 0xff, 0xff,
    0xff, 0xff, 0xff, 0xff, 0xfb, 0x0, 0x0, 0x0,
    0x1, 0xae, 0xff, 0xff, 0xff, 0xff, 0xff, 0xff,
    0xff, 0xff, 0xff, 0xff, 0x30, 0x0, 0x0, 0x0,
    0x0, 0x0, 0x0, 0x0, 0x0, 0x0, 0x5f, 0xff,
    0xff, 0xff, 0xff, 0xc0, 0x0, 0x0, 0x0, 0x0,
    0x0, 0x0, 0x0, 0x0, 0x0, 0x5, 0xff, 0xff,
    0xff, 0xff, 0xf4, 0x0, 0x0, 0x0, 0x0, 0x0,
    0x0, 0x0, 0x0, 0x0, 0x0, 0x5f, 0xff, 0xff,
    0xff, 0xfd, 0x0, 0x0, 0x0, 0x0, 0x0, 0x0,
    0x0, 0x0, 0x0, 0x0, 0x5, 0xff, 0xff, 0xff,
    0xff, 0x60, 0x0, 0x0, 0x0, 0x0, 0x0, 0x0,
    0x0, 0x0, 0x0, 0x0, 0x5f, 0xff, 0xff, 0xff,
    0xe0, 0x0, 0x0, 0x0, 0x0, 0x0, 0x0, 0x0,
    0x0, 0x0, 0x0, 0x5, 0xff, 0xff, 0xff, 0xf7,
    0x0, 0x0, 0x0, 0x0, 0x0, 0x0, 0x0, 0x0,
    0x0, 0x0, 0x0, 0x5f, 0xff, 0xff, 0xff, 0x10,
    0x0, 0x0, 0x0, 0x0, 0x0, 0x0, 0x0, 0x0,
    0x0, 0x0, 0x5, 0xff, 0xff, 0xff, 0x80, 0x0,
    0x0, 0x0, 0x0, 0x0, 0x0, 0x0, 0x0, 0x0,
    0x0, 0x0, 0x5f, 0xff, 0xff, 0xf1, 0x0, 0x0,
    0x0, 0x0, 0x0, 0x0, 0x0, 0x0, 0x0, 0x0,
    0x0, 0x4, 0xff, 0xff, 0xfa, 0x0, 0x0, 0x0,
    0x0, 0x0, 0x0, 0x0, 0x0, 0x0, 0x0, 0x0,
    0x0, 0x3f, 0xff, 0xff, 0x20, 0x0, 0x0, 0x0,
    0x0, 0x0, 0x0, 0x0, 0x0, 0x0, 0x0, 0x0,
    0x0, 0xbf, 0xff, 0x90, 0x0, 0x0, 0x0, 0x0,
    0x0, 0x0, 0x0, 0x0, 0x0, 0x0, 0x0, 0x0,
    0x0, 0x79, 0x50, 0x0, 0x0, 0x0, 0x0, 0x0,
    0x0,

    /* U+F15B "" */
    0x14, 0x44, 0x44, 0x44, 0x44, 0x44, 0x30, 0x12,
    0x0, 0x0, 0x0, 0xdf, 0xff, 0xff, 0xff, 0xff,
    0xff, 0xb0, 0x5f, 0x60, 0x0, 0x0, 0xff, 0xff,
    0xff, 0xff, 0xff, 0xff, 0xb0, 0x5f, 0xf6, 0x0,
    0x0, 0xff, 0xff, 0xff, 0xff, 0xff, 0xff, 0xb0,
    0x5f, 0xff, 0x60, 0x0, 0xff, 0xff, 0xff, 0xff,
    0xff, 0xff, 0xb0, 0x5f, 0xff, 0xf6, 0x0, 0xff,
    0xff, 0xff, 0xff, 0xff, 0xff, 0xb0, 0x5f, 0xff,
    0xff, 0x60, 0xff, 0xff, 0xff, 0xff, 0xff, 0xff,
    0xb0, 0x5f, 0xff, 0xff, 0xf5, 0xff, 0xff, 0xff,
    0xff, 0xff, 0xff, 0xb0, 0x5f, 0xff, 0xff, 0xfd,
    0xff, 0xff, 0xff, 0xff, 0xff, 0xff, 0xb0, 0x0,
    0x0, 0x0, 0x0, 0xff, 0xff, 0xff, 0xff, 0xff,
    0xff, 0xf4, 0x11, 0x11, 0x11, 0x11, 0xff, 0xff,
    0xff, 0xff, 0xff, 0xff, 0xff, 0xff, 0xff, 0xff,
    0xfe, 0xff, 0xff, 0xff, 0xff, 0xff, 0xff, 0xff,
    0xff, 0xff, 0xff, 0xfe, 0xff, 0xff, 0xff, 0xff,
    0xff, 0xff, 0xff, 0xff, 0xff, 0xff, 0xfe, 0xff,
    0xff, 0xff, 0xff, 0xff, 0xff, 0xff, 0xff, 0xff,
    0xff, 0xfe, 0xff, 0xff, 0xff, 0xff, 0xff, 0xff,
    0xff, 0xff, 0xff, 0xff, 0xfe, 0xff, 0xff, 0xff,
    0xff, 0xff, 0xff, 0xff, 0xff, 0xff, 0xff, 0xfe,
    0xff, 0xff, 0xff, 0xff, 0xff, 0xff, 0xff, 0xff,
    0xff, 0xff, 0xfe, 0xff, 0xff, 0xff, 0xff, 0xff,
    0xff, 0xff, 0xff, 0xff, 0xff, 0xfe, 0xff, 0xff,
    0xff, 0xff, 0xff, 0xff, 0xff, 0xff, 0xff, 0xff,
    0xfe, 0xff, 0xff, 0xff, 0xff, 0xff, 0xff, 0xff,
    0xff, 0xff, 0xff, 0xfe, 0xff, 0xff, 0xff, 0xff,
    0xff, 0xff, 0xff, 0xff, 0xff, 0xff, 0xfe, 0xff,
    0xff, 0xff, 0xff, 0xff, 0xff, 0xff, 0xff, 0xff,
    0xff, 0xfe, 0xff, 0xff, 0xff, 0xff, 0xff, 0xff,
    0xff, 0xff, 0xff, 0xff, 0xfe, 0xff, 0xff, 0xff,
    0xff, 0xff, 0xff, 0xff, 0xff, 0xff, 0xff, 0xfe,
    0xff, 0xff, 0xff, 0xff, 0xff, 0xff, 0xff, 0xff,
    0xff, 0xff, 0xfe, 0xff, 0xff, 0xff, 0xff, 0xff,
    0xff, 0xff, 0xff, 0xff, 0xff, 0xfe, 0xff, 0xff,
    0xff, 0xff, 0xff, 0xff, 0xff, 0xff, 0xff, 0xff,
    0xfe, 0xff, 0xff, 0xff, 0xff, 0xff, 0xff, 0xff,
    0xff, 0xff, 0xff, 0xfe, 0xff, 0xff, 0xff, 0xff,
    0xff, 0xff, 0xff, 0xff, 0xff, 0xff, 0xfe, 0x7d,
    0xdd, 0xdd, 0xdd, 0xdd, 0xdd, 0xdd, 0xdd, 0xdd,
    0xdd, 0xd6,

    /* U+F1EB "" */
    0x0, 0x0, 0x0, 0x0, 0x0, 0x0, 0x0, 0x0,
    0x0, 0x0, 0x0, 0x0, 0x0, 0x0, 0x0, 0x0,
    0x0, 0x0, 0x0, 0x0, 0x0, 0x0, 0x0, 0x0,
    0x0, 0x25, 0x67, 0x89, 0x87, 0x52, 0x0, 0x0,
    0x0, 0x0, 0x0, 0x0, 0x0, 0x0, 0x0, 0x0,
    0x0, 0x1, 0x6b, 0xff, 0xff, 0xff, 0xff, 0xff,
    0xff, 0xc8, 0x20, 0x0, 0x0, 0x0, 0x0, 0x0,
    0x0, 0x0, 0x0, 0x5c, 0xff, 0xff, 0xff, 0xff,
    0xff, 0xff, 0xff, 0xff, 0xff, 0xd7, 0x0, 0x0,
    0x0, 0x0, 0x0, 0x0, 0x5, 0xdf, 0xff, 0xff,
    0xff, 0xff, 0xff, 0xff, 0xff, 0xff, 0xff, 0xff,
    0xfe, 0x80, 0x0, 0x0, 0x0, 0x0, 0x2b, 0xff,
    0xff, 0xff, 0xff, 0xff, 0xff, 0xff, 0xff, 0xff,
    0xff, 0xff, 0xff, 0xff, 0xd4, 0x0, 0x0, 0x0,
    0x6f, 0xff, 0xff, 0xff, 0xff, 0xa7, 0x42, 0x0,
    0x0, 0x13, 0x69, 0xef, 0xff, 0xff, 0xff, 0xf9,
    0x0, 0x0, 0x9f, 0xff, 0xff, 0xff, 0xb4, 0x0,
    0x0, 0x0, 0x0, 0x0, 0x0, 0x0, 0x39, 0xff,
    0xff, 0xff, 0xfc, 0x10, 0xbf, 0xff, 0xff, 0xfb,
    0x20, 0x0, 0x0, 0x0, 0x0, 0x0, 0x0, 0x0,
    0x0, 0x1, 0x9f, 0xff, 0xff, 0xfe, 0x1c, 0xff,
    0xff, 0xe4, 0x0, 0x0, 0x0, 0x0, 0x0, 0x0,
    0x0, 0x0, 0x0, 0x0, 0x0, 0x2c, 0xff, 0xff,
    0xf1, 0x1d, 0xff, 0xb1, 0x0, 0x0, 0x0, 0x0,
    0x24, 0x67, 0x76, 0x52, 0x0, 0x0, 0x0, 0x0,
    0x8, 0xff, 0xf3, 0x0, 0x1c, 0x90, 0x0, 0x0,
    0x0, 0x39, 0xef, 0xff, 0xff, 0xff, 0xff, 0xa5,
    0x0, 0x0, 0x0, 0x6, 0xd3, 0x0, 0x0, 0x0,
    0x0, 0x0, 0x3, 0xcf, 0xff, 0xff, 0xff, 0xff,
    0xff, 0xff, 0xfe, 0x60, 0x0, 0x0, 0x0, 0x0,
    0x0, 0x0, 0x0, 0x0, 0x9, 0xff, 0xff, 0xff,
    0xff, 0xff, 0xff, 0xff, 0xff, 0xff, 0xc2, 0x0,
    0x0, 0x0, 0x0, 0x0, 0x0, 0x0, 0x2d, 0xff,
    0xff, 0xff, 0xff, 0xff, 0xff, 0xff, 0xff, 0xff,
    0xff, 0xf4, 0x0, 0x0, 0x0, 0x0, 0x0, 0x0,
    0x9, 0xff, 0xff, 0xff, 0xd9, 0x52, 0x11, 0x24,
    0x8c, 0xff, 0xff, 0xff, 0xd0, 0x0, 0x0, 0x0,
    0x0, 0x0, 0x0, 0x2e, 0xff, 0xfd, 0x50, 0x0,
    0x0, 0x0, 0x0, 0x3, 0xbf, 0xff, 0xf4, 0x0,
    0x0, 0x0, 0x0, 0x0, 0x0, 0x0, 0x2e, 0xf9,
    0x0, 0x0, 0x0, 0x0, 0x0, 0x0, 0x0, 0x6f,
    0xf5, 0x0, 0x0, 0x0, 0x0, 0x0, 0x0, 0x0,
    0x0, 0x13, 0x0, 0x0, 0x0, 0x0, 0x0, 0x0,
    0x0, 0x0, 0x23, 0x0, 0x0, 0x0, 0x0, 0x0,
    0x0, 0x0, 0x0, 0x0, 0x0, 0x0, 0x0, 0x1,
    0x55, 0x20, 0x0, 0x0, 0x0, 0x0, 0x0, 0x0,
    0x0, 0x0, 0x0, 0x0, 0x0, 0x0, 0x0, 0x0,
    0x0, 0x4, 0xff, 0xff, 0x70, 0x0, 0x0, 0x0,
    0x0, 0x0, 0x0, 0x0, 0x0, 0x0, 0x0, 0x0,
    0x0, 0x0, 0x0, 0x1, 0xff, 0xff, 0xff, 0x40,
    0x0, 0x0, 0x0, 0x0, 0x0, 0x0, 0x0, 0x0,
    0x0, 0x0, 0x0, 0x0, 0x0, 0x0, 0x6f, 0xff,
    0xff, 0xfa, 0x0, 0x0, 0x0, 0x0, 0x0, 0x0,
    0x0, 0x0, 0x0, 0x0, 0x0, 0x0, 0x0, 0x0,
    0x7, 0xff, 0xff, 0xff, 0xb0, 0x0, 0x0, 0x0,
    0x0, 0x0, 0x0, 0x0, 0x0, 0x0, 0x0, 0x0,
    0x0, 0x0, 0x0, 0x4f, 0xff, 0xff, 0xf8, 0x0,
    0x0, 0x0, 0x0, 0x0, 0x0, 0x0, 0x0, 0x0,
    0x0, 0x0, 0x0, 0x0, 0x0, 0x0, 0xbf, 0xff,
    0xfd, 0x10, 0x0, 0x0, 0x0, 0x0, 0x0, 0x0,
    0x0, 0x0, 0x0, 0x0, 0x0, 0x0, 0x0, 0x0,
    0x0, 0x7c, 0xd9, 0x10, 0x0, 0x0, 0x0, 0x0,
    0x0, 0x0, 0x0, 0x0,

    /* U+F240 "" */
    0x19, 0xef, 0xff, 0xff, 0xff, 0xff, 0xff, 0xff,
    0xff, 0xff, 0xff, 0xff, 0xff, 0xff, 0xff, 0xfe,
    0xb2, 0x0, 0xa, 0xff, 0xff, 0xff, 0xff, 0xff,
    0xff, 0xff, 0xff, 0xff, 0xff, 0xff, 0xff, 0xff,
    0xff, 0xff, 0xff, 0xd0, 0x0, 0xff, 0xff, 0xff,
    0xff, 0xff, 0xff, 0xff, 0xff, 0xff, 0xff, 0xff,
    0xff, 0xff, 0xff, 0xff, 0xff, 0xff, 0x30, 0xf,
    0xff, 0xea, 0xaa, 0xaa, 0xaa, 0xaa, 0xaa, 0xaa,
    0xaa, 0xaa, 0xaa, 0xaa, 0xaa, 0xaa, 0xac, 0xff,
    0xf7, 0x10, 0xff, 0xfa, 0x0, 0x0, 0x0, 0x0,
    0x0, 0x0, 0x0, 0x0, 0x0, 0x0, 0x0, 0x0,
    0x0, 0x5f, 0xff, 0xfe, 0xf, 0xff, 0xa0, 0x24,
    0x44, 0x44, 0x44, 0x44, 0x44, 0x44, 0x44, 0x44,
    0x44, 0x44, 0x44, 0x5, 0xff, 0xff, 0xf1, 0xff,
    0xfa, 0x9, 0xff, 0xff, 0xff, 0xff, 0xff, 0xff,
    0xff, 0xff, 0xff, 0xff, 0xff, 0xf0, 0x5f, 0xff,
    0xff, 0x1f, 0xff, 0xa0, 0x9f, 0xff, 0xff, 0xff,
    0xff, 0xff, 0xff, 0xff, 0xff, 0xff, 0xff, 0xff,
    0x1, 0x4a, 0xff, 0xf1, 0xff, 0xfa, 0x9, 0xff,
    0xff, 0xff, 0xff, 0xff, 0xff, 0xff, 0xff, 0xff,
    0xff, 0xff, 0xf0, 0x0, 0x8f, 0xff, 0x1f, 0xff,
    0xa0, 0x9f, 0xff, 0xff, 0xff, 0xff, 0xff, 0xff,
    0xff, 0xff, 0xff, 0xff, 0xff, 0x0, 0x8, 0xff,
    0xf1, 0xff, 0xfa, 0x9, 0xff, 0xff, 0xff, 0xff,
    0xff, 0xff, 0xff, 0xff, 0xff, 0xff, 0xff, 0xf0,
    0x13, 0xaf, 0xff, 0x1f, 0xff, 0xa0, 0x9f, 0xff,
    0xff, 0xff, 0xff, 0xff, 0xff, 0xff, 0xff, 0xff,
    0xff, 0xff, 0x5, 0xff, 0xff, 0xf1, 0xff, 0xfa,
    0x8, 0xff, 0xff, 0xff, 0xff, 0xff, 0xff, 0xff,
    0xff, 0xff, 0xff, 0xff, 0xf0, 0x5f, 0xff, 0xff,
    0x1f, 0xff, 0xa0, 0x0, 0x0, 0x0, 0x0, 0x0,
    0x0, 0x0, 0x0, 0x0, 0x0, 0x0, 0x0, 0x5,
    0xff, 0xff, 0xe0, 0xff, 0xfd, 0x99, 0x99, 0x99,
    0x99, 0x99, 0x99, 0x99, 0x99, 0x99, 0x99, 0x99,
    0x99, 0x99, 0xbf, 0xff, 0x92, 0xf, 0xff, 0xff,
    0xff, 0xff, 0xff, 0xff, 0xff, 0xff, 0xff, 0xff,
    0xff, 0xff, 0xff, 0xff, 0xff, 0xff, 0xf3, 0x0,
    0xbf, 0xff, 0xff, 0xff, 0xff, 0xff, 0xff, 0xff,
    0xff, 0xff, 0xff, 0xff, 0xff, 0xff, 0xff, 0xff,
    0xfe, 0x0, 0x1, 0xbf, 0xff, 0xff, 0xff, 0xff,
    0xff, 0xff, 0xff, 0xff, 0xff, 0xff, 0xff, 0xff,
    0xff, 0xff, 0xfd, 0x30, 0x0, 0x0, 0x0, 0x0,
    0x0, 0x0, 0x0, 0x0, 0x0, 0x0, 0x0, 0x0,
    0x0, 0x0, 0x0, 0x0, 0x0, 0x0, 0x0, 0x0,

    /* U+F241 "" */
    0x19, 0xef, 0xff, 0xff, 0xff, 0xff, 0xff, 0xff,
    0xff, 0xff, 0xff, 0xff, 0xff, 0xff, 0xff, 0xfe,
    0xb2, 0x0, 0xa, 0xff, 0xff, 0xff, 0xff, 0xff,
    0xff, 0xff, 0xff, 0xff, 0xff, 0xff, 0xff, 0xff,
    0xff, 0xff, 0xff, 0xd0, 0x0, 0xff, 0xff, 0xff,
    0xff, 0xff, 0xff, 0xff, 0xff, 0xff, 0xff, 0xff,
    0xff, 0xff, 0xff, 0xff, 0xff, 0xff, 0x30, 0xf,
    0xff, 0xea, 0xaa, 0xaa, 0xaa, 0xaa, 0xaa, 0xaa,
    0xaa, 0xaa, 0xaa, 0xaa, 0xaa, 0xaa, 0xac, 0xff,
    0xf7, 0x10, 0xff, 0xfa, 0x0, 0x0, 0x0, 0x0,
    0x0, 0x0, 0x0, 0x0, 0x0, 0x0, 0x0, 0x0,
    0x0, 0x5f, 0xff, 0xfe, 0xf, 0xff, 0xa0, 0x34,
    0x44, 0x44, 0x44, 0x44, 0x44, 0x44, 0x44, 0x44,
    0x10, 0x0, 0x0, 0x5, 0xff, 0xff, 0xf1, 0xff,
    0xfa, 0xc, 0xff, 0xff, 0xff, 0xff, 0xff, 0xff,
    0xff, 0xff, 0xf5, 0x0, 0x0, 0x0, 0x5f, 0xff,
    0xff, 0x1f, 0xff, 0xa0, 0xcf, 0xff, 0xff, 0xff,
    0xff, 0xff, 0xff, 0xff, 0xff, 0x50, 0x0, 0x0,
    0x1, 0x4a, 0xff, 0xf1, 0xff, 0xfa, 0xc, 0xff,
    0xff, 0xff, 0xff, 0xff, 0xff, 0xff, 0xff, 0xf5,
    0x0, 0x0, 0x0, 0x0, 0x8f, 0xff, 0x1f, 0xff,
    0xa0, 0xcf, 0xff, 0xff, 0xff, 0xff, 0xff, 0xff,
    0xff, 0xff, 0x50, 0x0, 0x0, 0x0, 0x8, 0xff,
    0xf1, 0xff, 0xfa, 0xc, 0xff, 0xff, 0xff, 0xff,
    0xff, 0xff, 0xff, 0xff, 0xf5, 0x0, 0x0, 0x0,
    0x13, 0xaf, 0xff, 0x1f, 0xff, 0xa0, 0xcf, 0xff,
    0xff, 0xff, 0xff, 0xff, 0xff, 0xff, 0xff, 0x50,
    0x0, 0x0, 0x5, 0xff, 0xff, 0xf1, 0xff, 0xfa,
    0xb, 0xff, 0xff, 0xff, 0xff, 0xff, 0xff, 0xff,
    0xff, 0xf5, 0x0, 0x0, 0x0, 0x5f, 0xff, 0xff,
    0x1f, 0xff, 0xa0, 0x0, 0x0, 0x0, 0x0, 0x0,
    0x0, 0x0, 0x0, 0x0, 0x0, 0x0, 0x0, 0x5,
    0xff, 0xff, 0xe0, 0xff, 0xfd, 0x99, 0x99, 0x99,
    0x99, 0x99, 0x99, 0x99, 0x99, 0x99, 0x99, 0x99,
    0x99, 0x99, 0xbf, 0xff, 0x92, 0xf, 0xff, 0xff,
    0xff, 0xff, 0xff, 0xff, 0xff, 0xff, 0xff, 0xff,
    0xff, 0xff, 0xff, 0xff, 0xff, 0xff, 0xf3, 0x0,
    0xbf, 0xff, 0xff, 0xff, 0xff, 0xff, 0xff, 0xff,
    0xff, 0xff, 0xff, 0xff, 0xff, 0xff, 0xff, 0xff,
    0xfe, 0x0, 0x1, 0xbf, 0xff, 0xff, 0xff, 0xff,
    0xff, 0xff, 0xff, 0xff, 0xff, 0xff, 0xff, 0xff,
    0xff, 0xff, 0xfd, 0x30, 0x0, 0x0, 0x0, 0x0,
    0x0, 0x0, 0x0, 0x0, 0x0, 0x0, 0x0, 0x0,
    0x0, 0x0, 0x0, 0x0, 0x0, 0x0, 0x0, 0x0,

    /* U+F242 "" */
    0x19, 0xef, 0xff, 0xff, 0xff, 0xff, 0xff, 0xff,
    0xff, 0xff, 0xff, 0xff, 0xff, 0xff, 0xff, 0xfe,
    0xb2, 0x0, 0xa, 0xff, 0xff, 0xff, 0xff, 0xff,
    0xff, 0xff, 0xff, 0xff, 0xff, 0xff, 0xff, 0xff,
    0xff, 0xff, 0xff, 0xd0, 0x0, 0xff, 0xff, 0xff,
    0xff, 0xff, 0xff, 0xff, 0xff, 0xff, 0xff, 0xff,
    0xff, 0xff, 0xff, 0xff, 0xff, 0xff, 0x30, 0xf,
    0xff, 0xea, 0xaa, 0xaa, 0xaa, 0xaa, 0xaa, 0xaa,
    0xaa, 0xaa, 0xaa, 0xaa, 0xaa, 0xaa, 0xac, 0xff,
    0xf7, 0x10, 0xff, 0xfa, 0x0, 0x0, 0x0, 0x0,
    0x0, 0x0, 0x0, 0x0, 0x0, 0x0, 0x0, 0x0,
    0x0, 0x5f, 0xff, 0xfe, 0xf, 0xff, 0xa0, 0x24,
    0x44, 0x44, 0x44, 0x44, 0x44, 0x40, 0x0, 0x0,
    0x0, 0x0, 0x0, 0x5, 0xff, 0xff, 0xf1, 0xff,
    0xfa, 0x9, 0xff, 0xff, 0xff, 0xff, 0xff, 0xff,
    0x10, 0x0, 0x0, 0x0, 0x0, 0x0, 0x5f, 0xff,
    0xff, 0x1f, 0xff, 0xa0, 0x9f, 0xff, 0xff, 0xff,
    0xff, 0xff, 0xf1, 0x0, 0x0, 0x0, 0x0, 0x0,
    0x1, 0x4a, 0xff, 0xf1, 0xff, 0xfa, 0x9, 0xff,
    0xff, 0xff, 0xff, 0xff, 0xff, 0x10, 0x0, 0x0,
    0x0, 0x0, 0x0, 0x0, 0x8f, 0xff, 0x1f, 0xff,
    0xa0, 0x9f, 0xff, 0xff, 0xff, 0xff, 0xff, 0xf1,
    0x0, 0x0, 0x0, 0x0, 0x0, 0x0, 0x8, 0xff,
    0xf1, 0xff, 0xfa, 0x9, 0xff, 0xff, 0xff, 0xff,
    0xff, 0xff, 0x10, 0x0, 0x0, 0x0, 0x0, 0x0,
    0x13, 0xaf, 0xff, 0x1f, 0xff, 0xa0, 0x9f, 0xff,
    0xff, 0xff, 0xff, 0xff, 0xf1, 0x0, 0x0, 0x0,
    0x0, 0x0, 0x5, 0xff, 0xff, 0xf1, 0xff, 0xfa,
    0x9, 0xff, 0xff, 0xff, 0xff, 0xff, 0xff, 0x10,
    0x0, 0x0, 0x0, 0x0, 0x0, 0x5f, 0xff, 0xff,
    0x1f, 0xff, 0xa0, 0x0, 0x0, 0x0, 0x0, 0x0,
    0x0, 0x0, 0x0, 0x0, 0x0, 0x0, 0x0, 0x5,
    0xff, 0xff, 0xe0, 0xff, 0xfd, 0x99, 0x99, 0x99,
    0x99, 0x99, 0x99, 0x99, 0x99, 0x99, 0x99, 0x99,
    0x99, 0x99, 0xbf, 0xff, 0x92, 0xf, 0xff, 0xff,
    0xff, 0xff, 0xff, 0xff, 0xff, 0xff, 0xff, 0xff,
    0xff, 0xff, 0xff, 0xff, 0xff, 0xff, 0xf3, 0x0,
    0xbf, 0xff, 0xff, 0xff, 0xff, 0xff, 0xff, 0xff,
    0xff, 0xff, 0xff, 0xff, 0xff, 0xff, 0xff, 0xff,
    0xfe, 0x0, 0x1, 0xbf, 0xff, 0xff, 0xff, 0xff,
    0xff, 0xff, 0xff, 0xff, 0xff, 0xff, 0xff, 0xff,
    0xff, 0xff, 0xfd, 0x30, 0x0, 0x0, 0x0, 0x0,
    0x0, 0x0, 0x0, 0x0, 0x0, 0x0, 0x0, 0x0,
    0x0, 0x0, 0x0, 0x0, 0x0, 0x0, 0x0, 0x0,

    /* U+F243 "" */
    0x19, 0xef, 0xff, 0xff, 0xff, 0xff, 0xff, 0xff,
    0xff, 0xff, 0xff, 0xff, 0xff, 0xff, 0xff, 0xfe,
    0xb2, 0x0, 0xa, 0xff, 0xff, 0xff, 0xff, 0xff,
    0xff, 0xff, 0xff, 0xff, 0xff, 0xff, 0xff, 0xff,
    0xff, 0xff, 0xff, 0xd0, 0x0, 0xff, 0xff, 0xff,
    0xff, 0xff, 0xff, 0xff, 0xff, 0xff, 0xff, 0xff,
    0xff, 0xff, 0xff, 0xff, 0xff, 0xff, 0x30, 0xf,
    0xff, 0xea, 0xaa, 0xaa, 0xaa, 0xaa, 0xaa, 0xaa,
    0xaa, 0xaa, 0xaa, 0xaa, 0xaa, 0xaa, 0xac, 0xff,
    0xf7, 0x10, 0xff, 0xfa, 0x0, 0x0, 0x0, 0x0,
    0x0, 0x0, 0x0, 0x0, 0x0, 0x0, 0x0, 0x0,
    0x0, 0x5f, 0xff, 0xfe, 0xf, 0xff, 0xa0, 0x14,
    0x44, 0x44, 0x44, 0x0, 0x0, 0x0, 0x0, 0x0,
    0x0, 0x0, 0x0, 0x5, 0xff, 0xff, 0xf1, 0xff,
    0xfa, 0x5, 0xff, 0xff, 0xff, 0xe0, 0x0, 0x0,
    0x0, 0x0, 0x0, 0x0, 0x0, 0x0, 0x5f, 0xff,
    0xff, 0x1f, 0xff, 0xa0, 0x5f, 0xff, 0xff, 0xfe,
    0x0, 0x0, 0x0, 0x0, 0x0, 0x0, 0x0, 0x0,
    0x1, 0x4a, 0xff, 0xf1, 0xff, 0xfa, 0x5, 0xff,
    0xff, 0xff, 0xe0, 0x0, 0x0, 0x0, 0x0, 0x0,
    0x0, 0x0, 0x0, 0x0, 0x8f, 0xff, 0x1f, 0xff,
    0xa0, 0x5f, 0xff, 0xff, 0xfe, 0x0, 0x0, 0x0,
    0x0, 0x0, 0x0, 0x0, 0x0, 0x0, 0x8, 0xff,
    0xf1, 0xff, 0xfa, 0x5, 0xff, 0xff, 0xff, 0xe0,
    0x0, 0x0, 0x0, 0x0, 0x0, 0x0, 0x0, 0x0,
    0x13, 0xaf, 0xff, 0x1f, 0xff, 0xa0, 0x5f, 0xff,
    0xff, 0xfe, 0x0, 0x0, 0x0, 0x0, 0x0, 0x0,
    0x0, 0x0, 0x5, 0xff, 0xff, 0xf1, 0xff, 0xfa,
    0x5, 0xff, 0xff, 0xff, 0xd0, 0x0, 0x0, 0x0,
    0x0, 0x0, 0x0, 0x0, 0x0, 0x5f, 0xff, 0xff,
    0x1f, 0xff, 0xa0, 0x0, 0x0, 0x0, 0x0, 0x0,
    0x0, 0x0, 0x0, 0x0, 0x0, 0x0, 0x0, 0x5,
    0xff, 0xff, 0xe0, 0xff, 0xfd, 0x99, 0x99, 0x99,
    0x99, 0x99, 0x99, 0x99, 0x99, 0x99, 0x99, 0x99,
    0x99, 0x99, 0xbf, 0xff, 0x92, 0xf, 0xff, 0xff,
    0xff, 0xff, 0xff, 0xff, 0xff, 0xff, 0xff, 0xff,
    0xff, 0xff, 0xff, 0xff, 0xff, 0xff, 0xf3, 0x0,
    0xbf, 0xff, 0xff, 0xff, 0xff, 0xff, 0xff, 0xff,
    0xff, 0xff, 0xff, 0xff, 0xff, 0xff, 0xff, 0xff,
    0xfe, 0x0, 0x1, 0xbf, 0xff, 0xff, 0xff, 0xff,
    0xff, 0xff, 0xff, 0xff, 0xff, 0xff, 0xff, 0xff,
    0xff, 0xff, 0xfd, 0x30, 0x0, 0x0, 0x0, 0x0,
    0x0, 0x0, 0x0, 0x0, 0x0, 0x0, 0x0, 0x0,
    0x0, 0x0, 0x0, 0x0, 0x0, 0x0, 0x0, 0x0,

    /* U+F244 "" */
    0x19, 0xef, 0xff, 0xff, 0xff, 0xff, 0xff, 0xff,
    0xff, 0xff, 0xff, 0xff, 0xff, 0xff, 0xff, 0xfe,
    0xb2, 0x0, 0xa, 0xff, 0xff, 0xff, 0xff, 0xff,
    0xff, 0xff, 0xff, 0xff, 0xff, 0xff, 0xff, 0xff,
    0xff, 0xff, 0xff, 0xd0, 0x0, 0xff, 0xff, 0xff,
    0xff, 0xff, 0xff, 0xff, 0xff, 0xff, 0xff, 0xff,
    0xff, 0xff, 0xff, 0xff, 0xff, 0xff, 0x30, 0xf,
    0xff, 0xea, 0xaa, 0xaa, 0xaa, 0xaa, 0xaa, 0xaa,
    0xaa, 0xaa, 0xaa, 0xaa, 0xaa, 0xaa, 0xac, 0xff,
    0xf7, 0x10, 0xff, 0xfa, 0x0, 0x0, 0x0, 0x0,
    0x0, 0x0, 0x0, 0x0, 0x0, 0x0, 0x0, 0x0,
    0x0, 0x5f, 0xff, 0xfe, 0xf, 0xff, 0xa0, 0x0,
    0x0, 0x0, 0x0, 0x0, 0x0, 0x0, 0x0, 0x0,
    0x0, 0x0, 0x0, 0x5, 0xff, 0xff, 0xf1, 0xff,
    0xfa, 0x0, 0x0, 0x0, 0x0, 0x0, 0x0, 0x0,
    0x0, 0x0, 0x0, 0x0, 0x0, 0x0, 0x5f, 0xff,
    0xff, 0x1f, 0xff, 0xa0, 0x0, 0x0, 0x0, 0x0,
    0x0, 0x0, 0x0, 0x0, 0x0, 0x0, 0x0, 0x0,
    0x1, 0x4a, 0xff, 0xf1, 0xff, 0xfa, 0x0, 0x0,
    0x0, 0x0, 0x0, 0x0, 0x0, 0x0, 0x0, 0x0,
    0x0, 0x0, 0x0, 0x0, 0x8f, 0xff, 0x1f, 0xff,
    0xa0, 0x0, 0x0, 0x0, 0x0, 0x0, 0x0, 0x0,
    0x0, 0x0, 0x0, 0x0, 0x0, 0x0, 0x8, 0xff,
    0xf1, 0xff, 0xfa, 0x0, 0x0, 0x0, 0x0, 0x0,
    0x0, 0x0, 0x0, 0x0, 0x0, 0x0, 0x0, 0x0,
    0x13, 0xaf, 0xff, 0x1f, 0xff, 0xa0, 0x0, 0x0,
    0x0, 0x0, 0x0, 0x0, 0x0, 0x0, 0x0, 0x0,
    0x0, 0x0, 0x5, 0xff, 0xff, 0xf1, 0xff, 0xfa,
    0x0, 0x0, 0x0, 0x0, 0x0, 0x0, 0x0, 0x0,
    0x0, 0x0, 0x0, 0x0, 0x0, 0x5f, 0xff, 0xff,
    0x1f, 0xff, 0xa0, 0x0, 0x0, 0x0, 0x0, 0x0,
    0x0, 0x0, 0x0, 0x0, 0x0, 0x0, 0x0, 0x5,
    0xff, 0xff, 0xe0, 0xff, 0xfd, 0x99, 0x99, 0x99,
    0x99, 0x99, 0x99, 0x99, 0x99, 0x99, 0x99, 0x99,
    0x99, 0x99, 0xbf, 0xff, 0x92, 0xf, 0xff, 0xff,
    0xff, 0xff, 0xff, 0xff, 0xff, 0xff, 0xff, 0xff,
    0xff, 0xff, 0xff, 0xff, 0xff, 0xff, 0xf3, 0x0,
    0xbf, 0xff, 0xff, 0xff, 0xff, 0xff, 0xff, 0xff,
    0xff, 0xff, 0xff, 0xff, 0xff, 0xff, 0xff, 0xff,
    0xfe, 0x0, 0x1, 0xbf, 0xff, 0xff, 0xff, 0xff,
    0xff, 0xff, 0xff, 0xff, 0xff, 0xff, 0xff, 0xff,
    0xff, 0xff, 0xfd, 0x30, 0x0, 0x0, 0x0, 0x0,
    0x0, 0x0, 0x0, 0x0, 0x0, 0x0, 0x0, 0x0,
    0x0, 0x0, 0x0, 0x0, 0x0, 0x0, 0x0, 0x0,

    /* U+F287 "" */
    0x0, 0x0, 0x0, 0x0, 0x0, 0x0, 0x0, 0x0,
    0x0, 0x6, 0xdf, 0x90, 0x0, 0x0, 0x0, 0x0,
    0x0, 0x0, 0x0, 0x0, 0x0, 0x0, 0x0, 0x0,
    0x0, 0x0, 0x0, 0x5, 0xff, 0xff, 0xb0, 0x0,
    0x0, 0x0, 0x0, 0x0, 0x0, 0x0, 0x0, 0x0,
    0x0, 0x0, 0x0, 0x0, 0x2b, 0xef, 0xff, 0xff,
    0xff, 0x20, 0x0, 0x0, 0x0, 0x0, 0x0, 0x0,
    0x0, 0x0, 0x0, 0x0, 0x0, 0x0, 0x2e, 0xff,
    0xff, 0xff, 0xff, 0xf2, 0x0, 0x0, 0x0, 0x0,
    0x0, 0x0, 0x0, 0x0, 0x0, 0x0, 0x0, 0x0,
    0xb, 0xfb, 0x21, 0x7f, 0xff, 0xfc, 0x0, 0x0,
    0x0, 0x0, 0x0, 0x0, 0x0, 0x0, 0x0, 0x0,
    0x0, 0x0, 0x4, 0xfe, 0x10, 0x0, 0x7f, 0xfb,
    0x10, 0x0, 0x0, 0x0, 0x0, 0x0, 0x0, 0x0,
    0x0, 0x0, 0x0, 0x0, 0x0, 0xcf, 0x70, 0x0,
    0x0, 0x0, 0x0, 0x0, 0x0, 0x0, 0x0, 0x0,
    0x0, 0x0, 0x2a, 0xee, 0xa2, 0x0, 0x0, 0x3f,
    0xf0, 0x0, 0x0, 0x0, 0x0, 0x0, 0x0, 0x0,
    0x4, 0x20, 0x0, 0x0, 0x2e, 0xff, 0xff, 0xe2,
    0x0, 0xb, 0xf8, 0x0, 0x0, 0x0, 0x0, 0x0,
    0x0, 0x0, 0x0, 0xbf, 0x80, 0x0, 0xa, 0xff,
    0xff, 0xff, 0xb0, 0x7, 0xfe, 0x10, 0x0, 0x0,
    0x0, 0x0, 0x0, 0x0, 0x0, 0xc, 0xff, 0xe5,
    0x0, 0xff, 0xff, 0xff, 0xff, 0xff, 0xff, 0xff,
    0xff, 0xff, 0xff, 0xff, 0xff, 0xff, 0xff, 0xff,
    0xff, 0xff, 0xfb, 0x1f, 0xff, 0xff, 0xff, 0xff,
    0xff, 0xff, 0xff, 0xff, 0xff, 0xff, 0xff, 0xff,
    0xff, 0xff, 0xff, 0xff, 0xff, 0xd2, 0xbf, 0xff,
    0xff, 0xfb, 0x0, 0x0, 0x0, 0x7f, 0xf1, 0x0,
    0x0, 0x0, 0x0, 0x0, 0x0, 0xcf, 0xfe, 0x60,
    0x2, 0xff, 0xff, 0xff, 0x30, 0x0, 0x0, 0x0,
    0xbf, 0x80, 0x0, 0x0, 0x0, 0x0, 0x0, 0xc,
    0xf9, 0x10, 0x0, 0x2, 0xbf, 0xfb, 0x30, 0x0,
    0x0, 0x0, 0x3, 0xfe, 0x0, 0x0, 0x0, 0x0,
    0x0, 0x0, 0x53, 0x0, 0x0, 0x0, 0x0, 0x0,
    0x0, 0x0, 0x0, 0x0, 0x0, 0xc, 0xf6, 0x0,
    0x0, 0x0, 0x0, 0x0, 0x0, 0x0, 0x0, 0x0,
    0x0, 0x0, 0x0, 0x0, 0x0, 0x0, 0x0, 0x0,
    0x4f, 0xe0, 0x0, 0xbf, 0xff, 0xff, 0x30, 0x0,
    0x0, 0x0, 0x0, 0x0, 0x0, 0x0, 0x0, 0x0,
    0x0, 0x0, 0x0, 0xcf, 0xa0, 0xc, 0xff, 0xff,
    0xf4, 0x0, 0x0, 0x0, 0x0, 0x0, 0x0, 0x0,
    0x0, 0x0, 0x0, 0x0, 0x0, 0x2, 0xff, 0xfe,
    0xff, 0xff, 0xff, 0x40, 0x0, 0x0, 0x0, 0x0,
    0x0, 0x0, 0x0, 0x0, 0x0, 0x0, 0x0, 0x0,
    0x3, 0xcf, 0xff, 0xff, 0xff, 0xf4, 0x0, 0x0,
    0x0, 0x0, 0x0, 0x0, 0x0, 0x0, 0x0, 0x0,
    0x0, 0x0, 0x0, 0x0, 0x1, 0xcf, 0xff, 0xff,
    0x40, 0x0, 0x0, 0x0, 0x0, 0x0, 0x0, 0x0,
    0x0, 0x0, 0x0, 0x0, 0x0, 0x0, 0x0, 0xc,
    0xff, 0xff, 0xf3, 0x0, 0x0, 0x0, 0x0, 0x0,
    0x0, 0x0, 0x0, 0x0, 0x0, 0x0, 0x0, 0x0,
    0x0, 0x0, 0x1, 0x11, 0x11, 0x0, 0x0, 0x0,
    0x0, 0x0,

    /* U+F293 "" */
    0x0, 0x0, 0x0, 0x0, 0x0, 0x1, 0x10, 0x0,
    0x0, 0x0, 0x0, 0x0, 0x0, 0x0, 0x0, 0x7b,
    0xff, 0xff, 0xfe, 0xa5, 0x0, 0x0, 0x0, 0x0,
    0x0, 0x6, 0xef, 0xff, 0xff, 0xff, 0xff, 0xfd,
    0x30, 0x0, 0x0, 0x0, 0x9, 0xff, 0xff, 0xff,
    0x6f, 0xff, 0xff, 0xff, 0x40, 0x0, 0x0, 0x9,
    0xff, 0xff, 0xff, 0xf0, 0x7f, 0xff, 0xff, 0xff,
    0x20, 0x0, 0x3, 0xff, 0xff, 0xff, 0xff, 0x0,
    0x9f, 0xff, 0xff, 0xfb, 0x0, 0x0, 0xbf, 0xff,
    0xff, 0xff, 0xf0, 0x0, 0xaf, 0xff, 0xff, 0xf2,
    0x0, 0x1f, 0xff, 0xff, 0xff, 0xff, 0x0, 0x0,
    0xbf, 0xff, 0xff, 0x80, 0x6, 0xff, 0xff, 0xff,
    0xff, 0xf0, 0x6, 0x0, 0xcf, 0xff, 0xfd, 0x0,
    0xaf, 0xff, 0xe2, 0x6f, 0xff, 0x0, 0xe8, 0x1,
    0xdf, 0xff, 0xf0, 0xd, 0xff, 0xf9, 0x0, 0x6f,
    0xf0, 0xe, 0xf4, 0x2, 0xff, 0xff, 0x30, 0xff,
    0xff, 0xf8, 0x0, 0x6f, 0x0, 0xe9, 0x0, 0xcf,
    0xff, 0xf5, 0xf, 0xff, 0xff, 0xf8, 0x0, 0x60,
    0x7, 0x0, 0xbf, 0xff, 0xff, 0x62, 0xff, 0xff,
    0xff, 0xf8, 0x0, 0x0, 0x0, 0x9f, 0xff, 0xff,
    0xf7, 0x2f, 0xff, 0xff, 0xff, 0xf8, 0x0, 0x0,
    0x8f, 0xff, 0xff, 0xff, 0x82, 0xff, 0xff, 0xff,
    0xff, 0xf4, 0x0, 0x3f, 0xff, 0xff, 0xff, 0xf8,
    0x2f, 0xff, 0xff, 0xff, 0xf9, 0x0, 0x0, 0x8f,
    0xff, 0xff, 0xff, 0x82, 0xff, 0xff, 0xff, 0xf9,
    0x0, 0x0, 0x0, 0x9f, 0xff, 0xff, 0xf7, 0x1f,
    0xff, 0xff, 0xf9, 0x0, 0x50, 0x6, 0x0, 0xaf,
    0xff, 0xff, 0x60, 0xff, 0xff, 0xf9, 0x0, 0x5f,
    0x0, 0xe7, 0x0, 0xaf, 0xff, 0xf5, 0xd, 0xff,
    0xfa, 0x0, 0x5f, 0xf0, 0xe, 0xf4, 0x0, 0xef,
    0xff, 0x30, 0xaf, 0xff, 0xe2, 0x5f, 0xff, 0x0,
    0xe8, 0x0, 0xaf, 0xff, 0xf0, 0x6, 0xff, 0xff,
    0xef, 0xff, 0xf1, 0x7, 0x0, 0xaf, 0xff, 0xfd,
    0x0, 0x1f, 0xff, 0xff, 0xff, 0xff, 0x10, 0x0,
    0x9f, 0xff, 0xff, 0x80, 0x0, 0xaf, 0xff, 0xff,
    0xff, 0xf1, 0x0, 0x9f, 0xff, 0xff, 0xf2, 0x0,
    0x2, 0xff, 0xff, 0xff, 0xff, 0x10, 0x9f, 0xff,
    0xff, 0xfa, 0x0, 0x0, 0x6, 0xff, 0xff, 0xff,
    0xf1, 0x9f, 0xff, 0xff, 0xff, 0x10, 0x0, 0x0,
    0x6, 0xff, 0xff, 0xff, 0xaf, 0xff, 0xff, 0xff,
    0x40, 0x0, 0x0, 0x0, 0x3, 0xbf, 0xff, 0xff,
    0xff, 0xff, 0xfc, 0x30, 0x0, 0x0, 0x0, 0x0,
    0x0, 0x26, 0xab, 0xcd, 0xca, 0x72, 0x0, 0x0,
    0x0,

    /* U+F2ED "" */
    0x0, 0x0, 0x0, 0x0, 0x15, 0x66, 0x66, 0x66,
    0x30, 0x0, 0x0, 0x0, 0x0, 0x0, 0x0, 0x0,
    0x0, 0xdf, 0xff, 0xff, 0xff, 0xf3, 0x0, 0x0,
    0x0, 0x0, 0x69, 0x99, 0x99, 0x9a, 0xff, 0xff,
    0xff, 0xff, 0xfd, 0x99, 0x99, 0x99, 0x81, 0xff,
    0xff, 0xff, 0xff, 0xff, 0xff, 0xff, 0xff, 0xff,
    0xff, 0xff, 0xff, 0xf5, 0xff, 0xff, 0xff, 0xff,
    0xff, 0xff, 0xff, 0xff, 0xff, 0xff, 0xff, 0xff,
    0xf6, 0xdf, 0xff, 0xff, 0xff, 0xff, 0xff, 0xff,
    0xff, 0xff, 0xff, 0xff, 0xff, 0xf3, 0x0, 0x0,
    0x0, 0x0, 0x0, 0x0, 0x0, 0x0, 0x0, 0x0,
    0x0, 0x0, 0x0, 0x0, 0x0, 0x0, 0x0, 0x0,
    0x0, 0x0, 0x0, 0x0, 0x0, 0x0, 0x0, 0x0,
    0x3, 0xff, 0xff, 0xff, 0xff, 0xff, 0xff, 0xff,
    0xff, 0xff, 0xff, 0xf9, 0x0, 0x3, 0xff, 0xff,
    0xff, 0xff, 0xff, 0xff, 0xff, 0xff, 0xff, 0xff,
    0xf9, 0x0, 0x3, 0xff, 0xff, 0xff, 0xff, 0xff,
    0xff, 0xff, 0xff, 0xff, 0xff, 0xf9, 0x0, 0x3,
    0xff, 0xff, 0xea, 0xff, 0xff, 0xae, 0xff, 0xfd,
    0xbf, 0xff, 0xf9, 0x0, 0x3, 0xff, 0xff, 0x60,
    0xdf, 0xfd, 0x6, 0xff, 0xf4, 0xf, 0xff, 0xf9,
    0x0, 0x3, 0xff, 0xff, 0x50, 0xdf, 0xfc, 0x6,
    0xff, 0xf3, 0xf, 0xff, 0xf9, 0x0, 0x3, 0xff,
    0xff, 0x50, 0xdf, 0xfc, 0x6, 0xff, 0xf3, 0xf,
    0xff, 0xf9, 0x0, 0x3, 0xff, 0xff, 0x50, 0xdf,
    0xfc, 0x6, 0xff, 0xf3, 0xf, 0xff, 0xf9, 0x0,
    0x3, 0xff, 0xff, 0x50, 0xdf, 0xfc, 0x6, 0xff,
    0xf3, 0xf, 0xff, 0xf9, 0x0, 0x3, 0xff, 0xff,
    0x50, 0xdf, 0xfc, 0x6, 0xff, 0xf3, 0xf, 0xff,
    0xf9, 0x0, 0x3, 0xff, 0xff, 0x50, 0xdf, 0xfc,
    0x6, 0xff, 0xf3, 0xf, 0xff, 0xf9, 0x0, 0x3,
    0xff, 0xff, 0x50, 0xdf, 0xfc, 0x6, 0xff, 0xf3,
    0xf, 0xff, 0xf9, 0x0, 0x3, 0xff, 0xff, 0x50,
    0xdf, 0xfc, 0x6, 0xff, 0xf3, 0xf, 0xff, 0xf9,
    0x0, 0x3, 0xff, 0xff, 0x50, 0xdf, 0xfc, 0x6,
    0xff, 0xf3, 0xf, 0xff, 0xf9, 0x0, 0x3, 0xff,
    0xff, 0x50, 0xdf, 0xfc, 0x6, 0xff, 0xf3, 0xf,
    0xff, 0xf9, 0x0, 0x3, 0xff, 0xff, 0x50, 0xdf,
    0xfc, 0x6, 0xff, 0xf3, 0xf, 0xff, 0xf9, 0x0,
    0x3, 0xff, 0xff, 0x50, 0xdf, 0xfc, 0x6, 0xff,
    0xf3, 0xf, 0xff, 0xf9, 0x0, 0x3, 0xff, 0xff,
    0x82, 0xef, 0xfe, 0x19, 0xff, 0xf7, 0x2f, 0xff,
    0xf9, 0x0, 0x2, 0xff, 0xff, 0xff, 0xff, 0xff,
    0xff, 0xff, 0xff, 0xff, 0xff, 0xf8, 0x0, 0x1,
    0xff, 0xff, 0xff, 0xff, 0xff, 0xff, 0xff, 0xff,
    0xff, 0xff, 0xf7, 0x0, 0x0, 0x9f, 0xff, 0xff,
    0xff, 0xff, 0xff, 0xff, 0xff, 0xff, 0xff, 0xe1,
    0x0, 0x0, 0x6, 0x9a, 0xaa, 0xaa, 0xaa, 0xaa,
    0xaa, 0xaa, 0xaa, 0x98, 0x10, 0x0,

    /* U+F304 "" */
    0x0, 0x0, 0x0, 0x0, 0x0, 0x0, 0x0, 0x0,
    0x0, 0x0, 0x0, 0x4, 0x40, 0x0, 0x0, 0x0,
    0x0, 0x0, 0x0, 0x0, 0x0, 0x0, 0x0, 0x0,
    0x0, 0x3, 0xef, 0xfc, 0x10, 0x0, 0x0, 0x0,
    0x0, 0x0, 0x0, 0x0, 0x0, 0x0, 0x0, 0x0,
    0x3e, 0xff, 0xff, 0xc1, 0x0, 0x0, 0x0, 0x0,
    0x0, 0x0, 0x0, 0x0, 0x0, 0x0, 0x3, 0xef,
    0xff, 0xff, 0xfc, 0x10, 0x0, 0x0, 0x0, 0x0,
    0x0, 0x0, 0x0, 0x0, 0x0, 0x1e, 0xff, 0xff,
    0xff, 0xff, 0xc1, 0x0, 0x0, 0x0, 0x0, 0x0,
    0x0, 0x0, 0x0, 0x0, 0x6, 0xff, 0xff, 0xff,
    0xff, 0xfa, 0x0, 0x0, 0x0, 0x0, 0x0, 0x0,
    0x0, 0x0, 0x3d, 0x20, 0x6f, 0xff, 0xff, 0xff,
    0xff, 0x0, 0x0, 0x0, 0x0, 0x0, 0x0, 0x0,
    0x3, 0xef, 0xe2, 0x6, 0xff, 0xff, 0xff, 0xfd,
    0x0, 0x0, 0x0, 0x0, 0x0, 0x0, 0x0, 0x3e,
    0xff, 0xfe, 0x20, 0x6f, 0xff, 0xff, 0xf4, 0x0,
    0x0, 0x0, 0x0, 0x0, 0x0, 0x3, 0xef, 0xff,
    0xff, 0xe2, 0x6, 0xff, 0xff, 0x60, 0x0, 0x0,
    0x0, 0x0, 0x0, 0x0, 0x3e, 0xff, 0xff, 0xff,
    0xfe, 0x20, 0x6f, 0xf6, 0x0, 0x0, 0x0, 0x0,
    0x0, 0x0, 0x3, 0xef, 0xff, 0xff, 0xff, 0xff,
    0xe2, 0x6, 0x60, 0x0, 0x0, 0x0, 0x0, 0x0,
    0x0, 0x3e, 0xff, 0xff, 0xff, 0xff, 0xff, 0xfe,
    0x20, 0x0, 0x0, 0x0, 0x0, 0x0, 0x0, 0x3,
    0xef, 0xff, 0xff, 0xff, 0xff, 0xff, 0xff, 0x50,
    0x0, 0x0, 0x0, 0x0, 0x0, 0x0, 0x3e, 0xff,
    0xff, 0xff, 0xff, 0xff, 0xff, 0xf6, 0x0, 0x0,
    0x0, 0x0, 0x0, 0x0, 0x3, 0xef, 0xff, 0xff,
    0xff, 0xff, 0xff, 0xff, 0x60, 0x0, 0x0, 0x0,
    0x0, 0x0, 0x0, 0x3e, 0xff, 0xff, 0xff, 0xff,
    0xff, 0xff, 0xf6, 0x0, 0x0, 0x0, 0x0, 0x0,
    0x0, 0x3, 0xef, 0xff, 0xff, 0xff, 0xff, 0xff,
    0xff, 0x60, 0x0, 0x0, 0x0, 0x0, 0x0, 0x0,
    0x3e, 0xff, 0xff, 0xff, 0xff, 0xff, 0xff, 0xf6,
    0x0, 0x0, 0x0, 0x0, 0x0, 0x0, 0x3, 0xef,
    0xff, 0xff, 0xff, 0xff, 0xff, 0xff, 0x60, 0x0,
    0x0, 0x0, 0x0, 0x0, 0x0, 0x3e, 0xff, 0xff,
    0xff, 0xff, 0xff, 0xff, 0xf6, 0x0, 0x0, 0x0,
    0x0, 0x0, 0x0, 0x2, 0xef, 0xff, 0xff, 0xff,
    0xff, 0xff, 0xff, 0x60, 0x0, 0x0, 0x0, 0x0,
    0x0, 0x0, 0x5, 0xff, 0xff, 0xff, 0xff, 0xff,
    0xff, 0xf6, 0x0, 0x0, 0x0, 0x0, 0x0, 0x0,
    0x0, 0x7, 0xff, 0xff, 0xff, 0xff, 0xff, 0xff,
    0x60, 0x0, 0x0, 0x0, 0x0, 0x0, 0x0, 0x0,
    0x9, 0xff, 0xff, 0xff, 0xff, 0xff, 0xf6, 0x0,
    0x0, 0x0, 0x0, 0x0, 0x0, 0x0, 0x0, 0xb,
    0xff, 0xff, 0xff, 0xff, 0xff, 0x60, 0x0, 0x0,
    0x0, 0x0, 0x0, 0x0, 0x0, 0x0, 0xd, 0xff,
    0xff, 0xff, 0xff, 0xf6, 0x0, 0x0, 0x0, 0x0,
    0x0, 0x0, 0x0, 0x0, 0x0, 0xe, 0xff, 0xff,
    0xff, 0xff, 0x60, 0x0, 0x0, 0x0, 0x0, 0x0,
    0x0, 0x0, 0x0, 0x0, 0xe, 0xff, 0xff, 0xff,
    0xf6, 0x0, 0x0, 0x0, 0x0, 0x0, 0x0, 0x0,
    0x0, 0x0, 0x0, 0x4, 0x98, 0x64, 0x20, 0x0,
    0x0, 0x0, 0x0, 0x0, 0x0, 0x0, 0x0, 0x0,
    0x0, 0x0,

    /* U+F55A "" */
    0x0, 0x0, 0x0, 0x0, 0x1, 0x8b, 0xcc, 0xcc,
    0xcc, 0xcc, 0xcc, 0xcc, 0xcc, 0xcc, 0xcc, 0xcc,
    0xba, 0x30, 0x0, 0x0, 0x0, 0x0, 0x2, 0xef,
    0xff, 0xff, 0xff, 0xff, 0xff, 0xff, 0xff, 0xff,
    0xff, 0xff, 0xff, 0xff, 0x50, 0x0, 0x0, 0x0,
    0x3, 0xef, 0xff, 0xff, 0xff, 0xff, 0xff, 0xff,
    0xff, 0xff, 0xff, 0xff, 0xff, 0xff, 0xfe, 0x0,
    0x0, 0x0, 0x3, 0xef, 0xff, 0xff, 0xff, 0xff,
    0xff, 0xff, 0xff, 0xff, 0xff, 0xff, 0xff, 0xff,
    0xff, 0xf3, 0x0, 0x0, 0x3, 0xef, 0xff, 0xff,
    0xff, 0xff, 0xfd, 0xff, 0xff, 0xff, 0xfe, 0xef,
    0xff, 0xff, 0xff, 0xff, 0x40, 0x0, 0x3, 0xef,
    0xff, 0xff, 0xff, 0xff, 0xf8, 0x5, 0xff, 0xff,
    0xfc, 0x2, 0xef, 0xff, 0xff, 0xff, 0xf4, 0x0,
    0x3, 0xef, 0xff, 0xff, 0xff, 0xff, 0xf9, 0x0,
    0x5, 0xff, 0xfc, 0x0, 0x2, 0xff, 0xff, 0xff,
    0xff, 0x40, 0x3, 0xef, 0xff, 0xff, 0xff, 0xff,
    0xff, 0xa0, 0x0, 0x5, 0xfc, 0x0, 0x0, 0x2f,
    0xff, 0xff, 0xff, 0xf4, 0x3, 0xff, 0xff, 0xff,
    0xff, 0xff, 0xff, 0xff, 0x90, 0x0, 0x4, 0x0,
    0x0, 0x2e, 0xff, 0xff, 0xff, 0xff, 0x43, 0xff,
    0xff, 0xff, 0xff, 0xff, 0xff, 0xff, 0xff, 0x90,
    0x0, 0x0, 0x0, 0x2e, 0xff, 0xff, 0xff, 0xff,
    0xf4, 0xdf, 0xff, 0xff, 0xff, 0xff, 0xff, 0xff,
    0xff, 0xff, 0x90, 0x0, 0x0, 0x2e, 0xff, 0xff,
    0xff, 0xff, 0xff, 0x4e, 0xff, 0xff, 0xff, 0xff,
    0xff, 0xff, 0xff, 0xff, 0xfc, 0x0, 0x0, 0x5,
    0xff, 0xff, 0xff, 0xff, 0xff, 0xf4, 0x6f, 0xff,
    0xff, 0xff, 0xff, 0xff, 0xff, 0xff, 0xfc, 0x0,
    0x0, 0x0, 0x5, 0xff, 0xff, 0xff, 0xff, 0xff,
    0x40, 0x6f, 0xff, 0xff, 0xff, 0xff, 0xff, 0xff,
    0xfc, 0x0, 0x0, 0x10, 0x0, 0x5, 0xff, 0xff,
    0xff, 0xff, 0xf4, 0x0, 0x6f, 0xff, 0xff, 0xff,
    0xff, 0xff, 0xfc, 0x0, 0x0, 0x2e, 0x90, 0x0,
    0x5, 0xff, 0xff, 0xff, 0xff, 0x40, 0x0, 0x6f,
    0xff, 0xff, 0xff, 0xff, 0xff, 0x70, 0x0, 0x2e,
    0xff, 0x90, 0x0, 0xe, 0xff, 0xff, 0xff, 0xf4,
    0x0, 0x0, 0x6f, 0xff, 0xff, 0xff, 0xff, 0xff,
    0x40, 0x2e, 0xff, 0xff, 0x90, 0xb, 0xff, 0xff,
    0xff, 0xff, 0x40, 0x0, 0x0, 0x6f, 0xff, 0xff,
    0xff, 0xff, 0xff, 0x8e, 0xff, 0xff, 0xff, 0xac,
    0xff, 0xff, 0xff, 0xff, 0xf4, 0x0, 0x0, 0x0,
    0x6f, 0xff, 0xff, 0xff, 0xff, 0xff, 0xff, 0xff,
    0xff, 0xff, 0xff, 0xff, 0xff, 0xff, 0xff, 0x30,
    0x0, 0x0, 0x0, 0x6f, 0xff, 0xff, 0xff, 0xff,
    0xff, 0xff, 0xff, 0xff, 0xff, 0xff, 0xff, 0xff,
    0xff, 0xf1, 0x0, 0x0, 0x0, 0x0, 0x5f, 0xff,
    0xff, 0xff, 0xff, 0xff, 0xff, 0xff, 0xff, 0xff,
    0xff, 0xff, 0xff, 0xf8, 0x0, 0x0, 0x0, 0x0,
    0x0, 0x4c, 0xff, 0xff, 0xff, 0xff, 0xff, 0xff,
    0xff, 0xff, 0xff, 0xff, 0xff, 0xe7, 0x0,

    /* U+F7C2 "" */
    0x0, 0x0, 0x0, 0x8, 0x99, 0x99, 0x99, 0x99,
    0x99, 0x84, 0x0, 0x0, 0x0, 0x0, 0xcf, 0xff,
    0xff, 0xff, 0xff, 0xff, 0xff, 0x90, 0x0, 0x0,
    0xb, 0xff, 0xff, 0xff, 0xff, 0xff, 0xff, 0xff,
    0xf4, 0x0, 0x0, 0xbf, 0xff, 0xff, 0xff, 0xff,
    0xff, 0xff, 0xff, 0xfa, 0x0, 0xa, 0xff, 0x50,
    0xf, 0xe0, 0x3, 0xfa, 0x0, 0xef, 0xfb, 0x0,
    0xaf, 0xff, 0x50, 0xf, 0xe0, 0x3, 0xfa, 0x0,
    0xef, 0xfb, 0x9, 0xff, 0xff, 0x50, 0xf, 0xe0,
    0x3, 0xfa, 0x0, 0xef, 0xfb, 0x9f, 0xff, 0xff,
    0x50, 0xf, 0xe0, 0x3, 0xfa, 0x0, 0xef, 0xfb,
    0xff, 0xff, 0xff, 0x50, 0xf, 0xe0, 0x3, 0xfa,
    0x0, 0xef, 0xfb, 0xff, 0xff, 0xff, 0x61, 0x1f,
    0xe1, 0x14, 0xfa, 0x11, 0xef, 0xfb, 0xff, 0xff,
    0xff, 0xff, 0xff, 0xff, 0xff, 0xff, 0xff, 0xff,
    0xfb, 0xff, 0xff, 0xff, 0xff, 0xff, 0xff, 0xff,
    0xff, 0xff, 0xff, 0xfb, 0xff, 0xff, 0xff, 0xff,
    0xff, 0xff, 0xff, 0xff, 0xff, 0xff, 0xfb, 0xff,
    0xff, 0xff, 0xff, 0xff, 0xff, 0xff, 0xff, 0xff,
    0xff, 0xfb, 0xff, 0xff, 0xff, 0xff, 0xff, 0xff,
    0xff, 0xff, 0xff, 0xff, 0xfb, 0xff, 0xff, 0xff,
    0xff, 0xff, 0xff, 0xff, 0xff, 0xff, 0xff, 0xfb,
    0xff, 0xff, 0xff, 0xff, 0xff, 0xff, 0xff, 0xff,
    0xff, 0xff, 0xfb, 0xff, 0xff, 0xff, 0xff, 0xff,
    0xff, 0xff, 0xff, 0xff, 0xff, 0xfb, 0xff, 0xff,
    0xff, 0xff, 0xff, 0xff, 0xff, 0xff, 0xff, 0xff,
    0xfb, 0xff, 0xff, 0xff, 0xff, 0xff, 0xff, 0xff,
    0xff, 0xff, 0xff, 0xfb, 0xff, 0xff, 0xff, 0xff,
    0xff, 0xff, 0xff, 0xff, 0xff, 0xff, 0xfb, 0xff,
    0xff, 0xff, 0xff, 0xff, 0xff, 0xff, 0xff, 0xff,
    0xff, 0xfb, 0xff, 0xff, 0xff, 0xff, 0xff, 0xff,
    0xff, 0xff, 0xff, 0xff, 0xfb, 0xff, 0xff, 0xff,
    0xff, 0xff, 0xff, 0xff, 0xff, 0xff, 0xff, 0xfb,
    0xff, 0xff, 0xff, 0xff, 0xff, 0xff, 0xff, 0xff,
    0xff, 0xff, 0xfb, 0xff, 0xff, 0xff, 0xff, 0xff,
    0xff, 0xff, 0xff, 0xff, 0xff, 0xfb, 0xff, 0xff,
    0xff, 0xff, 0xff, 0xff, 0xff, 0xff, 0xff, 0xff,
    0xfa, 0xbf, 0xff, 0xff, 0xff, 0xff, 0xff, 0xff,
    0xff, 0xff, 0xff, 0xf6, 0x2f, 0xff, 0xff, 0xff,
    0xff, 0xff, 0xff, 0xff, 0xff, 0xff, 0xc0, 0x2,
    0xad, 0xdd, 0xdd, 0xdd, 0xdd, 0xdd, 0xdd, 0xdd,
    0xc8, 0x0,

    /* U+F8A2 "" */
    0x0, 0x0, 0x0, 0x0, 0x0, 0x0, 0x0, 0x0,
    0x0, 0x0, 0x0, 0x0, 0x0, 0x0, 0x0, 0x0,
    0x0, 0x0, 0x0, 0x0, 0x0, 0x0, 0x0, 0x0,
    0x0, 0x0, 0x0, 0x0, 0x5, 0xd0, 0x0, 0x0,
    0x0, 0x0, 0x0, 0x0, 0x0, 0x0, 0x0, 0x0,
    0x0, 0x0, 0x0, 0x5f, 0xf1, 0x0, 0x0, 0x0,
    0x0, 0x0, 0x0, 0x0, 0x0, 0x0, 0x0, 0x0,
    0x0, 0x5, 0xff, 0xf1, 0x0, 0x0, 0x0, 0x4,
    0x10, 0x0, 0x0, 0x0, 0x0, 0x0, 0x0, 0x0,
    0x3f, 0xff, 0xf1, 0x0, 0x0, 0x0, 0xaf, 0xf0,
    0x0, 0x0, 0x0, 0x0, 0x0, 0x0, 0x0, 0x7f,
    0xff, 0xf1, 0x0, 0x0, 0xb, 0xff, 0xf2, 0x0,
    0x0, 0x0, 0x0, 0x0, 0x0, 0x0, 0x7f, 0xff,
    0xf1, 0x0, 0x1, 0xcf, 0xff, 0xf2, 0x0, 0x0,
    0x0, 0x0, 0x0, 0x0, 0x0, 0x7f, 0xff, 0xf1,
    0x0, 0x1d, 0xff, 0xff, 0xf2, 0x0, 0x0, 0x0,
    0x0, 0x0, 0x0, 0x0, 0x7f, 0xff, 0xf1, 0x2,
    0xdf, 0xff, 0xff, 0xf7, 0x66, 0x66, 0x66, 0x66,
    0x66, 0x66, 0x66, 0xaf, 0xff, 0xf1, 0x2e, 0xff,
    0xff, 0xff, 0xff, 0xff, 0xff, 0xff, 0xff, 0xff,
    0xff, 0xff, 0xff, 0xff, 0xf1, 0xcf, 0xff, 0xff,
    0xff, 0xff, 0xff, 0xff, 0xff, 0xff, 0xff, 0xff,
    0xff, 0xff, 0xff, 0xf1, 0xbf, 0xff, 0xff, 0xff,
    0xff, 0xff, 0xff, 0xff, 0xff, 0xff, 0xff, 0xff,
    0xff, 0xff, 0xf1, 0x1c, 0xff, 0xff, 0xff, 0xff,
    0xff, 0xff, 0xff, 0xff, 0xff, 0xff, 0xff, 0xff,
    0xff, 0xc0, 0x0, 0xbf, 0xff, 0xff, 0xf4, 0x22,
    0x22, 0x22, 0x22, 0x22, 0x22, 0x22, 0x22, 0x22,
    0x0, 0x0, 0xa, 0xff, 0xff, 0xf2, 0x0, 0x0,
    0x0, 0x0, 0x0, 0x0, 0x0, 0x0, 0x0, 0x0,
    0x0, 0x0, 0x9f, 0xff, 0xf2, 0x0, 0x0, 0x0,
    0x0, 0x0, 0x0, 0x0, 0x0, 0x0, 0x0, 0x0,
    0x0, 0x8, 0xff, 0xf2, 0x0, 0x0, 0x0, 0x0,
    0x0, 0x0, 0x0, 0x0, 0x0, 0x0, 0x0, 0x0,
    0x0, 0x7f, 0xd0, 0x0, 0x0, 0x0, 0x0, 0x0,
    0x0, 0x0, 0x0, 0x0, 0x0, 0x0, 0x0, 0x0,
    0x1, 0x0, 0x0, 0x0, 0x0, 0x0, 0x0, 0x0,
    0x0, 0x0, 0x0, 0x0
};


/*---------------------
 *  GLYPH DESCRIPTION
 *--------------------*/

static const lv_font_fmt_txt_glyph_dsc_t glyph_dsc[] = {
    {.bitmap_index = 0, .adv_w = 0, .box_w = 0, .box_h = 0, .ofs_x = 0, .ofs_y = 0} /* id = 0 reserved */,
    {.bitmap_index = 0, .adv_w = 130, .box_w = 0, .box_h = 0, .ofs_x = 0, .ofs_y = 0},
    {.bitmap_index = 0, .adv_w = 159, .box_w = 6, .box_h = 20, .ofs_x = 2, .ofs_y = 0},
    {.bitmap_index = 60, .adv_w = 148, .box_w = 9, .box_h = 7, .ofs_x = 0, .ofs_y = 13},
    {.bitmap_index = 92, .adv_w = 333, .box_w = 19, .box_h = 19, .ofs_x = 1, .ofs_y = 0},
    {.bitmap_index = 273, .adv_w = 268, .box_w = 15, .box_h = 24, .ofs_x = 1, .ofs_y = -3},
    {.bitmap_index = 453, .adv_w = 373, .box_w = 21, .box_h = 18, .ofs_x = 1, .ofs_y = 0},
    {.bitmap_index = 642, .adv_w = 297, .box_w = 16, .box_h = 19, .ofs_x = 1, .ofs_y = 0},
    {.bitmap_index = 794, .adv_w = 89, .box_w = 5, .box_h = 6, .ofs_x = 0, .ofs_y = 14},
    {.bitmap_index = 809, .adv_w = 156, .box_w = 9, .box_h = 29, .ofs_x = 1, .ofs_y = -4},
    {.bitmap_index = 940, .adv_w = 156, .box_w = 9, .box_h = 29, .ofs_x = 1, .ofs_y = -4},
    {.bitmap_index = 1071, .adv_w = 203, .box_w = 11, .box_h = 11, .ofs_x = 1, .ofs_y = 8},
    {.bitmap_index = 1132, .adv_w = 251, .box_w = 14, .box_h = 14, .ofs_x = 1, .ofs_y = 2},
    {.bitmap_index = 1230, .adv_w = 153, .box_w = 5, .box_h = 7, .ofs_x = 2, .ofs_y = -3},
    {.bitmap_index = 1248, .adv_w = 213, .box_w = 12, .box_h = 3, .ofs_x = 1, .ofs_y = 7},
    {.bitmap_index = 1266, .adv_w = 153, .box_w = 5, .box_h = 5, .ofs_x = 2, .ofs_y = 0},
    {.bitmap_index = 1279, .adv_w = 175, .box_w = 11, .box_h = 25, .ofs_x = 0, .ofs_y = -2},
    {.bitmap_index = 1417, .adv_w = 286, .box_w = 16, .box_h = 20, .ofs_x = 1, .ofs_y = 0},
    {.bitmap_index = 1577, .adv_w = 195, .box_w = 7, .box_h = 20, .ofs_x = 2, .ofs_y = 0},
    {.bitmap_index = 1647, .adv_w = 286, .box_w = 16, .box_h = 21, .ofs_x = 1, .ofs_y = -1},
    {.bitmap_index = 1815, .adv_w = 286, .box_w = 14, .box_h = 20, .ofs_x = 2, .ofs_y = 0},
    {.bitmap_index = 1955, .adv_w = 286, .box_w = 17, .box_h = 20, .ofs_x = 0, .ofs_y = 0},
    {.bitmap_index = 2125, .adv_w = 286, .box_w = 16, .box_h = 21, .ofs_x = 1, .ofs_y = 0},
    {.bitmap_index = 2293, .adv_w = 286, .box_w = 16, .box_h = 20, .ofs_x = 1, .ofs_y = 0},
    {.bitmap_index = 2453, .adv_w = 245, .box_w = 15, .box_h = 20, .ofs_x = 0, .ofs_y = 0},
    {.bitmap_index = 2603, .adv_w = 286, .box_w = 16, .box_h = 20, .ofs_x = 1, .ofs_y = 0},
    {.bitmap_index = 2763, .adv_w = 286, .box_w = 16, .box_h = 20, .ofs_x = 1, .ofs_y = 0},
    {.bitmap_index = 2923, .adv_w = 153, .box_w = 5, .box_h = 13, .ofs_x = 2, .ofs_y = 0},
    {.bitmap_index = 2956, .adv_w = 153, .box_w = 5, .box_h = 17, .ofs_x = 2, .ofs_y = -3},
    {.bitmap_index = 2999, .adv_w = 244, .box_w = 14, .box_h = 14, .ofs_x = 1, .ofs_y = 2},
    {.bitmap_index = 3097, .adv_w = 251, .box_w = 14, .box_h = 9, .ofs_x = 1, .ofs_y = 5},
    {.bitmap_index = 3160, .adv_w = 244, .box_w = 13, .box_h = 14, .ofs_x = 1, .ofs_y = 2},
    {.bitmap_index = 3251, .adv_w = 229, .box_w = 11, .box_h = 20, .ofs_x = 2, .ofs_y = 0},
    {.bitmap_index = 3361, .adv_w = 339, .box_w = 19, .box_h = 19, .ofs_x = 1, .ofs_y = 0},
    {.bitmap_index = 3542, .adv_w = 310, .box_w = 22, .box_h = 20, .ofs_x = -2, .ofs_y = 0},
    {.bitmap_index = 3762, .adv_w = 290, .box_w = 16, .box_h = 20, .ofs_x = 1, .ofs_y = 0},
    {.bitmap_index = 3922, .adv_w = 330, .box_w = 19, .box_h = 20, .ofs_x = 1, .ofs_y = 0},
    {.bitmap_index = 4112, .adv_w = 322, .box_w = 18, .box_h = 20, .ofs_x = 1, .ofs_y = 0},
    {.bitmap_index = 4292, .adv_w = 258, .box_w = 14, .box_h = 20, .ofs_x = 1, .ofs_y = 0},
    {.bitmap_index = 4432, .adv_w = 240, .box_w = 14, .box_h = 20, .ofs_x = 1, .ofs_y = 0},
    {.bitmap_index = 4572, .adv_w = 338, .box_w = 19, .box_h = 20, .ofs_x = 1, .ofs_y = 0},
    {.bitmap_index = 4762, .adv_w = 311, .box_w = 17, .box_h = 20, .ofs_x = 1, .ofs_y = 0},
    {.bitmap_index = 4932, .adv_w = 129, .box_w = 6, .box_h = 20, .ofs_x = 1, .ofs_y = 0},
    {.bitmap_index = 4992, .adv_w = 173, .box_w = 10, .box_h = 26, .ofs_x = -1, .ofs_y = -6},
    {.bitmap_index = 5122, .adv_w = 286, .box_w = 17, .box_h = 20, .ofs_x = 1, .ofs_y = 0},
    {.bitmap_index = 5292, .adv_w = 243, .box_w = 14, .box_h = 20, .ofs_x = 1, .ofs_y = 0},
    {.bitmap_index = 5432, .adv_w = 414, .box_w = 24, .box_h = 20, .ofs_x = 1, .ofs_y = 0},
    {.bitmap_index = 5672, .adv_w = 330, .box_w = 18, .box_h = 20, .ofs_x = 1, .ofs_y = 0},
    {.bitmap_index = 5852, .adv_w = 346, .box_w = 20, .box_h = 20, .ofs_x = 1, .ofs_y = 0},
    {.bitmap_index = 6052, .adv_w = 278, .box_w = 16, .box_h = 20, .ofs_x = 1, .ofs_y = 0},
    {.bitmap_index = 6212, .adv_w = 346, .box_w = 20, .box_h = 22, .ofs_x = 1, .ofs_y = -2},
    {.bitmap_index = 6432, .adv_w = 289, .box_w = 17, .box_h = 20, .ofs_x = 1, .ofs_y = 0},
    {.bitmap_index = 6602, .adv_w = 265, .box_w = 15, .box_h = 20, .ofs_x = 1, .ofs_y = 0},
    {.bitmap_index = 6752, .adv_w = 277, .box_w = 17, .box_h = 21, .ofs_x = 0, .ofs_y = 0},
    {.bitmap_index = 6931, .adv_w = 311, .box_w = 17, .box_h = 20, .ofs_x = 1, .ofs_y = 0},
    {.bitmap_index = 7101, .adv_w = 302, .box_w = 19, .box_h = 20, .ofs_x = 0, .ofs_y = 0},
    {.bitmap_index = 7291, .adv_w = 439, .box_w = 28, .box_h = 20, .ofs_x = 0, .ofs_y = 0},
    {.bitmap_index = 7571, .adv_w = 296, .box_w = 19, .box_h = 21, .ofs_x = 0, .ofs_y = 0},
    {.bitmap_index = 7771, .adv_w = 288, .box_w = 18, .box_h = 21, .ofs_x = 0, .ofs_y = 0},
    {.bitmap_index = 7960, .adv_w = 315, .box_w = 19, .box_h = 22, .ofs_x = 0, .ofs_y = -1},
    {.bitmap_index = 8169, .adv_w = 135, .box_w = 8, .box_h = 28, .ofs_x = 0, .ofs_y = -4},
    {.bitmap_index = 8281, .adv_w = 235, .box_w = 15, .box_h = 25, .ofs_x = 0, .ofs_y = -2},
    {.bitmap_index = 8469, .adv_w = 135, .box_w = 8, .box_h = 28, .ofs_x = 0, .ofs_y = -4},
    {.bitmap_index = 8581, .adv_w = 252, .box_w = 14, .box_h = 11, .ofs_x = 1, .ofs_y = 8},
    {.bitmap_index = 8658, .adv_w = 242, .box_w = 15, .box_h = 3, .ofs_x = 0, .ofs_y = -5},
    {.bitmap_index = 8681, .adv_w = 155, .box_w = 6, .box_h = 5, .ofs_x = 2, .ofs_y = 17},
    {.bitmap_index = 8696, .adv_w = 262, .box_w = 17, .box_h = 14, .ofs_x = 0, .ofs_y = 0},
    {.bitmap_index = 8815, .adv_w = 256, .box_w = 15, .box_h = 21, .ofs_x = 1, .ofs_y = 0},
    {.bitmap_index = 8973, .adv_w = 235, .box_w = 14, .box_h = 14, .ofs_x = 0, .ofs_y = 0},
    {.bitmap_index = 9071, .adv_w = 262, .box_w = 17, .box_h = 21, .ofs_x = 0, .ofs_y = 0},
    {.bitmap_index = 9250, .adv_w = 228, .box_w = 14, .box_h = 14, .ofs_x = 0, .ofs_y = 0},
    {.bitmap_index = 9348, .adv_w = 187, .box_w = 12, .box_h = 21, .ofs_x = 0, .ofs_y = 0},
    {.bitmap_index = 9474, .adv_w = 253, .box_w = 15, .box_h = 21, .ofs_x = 0, .ofs_y = -7},
    {.bitmap_index = 9632, .adv_w = 238, .box_w = 14, .box_h = 21, .ofs_x = 1, .ofs_y = 0},
    {.bitmap_index = 9779, .adv_w = 123, .box_w = 7, .box_h = 20, .ofs_x = 1, .ofs_y = 0},
    {.bitmap_index = 9849, .adv_w = 148, .box_w = 9, .box_h = 27, .ofs_x = -1, .ofs_y = -7},
    {.bitmap_index = 9971, .adv_w = 239, .box_w = 14, .box_h = 21, .ofs_x = 1, .ofs_y = 0},
    {.bitmap_index = 10118, .adv_w = 122, .box_w = 7, .box_h = 21, .ofs_x = 1, .ofs_y = 0},
    {.bitmap_index = 10192, .adv_w = 335, .box_w = 20, .box_h = 14, .ofs_x = 1, .ofs_y = 0},
    {.bitmap_index = 10332, .adv_w = 238, .box_w = 14, .box_h = 14, .ofs_x = 1, .ofs_y = 0},
    {.bitmap_index = 10430, .adv_w = 244, .box_w = 15, .box_h = 14, .ofs_x = 0, .ofs_y = 0},
    {.bitmap_index = 10535, .adv_w = 256, .box_w = 15, .box_h = 21, .ofs_x = 1, .ofs_y = -7},
    {.bitmap_index = 10693, .adv_w = 262, .box_w = 17, .box_h = 21, .ofs_x = 0, .ofs_y = -7},
    {.bitmap_index = 10872, .adv_w = 175, .box_w = 10, .box_h = 14, .ofs_x = 1, .ofs_y = 0},
    {.bitmap_index = 10942, .adv_w = 201, .box_w = 12, .box_h = 14, .ofs_x = 0, .ofs_y = 0},
    {.bitmap_index = 11026, .adv_w = 193, .box_w = 12, .box_h = 20, .ofs_x = 0, .ofs_y = 0},
    {.bitmap_index = 11146, .adv_w = 243, .box_w = 15, .box_h = 14, .ofs_x = 1, .ofs_y = 0},
    {.bitmap_index = 11251, .adv_w = 228, .box_w = 15, .box_h = 15, .ofs_x = 0, .ofs_y = -1},
    {.bitmap_index = 11364, .adv_w = 365, .box_w = 23, .box_h = 15, .ofs_x = 0, .ofs_y = -1},
    {.bitmap_index = 11537, .adv_w = 255, .box_w = 16, .box_h = 15, .ofs_x = 0, .ofs_y = -1},
    {.bitmap_index = 11657, .adv_w = 261, .box_w = 14, .box_h = 21, .ofs_x = 1, .ofs_y = -7},
    {.bitmap_index = 11804, .adv_w = 245, .box_w = 14, .box_h = 16, .ofs_x = 1, .ofs_y = -1},
    {.bitmap_index = 11916, .adv_w = 186, .box_w = 11, .box_h = 29, .ofs_x = 0, .ofs_y = -4},
    {.bitmap_index = 12076, .adv_w = 103, .box_w = 4, .box_h = 30, .ofs_x = 1, .ofs_y = -5},
    {.bitmap_index = 12136, .adv_w = 186, .box_w = 11, .box_h = 29, .ofs_x = 0, .ofs_y = -4},
    {.bitmap_index = 12296, .adv_w = 287, .box_w = 16, .box_h = 7, .ofs_x = 1, .ofs_y = 6},
    {.bitmap_index = 12352, .adv_w = 464, .box_w = 27, .box_h = 28, .ofs_x = 1, .ofs_y = -4},
    {.bitmap_index = 12730, .adv_w = 464, .box_w = 30, .box_h = 26, .ofs_x = -1, .ofs_y = -3},
    {.bitmap_index = 13120, .adv_w = 464, .box_w = 28, .box_h = 27, .ofs_x = 1, .ofs_y = -4},
    {.bitmap_index = 13498, .adv_w = 464, .box_w = 26, .box_h = 29, .ofs_x = 1, .ofs_y = -5},
    {.bitmap_index = 13875, .adv_w = 464, .box_w = 24, .box_h = 29, .ofs_x = 3, .ofs_y = -4},
    {.bitmap_index = 14223, .adv_w = 464, .box_w = 30, .box_h = 30, .ofs_x = 0, .ofs_y = -4},
    {.bitmap_index = 14673, .adv_w = 464, .box_w = 29, .box_h = 22, .ofs_x = 0, .ofs_y = 0},
    {.bitmap_index = 14992, .adv_w = 464, .box_w = 29, .box_h = 26, .ofs_x = 0, .ofs_y = -2},
    {.bitmap_index = 15369, .adv_w = 464, .box_w = 29, .box_h = 22, .ofs_x = 0, .ofs_y = 0},
    {.bitmap_index = 15688, .adv_w = 319, .box_w = 20, .box_h = 21, .ofs_x = 0, .ofs_y = 0},
    {.bitmap_index = 15898, .adv_w = 464, .box_w = 29, .box_h = 30, .ofs_x = 0, .ofs_y = -4},
    {.bitmap_index = 16333, .adv_w = 464, .box_w = 29, .box_h = 30, .ofs_x = 0, .ofs_y = -4},
    {.bitmap_index = 16768, .adv_w = 522, .box_w = 33, .box_h = 26, .ofs_x = 0, .ofs_y = -2},
    {.bitmap_index = 17197, .adv_w = 464, .box_w = 29, .box_h = 30, .ofs_x = 0, .ofs_y = -4},
    {.bitmap_index = 17632, .adv_w = 522, .box_w = 33, .box_h = 22, .ofs_x = 0, .ofs_y = 0},
    {.bitmap_index = 17995, .adv_w = 464, .box_w = 29, .box_h = 30, .ofs_x = 0, .ofs_y = -4},
    {.bitmap_index = 18430, .adv_w = 232, .box_w = 15, .box_h = 23, .ofs_x = 0, .ofs_y = -1},
    {.bitmap_index = 18603, .adv_w = 348, .box_w = 22, .box_h = 23, .ofs_x = 0, .ofs_y = -1},
    {.bitmap_index = 18856, .adv_w = 522, .box_w = 33, .box_h = 28, .ofs_x = 0, .ofs_y = -3},
    {.bitmap_index = 19318, .adv_w = 464, .box_w = 29, .box_h = 22, .ofs_x = 0, .ofs_y = 0},
    {.bitmap_index = 19637, .adv_w = 319, .box_w = 20, .box_h = 30, .ofs_x = 0, .ofs_y = -4},
    {.bitmap_index = 19937, .adv_w = 406, .box_w = 19, .box_h = 27, .ofs_x = 3, .ofs_y = -3},
    {.bitmap_index = 20194, .adv_w = 406, .box_w = 26, .box_h = 31, .ofs_x = 0, .ofs_y = -5},
    {.bitmap_index = 20597, .adv_w = 406, .box_w = 26, .box_h = 26, .ofs_x = 0, .ofs_y = -2},
    {.bitmap_index = 20935, .adv_w = 406, .box_w = 26, .box_h = 26, .ofs_x = 0, .ofs_y = -2},
    {.bitmap_index = 21273, .adv_w = 406, .box_w = 19, .box_h = 27, .ofs_x = 3, .ofs_y = -3},
    {.bitmap_index = 21530, .adv_w = 406, .box_w = 27, .box_h = 26, .ofs_x = -1, .ofs_y = -2},
    {.bitmap_index = 21881, .adv_w = 290, .box_w = 16, .box_h = 26, .ofs_x = 1, .ofs_y = -2},
    {.bitmap_index = 22089, .adv_w = 290, .box_w = 16, .box_h = 26, .ofs_x = 1, .ofs_y = -2},
    {.bitmap_index = 22297, .adv_w = 406, .box_w = 26, .box_h = 26, .ofs_x = 0, .ofs_y = -2},
    {.bitmap_index = 22635, .adv_w = 406, .box_w = 26, .box_h = 6, .ofs_x = 0, .ofs_y = 8},
    {.bitmap_index = 22713, .adv_w = 522, .box_w = 33, .box_h = 22, .ofs_x = 0, .ofs_y = 0},
    {.bitmap_index = 23076, .adv_w = 580, .box_w = 37, .box_h = 30, .ofs_x = 0, .ofs_y = -4},
    {.bitmap_index = 23631, .adv_w = 522, .box_w = 35, .box_h = 30, .ofs_x = -1, .ofs_y = -4},
    {.bitmap_index = 24156, .adv_w = 464, .box_w = 29, .box_h = 26, .ofs_x = 0, .ofs_y = -2},
    {.bitmap_index = 24533, .adv_w = 406, .box_w = 26, .box_h = 16, .ofs_x = 0, .ofs_y = 3},
    {.bitmap_index = 24741, .adv_w = 406, .box_w = 26, .box_h = 16, .ofs_x = 0, .ofs_y = 3},
    {.bitmap_index = 24949, .adv_w = 580, .box_w = 36, .box_h = 23, .ofs_x = 0, .ofs_y = -1},
    {.bitmap_index = 25363, .adv_w = 464, .box_w = 29, .box_h = 22, .ofs_x = 0, .ofs_y = 0},
    {.bitmap_index = 25682, .adv_w = 464, .box_w = 29, .box_h = 30, .ofs_x = 0, .ofs_y = -4},
    {.bitmap_index = 26117, .adv_w = 464, .box_w = 30, .box_h = 30, .ofs_x = -1, .ofs_y = -4},
    {.bitmap_index = 26567, .adv_w = 406, .box_w = 26, .box_h = 26, .ofs_x = 0, .ofs_y = -2},
    {.bitmap_index = 26905, .adv_w = 406, .box_w = 26, .box_h = 30, .ofs_x = 0, .ofs_y = -4},
    {.bitmap_index = 27295, .adv_w = 406, .box_w = 26, .box_h = 26, .ofs_x = 0, .ofs_y = -2},
    {.bitmap_index = 27633, .adv_w = 406, .box_w = 26, .box_h = 23, .ofs_x = 0, .ofs_y = -1},
    {.bitmap_index = 27932, .adv_w = 464, .box_w = 29, .box_h = 22, .ofs_x = 0, .ofs_y = 0},
    {.bitmap_index = 28251, .adv_w = 290, .box_w = 20, .box_h = 30, .ofs_x = -1, .ofs_y = -4},
    {.bitmap_index = 28551, .adv_w = 406, .box_w = 26, .box_h = 30, .ofs_x = 0, .ofs_y = -4},
    {.bitmap_index = 28941, .adv_w = 406, .box_w = 26, .box_h = 30, .ofs_x = 0, .ofs_y = -4},
    {.bitmap_index = 29331, .adv_w = 522, .box_w = 33, .box_h = 22, .ofs_x = 0, .ofs_y = 0},
    {.bitmap_index = 29694, .adv_w = 464, .box_w = 31, .box_h = 30, .ofs_x = -1, .ofs_y = -4},
    {.bitmap_index = 30159, .adv_w = 348, .box_w = 22, .box_h = 30, .ofs_x = 0, .ofs_y = -4},
    {.bitmap_index = 30489, .adv_w = 580, .box_w = 37, .box_h = 27, .ofs_x = 0, .ofs_y = -2},
    {.bitmap_index = 30989, .adv_w = 580, .box_w = 37, .box_h = 19, .ofs_x = 0, .ofs_y = 1},
    {.bitmap_index = 31341, .adv_w = 580, .box_w = 37, .box_h = 19, .ofs_x = 0, .ofs_y = 1},
    {.bitmap_index = 31693, .adv_w = 580, .box_w = 37, .box_h = 19, .ofs_x = 0, .ofs_y = 1},
    {.bitmap_index = 32045, .adv_w = 580, .box_w = 37, .box_h = 19, .ofs_x = 0, .ofs_y = 1},
    {.bitmap_index = 32397, .adv_w = 580, .box_w = 37, .box_h = 19, .ofs_x = 0, .ofs_y = 1},
    {.bitmap_index = 32749, .adv_w = 580, .box_w = 37, .box_h = 23, .ofs_x = 0, .ofs_y = -1},
    {.bitmap_index = 33175, .adv_w = 406, .box_w = 23, .box_h = 30, .ofs_x = 1, .ofs_y = -4},
    {.bitmap_index = 33520, .adv_w = 406, .box_w = 26, .box_h = 30, .ofs_x = 0, .ofs_y = -4},
    {.bitmap_index = 33910, .adv_w = 464, .box_w = 30, .box_h = 30, .ofs_x = -1, .ofs_y = -4},
    {.bitmap_index = 34360, .adv_w = 580, .box_w = 37, .box_h = 22, .ofs_x = 0, .ofs_y = 0},
    {.bitmap_index = 34767, .adv_w = 348, .box_w = 22, .box_h = 30, .ofs_x = 0, .ofs_y = -4},
    {.bitmap_index = 35097, .adv_w = 467, .box_w = 30, .box_h = 20, .ofs_x = 0, .ofs_y = 1}
};

/*---------------------
 *  CHARACTER MAPPING
 *--------------------*/

static const uint16_t unicode_list_1[] = {
    0x0, 0xec, 0x1aa2, 0x20e8, 0x2296, 0x9d62, 0x9d69, 0x9d6c,
    0x9d6d, 0x9d6e, 0x9d72, 0x9d74, 0x9d76, 0x9d7a, 0x9d7d, 0x9d82,
    0x9d87, 0x9d88, 0x9d89, 0x9d9f, 0x9da4, 0x9da9, 0x9dac, 0x9dad,
    0x9dae, 0x9db2, 0x9db3, 0x9db4, 0x9db5, 0x9dc8, 0x9dc9, 0x9dcf,
    0x9dd1, 0x9dd2, 0x9dd5, 0x9dd8, 0x9dd9, 0x9dda, 0x9ddc, 0x9df4,
    0x9df6, 0x9e25, 0x9e26, 0x9e28, 0x9e2a, 0x9e41, 0x9e48, 0x9e4b,
    0x9e54, 0x9e7d, 0x9e85, 0x9ebc, 0x9f4c, 0x9fa1, 0x9fa2, 0x9fa3,
    0x9fa4, 0x9fa5, 0x9fe8, 0x9ff4, 0xa04e, 0xa065, 0xa2bb, 0xa523,
    0xa603
};

/*Collect the unicode lists and glyph_id offsets*/
static const lv_font_fmt_txt_cmap_t cmaps[] =
{
    {
        .range_start = 32, .range_length = 95, .glyph_id_start = 1,
        .unicode_list = NULL, .glyph_id_ofs_list = NULL, .list_length = 0, .type = LV_FONT_FMT_TXT_CMAP_FORMAT0_TINY
    },
    {
        .range_start = 21151, .range_length = 42500, .glyph_id_start = 96,
        .unicode_list = unicode_list_1, .glyph_id_ofs_list = NULL, .list_length = 65, .type = LV_FONT_FMT_TXT_CMAP_SPARSE_TINY
    }
};

/*-----------------
 *    KERNING
 *----------------*/


/*Map glyph_ids to kern left classes*/
static const uint8_t kern_left_class_mapping[] =
{
    0, 0, 0, 0, 0, 0, 0, 0,
    0, 1, 0, 0, 0, 0, 0, 0,
    0, 0, 0, 2, 0, 0, 0, 0,
    3, 0, 3, 0, 0, 0, 0, 0,
    0, 0, 4, 0, 0, 5, 0, 6,
    7, 0, 0, 0, 8, 9, 0, 0,
    7, 10, 0, 11, 12, 13, 0, 14,
    15, 16, 17, 0, 1, 0, 0, 0,
    0, 0, 18, 19, 19, 18, 19, 0,
    0, 18, 18, 0, 20, 18, 18, 18,
    19, 21, 0, 0, 22, 23, 18, 24,
    24, 25, 24, 24, 1, 0, 0, 0,
    0, 0, 0, 0, 0, 0, 0, 0,
    0, 0, 0, 0, 0, 0, 0, 0,
    0, 0, 0, 0, 0, 0, 0, 0,
    0, 0, 0, 0, 0, 0, 0, 0,
    0, 0, 0, 0, 0, 0, 0, 0,
    0, 0, 0, 0, 0, 0, 0, 0,
    0, 0, 0, 0, 0, 0, 0, 0,
    0, 0, 0, 0, 0, 0, 0, 0,
    0
};

/*Map glyph_ids to kern right classes*/
static const uint8_t kern_right_class_mapping[] =
{
    0, 0, 0, 0, 0, 0, 0, 0,
    0, 0, 0, 0, 0, 1, 0, 2,
    0, 0, 0, 0, 0, 3, 0, 3,
    3, 0, 0, 0, 0, 0, 0, 0,
    0, 0, 4, 0, 5, 0, 0, 0,
    5, 0, 0, 6, 0, 0, 0, 0,
    5, 0, 5, 0, 0, 7, 0, 8,
    9, 10, 11, 0, 0, 0, 0, 0,
    0, 0, 12, 0, 12, 12, 12, 0,
    12, 0, 0, 13, 0, 0, 14, 14,
    12, 14, 12, 14, 15, 16, 14, 17,
    17, 18, 19, 17, 0, 0, 0, 0,
    0, 0, 0, 0, 0, 0, 0, 0,
    0, 0, 0, 0, 0, 0, 0, 0,
    0, 0, 0, 0, 0, 0, 0, 0,
    0, 0, 0, 0, 0, 0, 0, 0,
    0, 0, 0, 0, 0, 0, 0, 0,
    0, 0, 0, 0, 0, 0, 0, 0,
    0, 0, 0, 0, 0, 0, 0, 0,
    0, 0, 0, 0, 0, 0, 0, 0,
    0
};

/*Kern values between classes*/
static const int8_t kern_class_values[] =
{
    0, 0, 0, 0, 0, 19, 0, 0,
    0, 0, 0, 0, 19, 0, 0, 0,
    0, 0, 0, 0, 0, -9, 0, 0,
    0, 0, 0, 0, 0, 0, 0, 0,
    0, 0, 0, 0, 0, 0, -9, -9,
    0, 0, 0, 0, 0, 0, 0, 0,
    0, 0, 0, 0, 0, 0, 0, 0,
    0, 0, 0, 0, 9, 0, 0, -28,
    -32, -32, 0, -32, 0, 0, 0, 0,
    0, 0, 0, 0, 0, 0, 0, 0,
    0, 0, 0, -9, -9, -9, -9, 0,
    0, 0, 0, 0, 0, 0, 0, 0,
    -19, 0, -28, 0, 0, 0, 0, 0,
    0, 0, -9, -9, 0, 0, 0, 0,
    0, 0, 0, 0, 0, 0, 0, 0,
    -9, -9, -9, -9, -9, 0, 0, 0,
    0, 0, 0, 0, 0, 0, 0, 0,
    14, -9, 0, 0, 0, 0, 0, 0,
    -14, 0, 0, 0, 0, 0, 0, 0,
    0, 0, 0, 14, -14, 0, -32, -32,
    -32, 0, -32, 0, 0, 0, 0, 0,
    0, 0, 0, 0, -19, 0, -28, 0,
    0, 0, 0, 0, 0, -14, 0, 0,
    0, 0, 0, 0, 0, 0, 0, 0,
    0, 14, 0, 0, -14, 0, -14, 0,
    -14, -5, 0, 0, 0, 0, 0, 0,
    0, 0, 0, 0, 5, 0, 0, 0,
    0, 0, 0, 0, 0, 0, 0, 0,
    0, 0, 0, 0, 0, -23, 0, -37,
    -9, 0, 0, 0, 0, 0, 0, -32,
    -9, -23, -23, -19, -23, -19, -23, 0,
    -23, 0, -28, -9, 0, 0, 0, 0,
    0, 0, -23, 0, -14, -14, 0, 0,
    0, -14, 0, -23, 0, -28, -9, 0,
    0, 0, 0, 0, 0, -19, 0, -14,
    -14, 0, 0, 0, -5, 0, 0, 0,
    14, -9, 0, 0, 0, 0, 0, 0,
    0, 0, 0, 0, 0, 0, 0, 0,
    0, -23, 0, -37, -9, 0, 0, 0,
    0, 0, 0, -42, 0, -23, -28, -14,
    0, 0, -23, 0, 0, 0, 14, 0,
    0, 0, 0, 0, 0, 0, 0, 0,
    0, 0, 0, 0, 0, 0, 0, 0,
    0, 9, 0, 0, -32, -23, -19, 0,
    -42, 0, 0, 0, 0, 0, 0, 0,
    0, 0, 0, 0, 16, 0, 0, 0,
    0, 0, 0, 0, 0, 0, 0, 0,
    0, 0, 0, 0, 0, 0, 0, 0,
    0, 0, -32, -23, -19, 0, -42, 0,
    0, 0, 0, 0, 0, 0, 0, 0,
    0, 0, 5, 0, 0, -23, -14, -14,
    0, -28, 0, 0, 0, 0, 0, 0,
    0, 0, 0, 0, 0, 0, 0, 0,
    -19, 0, 0, 0, 0, 0, 0, 0,
    0, 0, 0, 0, 0, 0, 0, 0,
    0, 0, 0, -23, 0, 0, 0, 0,
    0, 0, 0, 0, 0, 0, 0, 0,
    0, 0, 0, 14, 0, 0, -23, 0,
    0, 0, 0, 0, 0, 0, 0, 0,
    0, 0, 0
};


/*Collect the kern class' data in one place*/
static const lv_font_fmt_txt_kern_classes_t kern_classes =
{
    .class_pair_values   = kern_class_values,
    .left_class_mapping  = kern_left_class_mapping,
    .right_class_mapping = kern_right_class_mapping,
    .left_class_cnt      = 25,
    .right_class_cnt     = 19,
};

/*--------------------
 *  ALL CUSTOM DATA
 *--------------------*/

#if LVGL_VERSION_MAJOR == 8
/*Store all the custom data of the font*/
static  lv_font_fmt_txt_glyph_cache_t cache;
#endif

#if LVGL_VERSION_MAJOR >= 8
static const lv_font_fmt_txt_dsc_t font_dsc = {
#else
static lv_font_fmt_txt_dsc_t font_dsc = {
#endif
    .glyph_bitmap = glyph_bitmap,
    .glyph_dsc = glyph_dsc,
    .cmaps = cmaps,
    .kern_dsc = &kern_classes,
    .kern_scale = 16,
    .cmap_num = 2,
    .bpp = 4,
    .kern_classes = 1,
    .bitmap_format = 0,
#if LVGL_VERSION_MAJOR == 8
    .cache = &cache
#endif
};



/*-----------------
 *  PUBLIC FONT
 *----------------*/

/*Initialize a public general font descriptor*/
#if LVGL_VERSION_MAJOR >= 8
const lv_font_t lv_font_alimama_29 = {
#else
lv_font_t lv_font_alimama_29 = {
#endif
    .get_glyph_dsc = lv_font_get_glyph_dsc_fmt_txt,    /*Function pointer to get glyph's data*/
    .get_glyph_bitmap = lv_font_get_bitmap_fmt_txt,    /*Function pointer to get glyph's bitmap*/
    .line_height = 29,          /*The maximum line height required by the font*/
    .base_line = 4,             /*Baseline measured from the bottom of the line*/
#if !(LVGL_VERSION_MAJOR == 6 && LVGL_VERSION_MINOR == 0)
    .subpx = LV_FONT_SUBPX_NONE,
#endif
#if LV_VERSION_CHECK(7, 4, 0) || LVGL_VERSION_MAJOR >= 8
    .underline_position = -3,
    .underline_thickness = 1,
#endif
    .dsc = &font_dsc,          /*The custom font data. Will be accessed by `get_glyph_bitmap/dsc` */
#if LV_VERSION_CHECK(8, 2, 0) || LVGL_VERSION_MAJOR >= 9
    .fallback = NULL,
#endif
    .user_data = NULL,
};



#endif /*#if LV_FONT_ALIMAMA_29*/

